video_id,upload_date,party,actor_type,account_slug,account_name,channel_id_expected,channel_id_observed,playlist_index,format,title,description,duration_seconds,view_count,like_count,comment_count,is_live_content,playability_status,source_url,retrieved_at_utc,error,title_norm,opponent_reference,own_reference,negative_marker,attack_signal,mobilization_signal,policy_signal,personal_signal,endorsement_signal,humor_signal,first_person_signal,day_index,week_start,like_rate,comment_rate,log_views,logit_like_rate
f6hcPwHIGc0,2024-07-23,Democratic,candidate,harris,Kamala Harris,UC0XBsJpPhOLg0k4x9ZwrWzw,UC0XBsJpPhOLg0k4x9ZwrWzw,178,YouTube Shorts,Vice President Kamala Harris Knows Donald Trump’s Type | Harris 2024,"Before I became vice president and before I was elected as U.S. senator, I was the attorney general of California. Before that, I was a prosecutor who took on predators, fraudsters, and cheaters.

So I know Donald Trump’s type. 

In this campaign, I will put my record against his.",47,215179,10575,1600.0,False,UNPLAYABLE,https://www.youtube.com/watch?v=f6hcPwHIGc0,2026-08-24T15:52:38+00:00,,vice president kamala harris knows donald trump's type | harris 2024,1,1,0,0,0,0,0,0,0,0,2,2024-07-22,0.04914513033335037,0.007435669837670033,12.2792301661479,-2.962538842272064
znewO-GkNCs,2024-07-24,Democratic,candidate,harris,Kamala Harris,UC0XBsJpPhOLg0k4x9ZwrWzw,UC0XBsJpPhOLg0k4x9ZwrWzw,177,YouTube Shorts,Vice President Kamala Harris Trusts Women | Harris 2024,"We who believe in reproductive freedom will stop Donald Trump's extreme abortion bans—because we trust women to make decisions about their bodies.

When Congress passes a law to restore reproductive freedoms, as president, I will sign it into law.

--------------------------------------
Follow Kamala!

Kamala's Twitter: https://twitter.com/KamalaHarris
Kamala's Facebook: https://www.facebook.com/KamalaHarris
Kamala’s Instagram: https://www.instagram.com/KamalaHarris  
Kamala's Threads: https://www.threads.net/@kamalaharris

#KamalaHarris #Harris2024 #shorts",43,306837,12505,2200.0,False,UNPLAYABLE,https://www.youtube.com/watch?v=znewO-GkNCs,2026-08-24T15:52:38+00:00,,vice president kamala harris trusts women | harris 2024,0,1,0,0,0,0,0,0,0,0,3,2024-07-22,0.04075453742540828,0.007169930614626007,12.634075199996978,-3.1585415331381235
qGd4-MKK5_s,2024-07-24,Republican,party,rnc,GOP,UC3o7kbpTUQ5-0WTMIp8sVwA,UC3o7kbpTUQ5-0WTMIp8sVwA,214,YouTube Shorts,Kamala Harris ranked #1 most liberal!,Kamala Harris ranked #1 most liberal!,24,6491,144,18.0,False,UNPLAYABLE,https://www.youtube.com/watch?v=qGd4-MKK5_s,2026-08-24T15:50:26+00:00,,kamala harris ranked #1 most liberal!,1,0,1,1,0,0,0,0,0,0,3,2024-07-22,0.022184563241411184,0.002773070405176398,8.778325928634482,-3.782536806026347
iwEqKl4TW94,2024-07-25,Republican,party,rnc,GOP,UC3o7kbpTUQ5-0WTMIp8sVwA,UC3o7kbpTUQ5-0WTMIp8sVwA,213,YouTube Shorts,Border Czar Kamala Harris has overseen the worst border crisis in U.S. history.,Border Czar Kamala Harris has been lying to the American people. She has overseen the worst border crisis in U.S. history.,25,545,58,12.0,False,UNPLAYABLE,https://www.youtube.com/watch?v=iwEqKl4TW94,2026-08-24T15:50:25+00:00,,border czar kamala harris has overseen the worst border crisis in u.s. history.,1,0,1,1,0,1,0,0,0,0,4,2024-07-22,0.10642201834862386,0.022018348623853212,6.302618975744905,-2.120263536200091
G99ErF3z5bg,2024-07-26,Republican,party,rnc,GOP,UC3o7kbpTUQ5-0WTMIp8sVwA,UC3o7kbpTUQ5-0WTMIp8sVwA,209,YouTube Shorts,President Trump will restore the American Dream!,,36,5193,266,13.0,False,UNPLAYABLE,https://www.youtube.com/watch?v=G99ErF3z5bg,2026-08-24T15:50:23+00:00,,president trump will restore the american dream!,0,1,0,0,0,0,0,0,0,0,5,2024-07-22,0.05122279992297323,0.002503369921047564,8.555259392222693,-2.917212795420976
UHYecEi6L7E,2024-07-26,Republican,party,rnc,GOP,UC3o7kbpTUQ5-0WTMIp8sVwA,UC3o7kbpTUQ5-0WTMIp8sVwA,211,YouTube Shorts,"Prices are up, real wages are down, and Americans are hurting.","Prices are up, real wages are down, and Americans are hurting. ""Bidenomics"" did not work, and Harris owns it.",26,1832,85,7.0,False,UNPLAYABLE,https://www.youtube.com/watch?v=UHYecEi6L7E,2026-08-24T15:50:24+00:00,,"prices are up, real wages are down, and americans are hurting.",0,0,0,0,0,1,0,0,0,0,5,2024-07-22,0.04639737991266375,0.003820960698689956,7.513709247839705,-3.017425098165251
tw2Tr_bGE0I,2024-07-26,Republican,party,rnc,GOP,UC3o7kbpTUQ5-0WTMIp8sVwA,UC3o7kbpTUQ5-0WTMIp8sVwA,210,YouTube Shorts,President Trump greets Prime Minister Netanyahu at Mar-a-Lago,,22,12266,486,36.0,False,UNPLAYABLE,https://www.youtube.com/watch?v=tw2Tr_bGE0I,2026-08-24T15:50:31+00:00,,president trump greets prime minister netanyahu at mar-a-lago,0,1,0,0,0,0,0,0,0,0,5,2024-07-22,0.0396217185716615,0.0029349421164193705,9.414668009032752,-3.186963999500494
ty9KYFmz3aA,2024-07-26,Republican,party,rnc,GOP,UC3o7kbpTUQ5-0WTMIp8sVwA,UC3o7kbpTUQ5-0WTMIp8sVwA,212,YouTube Shorts,Kamala Harris can't be trusted!,Kamala Harris can't be trusted!,35,590,151,12.0,False,UNPLAYABLE,https://www.youtube.com/watch?v=ty9KYFmz3aA,2026-08-24T15:50:25+00:00,,kamala harris can't be trusted!,1,0,1,1,0,0,0,0,0,0,5,2024-07-22,0.2559322033898305,0.020338983050847456,6.3818160174060985,-1.0650520921758078
GHYnG-YD7pE,2024-07-27,Republican,party,rnc,GOP,UC3o7kbpTUQ5-0WTMIp8sVwA,UC3o7kbpTUQ5-0WTMIp8sVwA,208,YouTube Shorts,Kamala Harris cannot be trusted.,Harris LIED and knowingly covered up Biden's obvious cognitive decline! She cannot be trusted.,41,779,120,11.0,False,UNPLAYABLE,https://www.youtube.com/watch?v=GHYnG-YD7pE,2026-08-24T15:50:24+00:00,,kamala harris cannot be trusted.,1,0,1,1,0,0,0,0,0,0,6,2024-07-22,0.1540436456996149,0.014120667522464698,6.659293919683638,-1.6998322192266595
afaEW6En3Tk,2024-07-27,Republican,party,rnc,GOP,UC3o7kbpTUQ5-0WTMIp8sVwA,UC3o7kbpTUQ5-0WTMIp8sVwA,207,YouTube Shorts,Democrats are not the party of democracy.,,29,2312,187,12.0,False,UNPLAYABLE,https://www.youtube.com/watch?v=afaEW6En3Tk,2026-08-24T15:50:24+00:00,,democrats are not the party of democracy.,1,0,0,0,0,1,0,0,0,0,6,2024-07-22,0.08088235294117647,0.005190311418685121,7.746300662231439,-2.427983502388379
bjw8fvzOYGs,2024-07-28,Republican,party,rnc,GOP,UC3o7kbpTUQ5-0WTMIp8sVwA,UC3o7kbpTUQ5-0WTMIp8sVwA,206,YouTube Shorts,President Trump took a bullet for democracy!,,17,765,177,5.0,False,UNPLAYABLE,https://www.youtube.com/watch?v=bjw8fvzOYGs,2026-08-24T15:50:21+00:00,,president trump took a bullet for democracy!,0,1,0,0,0,1,0,0,0,0,7,2024-07-22,0.23137254901960785,0.006535947712418301,6.641182169740591,-1.198606317784861
3wk3QevWIEM,2024-07-29,Republican,party,rnc,GOP,UC3o7kbpTUQ5-0WTMIp8sVwA,UC3o7kbpTUQ5-0WTMIp8sVwA,205,YouTube Shorts,Kamala Harris doesn't respect young voters.,"Kamala Harris doesn't respect young voters. 

In her words, she thinks ""they are stupid.""",15,15421,378,59.0,False,UNPLAYABLE,https://www.youtube.com/watch?v=3wk3QevWIEM,2026-08-24T15:50:25+00:00,,kamala harris doesn't respect young voters.,1,0,1,1,0,0,0,0,0,0,8,2024-07-29,0.02451202905129369,0.0038259516244082744,9.643550340392906,-3.682485210318869
9vjupC15wPM,2024-07-29,Republican,party,rnc,GOP,UC3o7kbpTUQ5-0WTMIp8sVwA,UC3o7kbpTUQ5-0WTMIp8sVwA,204,YouTube Shorts,Kamala Harris is dangerously liberal.,Kamala Harris is dangerously liberal.,23,9041,366,34.0,False,UNPLAYABLE,https://www.youtube.com/watch?v=9vjupC15wPM,2026-08-24T15:50:21+00:00,,kamala harris is dangerously liberal.,1,0,1,1,0,0,0,0,0,0,8,2024-07-29,0.04048224753898905,0.0037606459462448845,9.109635667854551,-3.1642597187150203
MmCS1tIe01k,2024-07-30,Republican,party,rnc,GOP,UC3o7kbpTUQ5-0WTMIp8sVwA,UC3o7kbpTUQ5-0WTMIp8sVwA,202,YouTube Shorts,"Kamala and Democrats have only ""delivered"" more hardship for the American people.","Kamala and Democrats have only ""delivered"" more hardship for the American people.",25,564,88,13.0,False,UNPLAYABLE,https://www.youtube.com/watch?v=MmCS1tIe01k,2026-08-24T15:50:25+00:00,,"kamala and democrats have only ""delivered"" more hardship for the american people.",1,0,1,1,0,0,0,0,0,0,9,2024-07-29,0.15602836879432624,0.02304964539007092,6.336825731146441,-1.683465171080373
dAcr5YggN2g,2024-07-30,Republican,party,rnc,GOP,UC3o7kbpTUQ5-0WTMIp8sVwA,UC3o7kbpTUQ5-0WTMIp8sVwA,203,YouTube Shorts,Kamala is dangerously liberal,"Don't be fooled. Kamala Harris is a radical. 

She is dangerously liberal.",15,6752,176,36.0,False,UNPLAYABLE,https://www.youtube.com/watch?v=dAcr5YggN2g,2026-08-24T15:50:20+00:00,,kamala is dangerously liberal,1,0,1,1,0,0,0,0,0,0,9,2024-07-29,0.026066350710900472,0.00533175355450237,8.817742129574842,-3.617937091535482
3RnKbtm9Tz4,2024-07-31,Republican,party,rnc,GOP,UC3o7kbpTUQ5-0WTMIp8sVwA,UC3o7kbpTUQ5-0WTMIp8sVwA,201,YouTube Shorts,Kamala is lying to you.,"Kamala is lying to you. 

On her watch, the tax burden has been raised on Americans making as little as $20,000.",26,659,115,8.0,False,UNPLAYABLE,https://www.youtube.com/watch?v=3RnKbtm9Tz4,2026-08-24T15:50:19+00:00,,kamala is lying to you.,1,0,1,1,0,0,0,0,0,0,10,2024-07-29,0.17450682852807284,0.012139605462822459,6.492239835020471,-1.550597412411167
Q1vFx41kgxo,2024-07-31,Republican,party,rnc,GOP,UC3o7kbpTUQ5-0WTMIp8sVwA,UC3o7kbpTUQ5-0WTMIp8sVwA,200,YouTube Shorts,Kamala Harris urged the Senate to reject additional Border Patrol Agents,"Kamala Harris continues to lie to the American people.

When President Trump requested additional Border Patrol Agents, Kamala Harris urged the Senate to reject his request.",20,461,53,5.0,False,UNPLAYABLE,https://www.youtube.com/watch?v=Q1vFx41kgxo,2026-08-24T15:50:20+00:00,,kamala harris urged the senate to reject additional border patrol agents,1,0,0,0,0,1,0,0,0,0,10,2024-07-29,0.11496746203904555,0.010845986984815618,6.135564891081739,-2.032810260398097
nNXY6ju7v_Q,2024-08-01,Republican,party,rnc,GOP,UC3o7kbpTUQ5-0WTMIp8sVwA,UC3o7kbpTUQ5-0WTMIp8sVwA,199,YouTube Shorts,"FACT CHECK: Under Harris-Biden, Americans have faced lower wages and skyrocketing inflation.","FACT CHECK: Under Harris-Biden, Americans have faced lower wages and skyrocketing inflation.",20,711,121,8.0,False,UNPLAYABLE,https://www.youtube.com/watch?v=nNXY6ju7v_Q,2026-08-24T15:50:25+00:00,,"fact check: under harris-biden, americans have faced lower wages and skyrocketing inflation.",1,0,1,1,0,1,0,0,0,0,11,2024-07-29,0.170182841068917,0.011251758087201125,6.568077911411976,-1.581055372856814
aKkESx8Qfp0,2024-08-02,Republican,party,rnc,GOP,UC3o7kbpTUQ5-0WTMIp8sVwA,UC3o7kbpTUQ5-0WTMIp8sVwA,198,YouTube Shorts,President Trump will protect Medicare and Social Security. Kamala is lying to you!,President Trump will protect Medicare and Social Security. Kamala is lying to you!,20,803,120,18.0,False,UNPLAYABLE,https://www.youtube.com/watch?v=aKkESx8Qfp0,2026-08-24T15:50:19+00:00,,president trump will protect medicare and social security. kamala is lying to you!,1,1,1,1,0,1,0,0,0,0,12,2024-07-29,0.149439601494396,0.0224159402241594,6.6895992691789665,-1.7355769032332946
WXqFZF73vsc,2024-08-04,Republican,party,rnc,GOP,UC3o7kbpTUQ5-0WTMIp8sVwA,UC3o7kbpTUQ5-0WTMIp8sVwA,197,YouTube Shorts,USA USA USA!🇺🇸,USA USA USA!🇺🇸,28,831,100,2.0,False,UNPLAYABLE,https://www.youtube.com/watch?v=WXqFZF73vsc,2026-08-24T15:50:19+00:00,,usa usa usa!🇺🇸,0,0,0,0,0,0,0,0,0,0,14,2024-07-29,0.12033694344163658,0.0024067388688327317,6.723832440821209,-1.9849394929610487
__4Fj7DrM8Y,2024-08-06,Democratic,candidate,harris,Kamala Harris,UC0XBsJpPhOLg0k4x9ZwrWzw,UC0XBsJpPhOLg0k4x9ZwrWzw,176,YouTube Shorts,"Let’s compare @Tim_Walz’s resume to that of Trump’s running mate, shall we? | Harris 2024","--------------------------------------
Follow Kamala!

Kamala's Twitter: https://twitter.com/KamalaHarris
Kamala's Facebook: https://www.facebook.com/KamalaHarris
Kamala’s Instagram: https://www.instagram.com/KamalaHarris  
Kamala's Threads: https://www.threads.net/@kamalaharris

#KamalaHarris #Harris2024",39,1063868,20611,2200.0,False,UNPLAYABLE,https://www.youtube.com/watch?v=__4Fj7DrM8Y,2026-08-24T15:52:38+00:00,,"let's compare @tim_walz's resume to that of trump's running mate, shall we? | harris 2024",1,1,0,0,0,0,0,0,0,1,16,2024-08-05,0.019373644098703974,0.0020679257201081337,13.877422821003048,-3.924254136060629
PIV6LEa7L_M,2024-08-06,Republican,party,rnc,GOP,UC3o7kbpTUQ5-0WTMIp8sVwA,UC3o7kbpTUQ5-0WTMIp8sVwA,195,YouTube Shorts,"""Radical"" Kamala 🤝 Socialist Walz","""Radical"" Kamala 🤝 Socialist Walz",17,2717,93,11.0,False,UNPLAYABLE,https://www.youtube.com/watch?v=PIV6LEa7L_M,2026-08-24T15:50:16+00:00,,"""radical"" kamala 🤝 socialist walz",1,0,1,1,0,0,0,0,0,0,16,2024-08-05,0.03422892896577107,0.004048582995951417,7.907651594711089,-3.3346842443977134
YKJbeeRmZ2M,2024-08-06,Republican,party,rnc,GOP,UC3o7kbpTUQ5-0WTMIp8sVwA,UC3o7kbpTUQ5-0WTMIp8sVwA,196,YouTube Shorts,Dangerously liberal Harris and Walz support “sanctuary” cities that protect criminal illegal aliens,Dangerously liberal Kamala Harris and Tim Walz support “sanctuary” cities that protect criminal illegal aliens,22,2592,63,9.0,False,UNPLAYABLE,https://www.youtube.com/watch?v=YKJbeeRmZ2M,2026-08-24T15:50:17+00:00,,dangerously liberal harris and walz support “sanctuary” cities that protect criminal illegal aliens,1,0,1,1,0,0,0,1,0,0,16,2024-08-05,0.024305555555555556,0.003472222222222222,7.860570785538664,-3.6847370278333447
Dj69tvtSNn8,2024-08-07,Republican,party,rnc,GOP,UC3o7kbpTUQ5-0WTMIp8sVwA,UC3o7kbpTUQ5-0WTMIp8sVwA,193,YouTube Shorts,"Tim Walz was asked by his country to go to Iraq, he dropped out","""When the US Marine Corps asked me to go to Iraq to serve my country, I did it...When Tim Walz was asked by his country to go to Iraq, he dropped out."" - JD Vance",28,2194,119,19.0,False,UNPLAYABLE,https://www.youtube.com/watch?v=Dj69tvtSNn8,2026-08-24T15:50:15+00:00,,"tim walz was asked by his country to go to iraq, he dropped out",1,0,0,0,0,0,0,0,0,0,17,2024-08-05,0.05423883318140383,0.008659981768459436,7.693937325509272,-2.854640996121528
cpLFLOpLZsE,2024-08-07,Republican,party,rnc,GOP,UC3o7kbpTUQ5-0WTMIp8sVwA,UC3o7kbpTUQ5-0WTMIp8sVwA,192,YouTube Shorts,"Even CNN called it ""absolutely false"" that Tim Walz ""carried"" weapons ""in war.""","Even CNN called it ""absolutely false"" that Tim Walz ""carried"" weapons ""in war.""",26,969,86,6.0,False,UNPLAYABLE,https://www.youtube.com/watch?v=cpLFLOpLZsE,2026-08-24T15:50:15+00:00,,"even cnn called it ""absolutely false"" that tim walz ""carried"" weapons ""in war.""",1,0,0,0,0,0,0,0,0,0,17,2024-08-05,0.08875128998968008,0.006191950464396285,6.877296071497429,-2.3237468778219177
exe4VycgsBM,2024-08-07,Republican,party,rnc,GOP,UC3o7kbpTUQ5-0WTMIp8sVwA,UC3o7kbpTUQ5-0WTMIp8sVwA,194,YouTube Shorts,JD Vance Speaks to Reporters Since Kamala Won't,,29,8973,174,32.0,False,UNPLAYABLE,https://www.youtube.com/watch?v=exe4VycgsBM,2026-08-24T15:50:19+00:00,,jd vance speaks to reporters since kamala won't,1,1,1,1,0,0,0,0,0,0,17,2024-08-05,0.019391507856904047,0.0035662543185110886,9.102086786535928,-3.920525439027784
A-k90HFEk0Y,2024-08-08,Republican,party,rnc,GOP,UC3o7kbpTUQ5-0WTMIp8sVwA,UC3o7kbpTUQ5-0WTMIp8sVwA,189,YouTube Shorts,"President Trump: ""'Sanctuary cities' is a way of protecting criminals.”","President Trump: “We should not have 'sanctuary cities.' 'Sanctuary cities' is a way of protecting criminals.”

Kamala Harris: “I support our 'sanctuary' law.”",15,11558,711,79.0,False,UNPLAYABLE,https://www.youtube.com/watch?v=A-k90HFEk0Y,2026-08-24T15:50:14+00:00,,"president trump: ""'sanctuary cities' is a way of protecting criminals.”",0,1,1,0,0,1,0,0,0,0,18,2024-08-05,0.06151583318913307,0.006835092576570341,9.355219633294267,-2.7243145001425986
DhLx9XCLqbk,2024-08-08,Republican,party,rnc,GOP,UC3o7kbpTUQ5-0WTMIp8sVwA,UC3o7kbpTUQ5-0WTMIp8sVwA,190,YouTube Shorts,President Trump will unleash American energy and Make America Energy Dominant Again!,"Kamala co-sponsored the radical Green New Deal that would destroy American energy production and cost $93 trillion. 

President Trump will unleash American energy and Make America Energy Dominant Again!",22,684,83,7.0,False,UNPLAYABLE,https://www.youtube.com/watch?v=DhLx9XCLqbk,2026-08-24T15:50:20+00:00,,president trump will unleash american energy and make america energy dominant again!,0,1,0,0,0,1,0,0,0,0,18,2024-08-05,0.12134502923976608,0.01023391812865497,6.529418838262226,-1.974579903557924
w6PAVDSgK1I,2024-08-08,Republican,party,rnc,GOP,UC3o7kbpTUQ5-0WTMIp8sVwA,UC3o7kbpTUQ5-0WTMIp8sVwA,191,YouTube Shorts,Tim Walz lies.,Tim Walz lies.,18,714,93,11.0,False,UNPLAYABLE,https://www.youtube.com/watch?v=w6PAVDSgK1I,2026-08-24T15:50:14+00:00,,tim walz lies.,1,0,1,1,0,0,0,0,0,0,18,2024-08-05,0.13025210084033614,0.015406162464985995,6.5722825426940075,-1.8941744746561244
ZzYODSPTw64,2024-08-09,Republican,party,rnc,GOP,UC3o7kbpTUQ5-0WTMIp8sVwA,UC3o7kbpTUQ5-0WTMIp8sVwA,188,YouTube Shorts,President Trump: We will Make American Safe Again by enforcing our border laws.,"Kamala Harris: ""An undocumented immigrant is not a criminal."" 

President Trump: We will Make American Safe Again by enforcing our border laws.",31,822,114,16.0,False,UNPLAYABLE,https://www.youtube.com/watch?v=ZzYODSPTw64,2026-08-24T15:50:13+00:00,,president trump: we will make american safe again by enforcing our border laws.,0,1,0,0,0,1,0,0,0,1,19,2024-08-05,0.1386861313868613,0.019464720194647202,6.71295620067707,-1.8225752361364407
2xNOfbESr4k,2024-08-12,Republican,party,rnc,GOP,UC3o7kbpTUQ5-0WTMIp8sVwA,UC3o7kbpTUQ5-0WTMIp8sVwA,187,YouTube Shorts,Harris has been in office for over 3.5 years. She has only raised prices on the American people!,Kamala Harris has been in office for over 3.5 years. She has only raised prices on the American people!,22,599,73,10.0,False,UNPLAYABLE,https://www.youtube.com/watch?v=2xNOfbESr4k,2026-08-24T15:50:12+00:00,,harris has been in office for over 3.5 years. she has only raised prices on the american people!,1,0,0,0,0,1,0,0,0,0,22,2024-08-12,0.12186978297161936,0.01669449081803005,6.396929655216146,-1.9689659253552392
DLlbM0G4914,2024-08-13,Republican,party,rnc,GOP,UC3o7kbpTUQ5-0WTMIp8sVwA,UC3o7kbpTUQ5-0WTMIp8sVwA,186,YouTube Shorts,The only thing Kamala has been consistent about is lying.,"Kamala Harris cannot hide from her record on the border.

The only thing Kamala has been consistent about is lying.",24,577,89,6.0,False,UNPLAYABLE,https://www.youtube.com/watch?v=DLlbM0G4914,2026-08-24T15:50:14+00:00,,the only thing kamala has been consistent about is lying.,1,0,1,1,0,0,0,0,0,0,23,2024-08-12,0.15424610051993068,0.010398613518197574,6.359573868672378,-1.6971008462020276
P-bF3COlLS4,2024-08-14,Republican,party,rnc,GOP,UC3o7kbpTUQ5-0WTMIp8sVwA,UC3o7kbpTUQ5-0WTMIp8sVwA,184,YouTube Shorts,"""‘Day One’ for Kamala was 3 and a half years ago.”","“Kamala has declared that tackling inflation will be a ‘Day One priority’… but ‘Day One’ for Kamala was 3 and a half years ago.”

-President Trump",20,10446,678,85.0,False,UNPLAYABLE,https://www.youtube.com/watch?v=P-bF3COlLS4,2026-08-24T15:50:11+00:00,,"""‘day one' for kamala was 3 and a half years ago.”",1,0,0,0,0,0,0,0,0,0,24,2024-08-12,0.06490522688110281,0.00813708596591997,9.254070134837509,-2.6670337227567664
ob0O45yeFnc,2024-08-14,Republican,party,rnc,GOP,UC3o7kbpTUQ5-0WTMIp8sVwA,UC3o7kbpTUQ5-0WTMIp8sVwA,185,YouTube Shorts,Prices are up over 20% and families are falling behind under Harris-Biden.,"Prices are up over 20% and families are falling behind under Harris-Biden.

Things would only get worse with her at the helm",25,529,61,9.0,False,UNPLAYABLE,https://www.youtube.com/watch?v=ob0O45yeFnc,2026-08-24T15:50:12+00:00,,prices are up over 20% and families are falling behind under harris-biden.,1,0,0,0,0,1,1,0,0,0,24,2024-08-12,0.11531190926275993,0.017013232514177693,6.272877006546167,-2.030498926866005
lmPFSH81zLQ,2024-08-15,Republican,party,rnc,GOP,UC3o7kbpTUQ5-0WTMIp8sVwA,UC3o7kbpTUQ5-0WTMIp8sVwA,183,YouTube Shorts,Kamala Harris has  been the architect for skyrocketing inflation from the beginning.,Kamala Harris has been in office for over 3.5 years and she has been the architect for skyrocketing inflation from the beginning.,20,594,79,5.0,False,UNPLAYABLE,https://www.youtube.com/watch?v=lmPFSH81zLQ,2026-08-24T15:50:10+00:00,,kamala harris has  been the architect for skyrocketing inflation from the beginning.,1,0,1,1,0,0,0,0,0,0,25,2024-08-12,0.132996632996633,0.008417508417508417,6.38856140554563,-1.8693802817967284
6lXCtni9CaA,2024-08-16,Republican,party,rnc,GOP,UC3o7kbpTUQ5-0WTMIp8sVwA,UC3o7kbpTUQ5-0WTMIp8sVwA,181,YouTube Shorts,"""But Day One, really, for Kamala was three and a half years ago.""",,18,4198,232,69.0,False,UNPLAYABLE,https://www.youtube.com/watch?v=6lXCtni9CaA,2026-08-24T15:50:10+00:00,,"""but day one, really, for kamala was three and a half years ago.""",1,0,0,0,0,0,0,0,0,0,26,2024-08-12,0.055264411624583135,0.01643639828489757,8.342601680684194,-2.8367491477146465
POQYWfHk-TU,2024-08-16,Republican,party,rnc,GOP,UC3o7kbpTUQ5-0WTMIp8sVwA,UC3o7kbpTUQ5-0WTMIp8sVwA,182,YouTube Shorts,“This announcement is an admission that her economic policies have totally failed.”,,18,1953,120,21.0,False,UNPLAYABLE,https://www.youtube.com/watch?v=POQYWfHk-TU,2026-08-24T15:50:16+00:00,,“this announcement is an admission that her economic policies have totally failed.”,0,0,1,0,0,1,0,0,0,0,26,2024-08-12,0.06144393241167435,0.010752688172043012,7.577633832602728,-2.722332234580671
Wq3hWEgfhfM,2024-08-18,Republican,party,rnc,GOP,UC3o7kbpTUQ5-0WTMIp8sVwA,UC3o7kbpTUQ5-0WTMIp8sVwA,180,YouTube Shorts,Under President Trump America will lead the way!,Under President Trump America will lead the way!,37,3190,184,49.0,False,UNPLAYABLE,https://www.youtube.com/watch?v=Wq3hWEgfhfM,2026-08-24T15:50:08+00:00,,under president trump america will lead the way!,0,1,0,0,0,0,0,0,0,0,28,2024-08-12,0.05768025078369906,0.015360501567398118,8.068089626278244,-2.7908824269990413
iyxa3eCv44U,2024-08-20,Democratic,party,dnc,The Democrats,UClkO4MArT2WKWj32YDD_-Ew,UClkO4MArT2WKWj32YDD_-Ew,769,YouTube Shorts,Secretary Hillary Clinton at the 2024 Democratic National Convention,,34,11344,316,98.0,False,UNPLAYABLE,https://www.youtube.com/watch?v=iyxa3eCv44U,2026-08-24T15:48:09+00:00,,secretary hillary clinton at the 2024 democratic national convention,0,0,0,0,0,0,0,0,0,0,30,2024-08-19,0.02785613540197461,0.008638928067700988,9.336532397213942,-3.5509148686684116
cqBFQyAiz7s,2024-08-20,Republican,party,rnc,GOP,UC3o7kbpTUQ5-0WTMIp8sVwA,UC3o7kbpTUQ5-0WTMIp8sVwA,178,YouTube Shorts,The Harris-Biden administration have left our border wide open and put Americans at risk!,The Harris-Biden administration have left our border wide open and put Americans at risk!,20,573,88,7.0,False,UNPLAYABLE,https://www.youtube.com/watch?v=cqBFQyAiz7s,2026-08-24T15:50:07+00:00,,the harris-biden administration have left our border wide open and put americans at risk!,1,0,0,0,0,1,0,0,0,1,30,2024-08-19,0.15357766143106458,0.012216404886561954,6.352629396319567,-1.7021767357174957
rGnHLxw6Tzs,2024-08-20,Republican,party,rnc,GOP,UC3o7kbpTUQ5-0WTMIp8sVwA,UC3o7kbpTUQ5-0WTMIp8sVwA,177,YouTube Shorts,VOTE TRUMP FOR NO TAX ON SOCIAL SECURITY!,VOTE TRUMP FOR NO TAX ON SOCIAL SECURITY!,18,2935,248,38.0,False,UNPLAYABLE,https://www.youtube.com/watch?v=rGnHLxw6Tzs,2026-08-24T15:50:07+00:00,,vote trump for no tax on social security!,0,1,0,0,1,1,0,0,0,0,30,2024-08-19,0.08449744463373084,0.012947189097103918,7.984803389734406,-2.380923826899235
xj5mgER47RI,2024-08-20,Republican,party,rnc,GOP,UC3o7kbpTUQ5-0WTMIp8sVwA,UC3o7kbpTUQ5-0WTMIp8sVwA,179,YouTube Shorts,Tim Walz let rioters burn Minneapolis to the ground!,"""The closest Tim Walz has ever come to combat is when he let rioters burn Minneapolis to the ground.""",15,629,81,22.0,False,UNPLAYABLE,https://www.youtube.com/watch?v=xj5mgER47RI,2026-08-24T15:50:15+00:00,,tim walz let rioters burn minneapolis to the ground!,1,0,0,0,0,0,0,0,0,0,30,2024-08-19,0.1287758346581876,0.034976152623211444,6.4457198193855785,-1.9065842594684679
-U3fvlYkQa4,2024-08-20,Republican,candidate,trump,Donald J Trump,UCAql2DyGU2un1Ei2nMYsqOA,UCAql2DyGU2un1Ei2nMYsqOA,33,YouTube Shorts,THE FUTURE IS AT STAKE,,21,302721,30296,4400.0,False,UNPLAYABLE,https://www.youtube.com/watch?v=-U3fvlYkQa4,2026-08-24T15:53:05+00:00,,the future is at stake,0,0,0,0,0,0,0,0,0,0,30,2024-08-19,0.10007895058486196,0.014534835706805936,12.620570171589154,-2.1963329879366027
YxEOy5VJ53w,2024-08-21,Republican,party,rnc,GOP,UC3o7kbpTUQ5-0WTMIp8sVwA,UC3o7kbpTUQ5-0WTMIp8sVwA,176,YouTube Shorts,Kamala has had over 3.5 years to help the American people. She fueled inflation instead.,"Kamala has had over 3.5 years to help the American people. She fueled inflation instead.

On November 5th, we will FIRE Kamala!",32,613,89,9.0,False,UNPLAYABLE,https://www.youtube.com/watch?v=YxEOy5VJ53w,2026-08-24T15:50:15+00:00,,kamala has had over 3.5 years to help the american people. she fueled inflation instead.,1,0,1,1,0,0,0,0,0,0,31,2024-08-19,0.14518760195758565,0.01468189233278956,6.419994928147142,-1.7682068025555422
i3L7qINAQhU,2024-08-21,Republican,party,rnc,GOP,UC3o7kbpTUQ5-0WTMIp8sVwA,UC3o7kbpTUQ5-0WTMIp8sVwA,175,YouTube Shorts,Kamala Harris was the last person in the room.,"Kamala Harris was the last person in the room for the ""single most embarrassing day in the history of our country.""",14,16639,787,170.0,False,UNPLAYABLE,https://www.youtube.com/watch?v=i3L7qINAQhU,2026-08-24T15:50:06+00:00,,kamala harris was the last person in the room.,1,0,0,0,0,0,0,0,0,0,31,2024-08-19,0.04729851553578941,0.0102169601538554,9.719564714375199,-3.0022191248743986
wlGAdczPIdQ,2024-08-21,Republican,party,rnc,GOP,UC3o7kbpTUQ5-0WTMIp8sVwA,UC3o7kbpTUQ5-0WTMIp8sVwA,174,YouTube Shorts,Stolen Valor Tim Walz!,,59,503,78,8.0,False,UNPLAYABLE,https://www.youtube.com/watch?v=wlGAdczPIdQ,2026-08-24T15:50:06+00:00,,stolen valor tim walz!,1,0,0,0,0,0,0,0,0,0,31,2024-08-19,0.1550695825049702,0.015904572564612324,6.222576268071369,-1.690166323225066
0lvlT1mM4Es,2024-08-22,Republican,party,rnc,GOP,UC3o7kbpTUQ5-0WTMIp8sVwA,UC3o7kbpTUQ5-0WTMIp8sVwA,171,YouTube Shorts,Kamala Harris would repeal President Trump's middle-class tax cuts!,Kamala Harris would repeal President Trump's middle-class tax cuts!,22,1373,67,12.0,False,UNPLAYABLE,https://www.youtube.com/watch?v=0lvlT1mM4Es,2026-08-24T15:50:04+00:00,,kamala harris would repeal president trump's middle-class tax cuts!,1,1,0,0,0,1,0,0,0,0,32,2024-08-19,0.04879825200291333,0.00873998543335761,7.2254814727822945,-2.962979487082183
8-k6GRIj-Jc,2024-08-22,Republican,party,rnc,GOP,UC3o7kbpTUQ5-0WTMIp8sVwA,UC3o7kbpTUQ5-0WTMIp8sVwA,170,YouTube Shorts,Kamala lies!,Kamala lies!,20,698,105,12.0,False,UNPLAYABLE,https://www.youtube.com/watch?v=8-k6GRIj-Jc,2026-08-24T15:50:04+00:00,,kamala lies!,1,0,1,1,0,0,0,0,0,0,32,2024-08-19,0.1504297994269341,0.017191977077363897,6.54965074223381,-1.7273262611336015
Wtu81nx01bI,2024-08-22,Republican,party,rnc,GOP,UC3o7kbpTUQ5-0WTMIp8sVwA,UC3o7kbpTUQ5-0WTMIp8sVwA,173,YouTube Shorts,Latino Americans are being left behind by Kamala Harris!,,35,739,45,3.0,False,UNPLAYABLE,https://www.youtube.com/watch?v=Wtu81nx01bI,2026-08-24T15:50:05+00:00,,latino americans are being left behind by kamala harris!,1,0,0,0,0,0,0,0,0,0,32,2024-08-19,0.06089309878213803,0.0040595399188092015,6.606650186198215,-2.725479836237494
iJ0KxyUgGHY,2024-08-22,Republican,party,rnc,GOP,UC3o7kbpTUQ5-0WTMIp8sVwA,UC3o7kbpTUQ5-0WTMIp8sVwA,172,YouTube Shorts,Kamala Harris would destroy Pennsylvania by banning fracking!,Kamala Harris would destroy Pennsylvania by banning fracking and ruin our country even more so than she already has!,13,3046,160,19.0,False,UNPLAYABLE,https://www.youtube.com/watch?v=iJ0KxyUgGHY,2026-08-24T15:50:11+00:00,,kamala harris would destroy pennsylvania by banning fracking!,1,0,1,1,0,1,0,0,0,0,32,2024-08-19,0.05252790544977019,0.00623768877216021,8.021912778985708,-2.889506031930918
D9Ltln7uqIM,2024-08-23,Democratic,candidate,harris,Kamala Harris,UC0XBsJpPhOLg0k4x9ZwrWzw,UC0XBsJpPhOLg0k4x9ZwrWzw,175,YouTube Shorts,Kamala Harris accepts the nomination for President of the United States | Harris-Walz 2024,,18,98250,6175,886.0,False,UNPLAYABLE,https://www.youtube.com/watch?v=D9Ltln7uqIM,2026-08-24T15:52:37+00:00,,kamala harris accepts the nomination for president of the united states | harris-walz 2024,0,1,0,0,0,0,0,0,0,0,33,2024-08-19,0.0628498727735369,0.009017811704834606,11.49528070779676,-2.7020190417761407
44TzM-6nA8o,2024-08-23,Republican,party,rnc,GOP,UC3o7kbpTUQ5-0WTMIp8sVwA,UC3o7kbpTUQ5-0WTMIp8sVwA,168,YouTube Shorts,Kamala Harris purposefully lied and covered up Biden's decline.,"Kamala Harris purposefully lied and covered up Biden's decline. 

She put our country at risk in doing so.",33,747,78,4.0,False,UNPLAYABLE,https://www.youtube.com/watch?v=44TzM-6nA8o,2026-08-24T15:50:03+00:00,,kamala harris purposefully lied and covered up biden's decline.,1,0,1,1,0,0,0,0,0,0,33,2024-08-19,0.10441767068273092,0.00535475234270415,6.617402977974478,-2.1434325403428645
po2t2qrV9qk,2024-08-23,Republican,party,rnc,GOP,UC3o7kbpTUQ5-0WTMIp8sVwA,UC3o7kbpTUQ5-0WTMIp8sVwA,169,YouTube Shorts,Kamala is NOT for the middle-class!,"Kamala Harris has already raised prices on American families over 20% and has repeatedly said she would repeal President Trump's middle-class tax cuts

She is not for the middle-class!",22,3251,130,39.0,False,UNPLAYABLE,https://www.youtube.com/watch?v=po2t2qrV9qk,2026-08-24T15:50:03+00:00,,kamala is not for the middle-class!,1,0,0,0,0,0,0,0,0,0,33,2024-08-19,0.03998769609350969,0.011996308828052906,8.087025470667701,-3.1746957077390507
lsZBq_uNuq8,2024-08-24,Republican,party,rnc,GOP,UC3o7kbpTUQ5-0WTMIp8sVwA,UC3o7kbpTUQ5-0WTMIp8sVwA,167,YouTube Shorts,Kamala Harris has left our borders wide open!,Kamala Harris has left our borders wide open!,36,594,79,20.0,False,UNPLAYABLE,https://www.youtube.com/watch?v=lsZBq_uNuq8,2026-08-24T15:50:02+00:00,,kamala harris has left our borders wide open!,1,0,0,0,0,0,0,0,0,1,34,2024-08-19,0.132996632996633,0.03367003367003367,6.38856140554563,-1.8693802817967284
pJVz_FEPtP8,2024-08-25,Republican,party,rnc,GOP,UC3o7kbpTUQ5-0WTMIp8sVwA,UC3o7kbpTUQ5-0WTMIp8sVwA,166,YouTube Shorts,Border Czar Harris would make the border crisis ever worse!,Border Czar Harris would make the border crisis ever worse!,22,852,57,10.0,False,UNPLAYABLE,https://www.youtube.com/watch?v=pJVz_FEPtP8,2026-08-24T15:50:02+00:00,,border czar harris would make the border crisis ever worse!,1,0,1,1,0,1,0,0,0,0,35,2024-08-19,0.06690140845070422,0.011737089201877934,6.748759547491679,-2.627185899974537
xORWfzjn0N0,2024-08-26,Republican,party,rnc,GOP,UC3o7kbpTUQ5-0WTMIp8sVwA,UC3o7kbpTUQ5-0WTMIp8sVwA,165,YouTube Shorts,President Trump is uniting America!,"President Trump is uniting America!

""I am committed to doing all that I can to send President Trump back to the White House."" - Former Democrat Rep. Tulsi Gabbard",45,2486,88,12.0,False,UNPLAYABLE,https://www.youtube.com/watch?v=xORWfzjn0N0,2026-08-24T15:50:02+00:00,,president trump is uniting america!,0,1,0,0,0,0,0,0,0,0,36,2024-08-26,0.035398230088495575,0.004827031375703942,7.818832443803404,-3.299596268928235
6NuyKNfVqQE,2024-08-27,Republican,party,rnc,GOP,UC3o7kbpTUQ5-0WTMIp8sVwA,UC3o7kbpTUQ5-0WTMIp8sVwA,163,YouTube Shorts,Americans can't afford 4 more years of Kamala's dangerously liberal policies.,"Kamala is lying. Her policies have already led to increased taxes and prices.

Americans can't afford 4 more years of Kamala's dangerously liberal policies.",25,1691,89,18.0,False,UNPLAYABLE,https://www.youtube.com/watch?v=6NuyKNfVqQE,2026-08-24T15:50:06+00:00,,americans can't afford 4 more years of kamala's dangerously liberal policies.,1,0,1,1,0,0,0,0,0,0,37,2024-08-26,0.05263157894736842,0.010644589000591367,7.433666540166168,-2.8850815635140155
alMR7SAoqFk,2024-08-27,Republican,party,rnc,GOP,UC3o7kbpTUQ5-0WTMIp8sVwA,UC3o7kbpTUQ5-0WTMIp8sVwA,164,YouTube Shorts,"Under President Trump, we had peace through strength!","Under President Trump, we had peace through strength!",47,4006,312,32.0,False,UNPLAYABLE,https://www.youtube.com/watch?v=alMR7SAoqFk,2026-08-24T15:50:01+00:00,,"under president trump, we had peace through strength!",0,1,0,0,0,0,0,0,0,1,37,2024-08-26,0.07788317523714429,0.00798801797304044,8.295798110636145,-2.4699960370522462
50Rv4DjQWuI,2024-08-28,Republican,party,rnc,GOP,UC3o7kbpTUQ5-0WTMIp8sVwA,UC3o7kbpTUQ5-0WTMIp8sVwA,160,YouTube Shorts,Comrade Kamala wants to bring failed communist policies to the United States!,Comrade Kamala wants to bring failed communist policies to the United States!,36,553,74,5.0,False,UNPLAYABLE,https://www.youtube.com/watch?v=50Rv4DjQWuI,2026-08-24T15:49:59+00:00,,comrade kamala wants to bring failed communist policies to the united states!,1,0,1,1,0,0,0,0,0,0,38,2024-08-26,0.13381555153707053,0.009041591320072333,6.317164686747284,-1.8619447689379791
8qtmUsxXamI,2024-08-28,Republican,party,rnc,GOP,UC3o7kbpTUQ5-0WTMIp8sVwA,UC3o7kbpTUQ5-0WTMIp8sVwA,161,YouTube Shorts,Kamala Harris is disgraceful.,,42,562,96,3.0,False,UNPLAYABLE,https://www.youtube.com/watch?v=8qtmUsxXamI,2026-08-24T15:50:04+00:00,,kamala harris is disgraceful.,1,0,0,0,0,0,0,0,0,0,38,2024-08-26,0.1708185053380783,0.005338078291814947,6.333279628139691,-1.5757150119424583
G_RDnS62lss,2024-08-28,Republican,party,rnc,GOP,UC3o7kbpTUQ5-0WTMIp8sVwA,UC3o7kbpTUQ5-0WTMIp8sVwA,162,YouTube Shorts,Kamala Harris has destroyed the American dream!,"Under Kamala Harris, housing costs have hit record highs and Americans can't afford to buy. 

Kamala Harris has destroyed the American dream!",21,566,62,16.0,False,UNPLAYABLE,https://www.youtube.com/watch?v=G_RDnS62lss,2026-08-24T15:50:00+00:00,,kamala harris has destroyed the american dream!,1,0,1,1,0,0,0,0,0,0,38,2024-08-26,0.10954063604240283,0.028268551236749116,6.340359303727752,-2.088401283051308
Lps5-qjFwhg,2024-08-29,Republican,party,rnc,GOP,UC3o7kbpTUQ5-0WTMIp8sVwA,UC3o7kbpTUQ5-0WTMIp8sVwA,158,YouTube Shorts,Her views are the same as they always have been. Radical!,Her views are the same as they always have been. Radical!,17,7395,198,49.0,False,UNPLAYABLE,https://www.youtube.com/watch?v=Lps5-qjFwhg,2026-08-24T15:49:58+00:00,,her views are the same as they always have been. radical!,0,0,1,0,0,0,0,0,0,0,39,2024-08-26,0.026774847870182555,0.006626098715348208,8.908694592507015,-3.590699922359086
yepXraPMogo,2024-08-29,Republican,party,rnc,GOP,UC3o7kbpTUQ5-0WTMIp8sVwA,UC3o7kbpTUQ5-0WTMIp8sVwA,159,YouTube Shorts,Kamala Harris is lying - She wants to abolish ICE!,"Kamala Harris is lying - She wants to abolish ICE!

""There's no question we've got to critically reexamine ICE and it's role...and we need to probably think about starting from scratch."" -Kamala Harris",32,1055,82,10.0,False,UNPLAYABLE,https://www.youtube.com/watch?v=yepXraPMogo,2026-08-24T15:50:07+00:00,,kamala harris is lying - she wants to abolish ice!,1,0,1,1,0,0,0,0,0,0,39,2024-08-26,0.07772511848341232,0.009478672985781991,6.962243464266207,-2.468099531471619
sszbvR3OcVU,2024-08-30,Republican,party,rnc,GOP,UC3o7kbpTUQ5-0WTMIp8sVwA,UC3o7kbpTUQ5-0WTMIp8sVwA,156,YouTube Shorts,Kamala has ALWAYS been in favor of banning fracking!,"FACT CHECK 🚨

Kamala has ALWAYS been in favor of banning fracking!",36,959,124,6.0,False,UNPLAYABLE,https://www.youtube.com/watch?v=sszbvR3OcVU,2026-08-24T15:49:58+00:00,,kamala has always been in favor of banning fracking!,1,0,1,1,0,1,0,0,0,0,40,2024-08-26,0.12930135557872785,0.006256517205422315,6.866933284461882,-1.9037246321306862
wzGWJKErkzM,2024-08-30,Republican,party,rnc,GOP,UC3o7kbpTUQ5-0WTMIp8sVwA,UC3o7kbpTUQ5-0WTMIp8sVwA,157,YouTube Shorts,"There is ""no question"" Kamala WILL ban fracking!","In reality, Kamala Harris hasn't changed and neither have her values. 

There is ""no question"" she WILL ban fracking.",11,10335,436,77.0,False,UNPLAYABLE,https://www.youtube.com/watch?v=wzGWJKErkzM,2026-08-24T15:49:58+00:00,,"there is ""no question"" kamala will ban fracking!",1,0,1,1,0,1,0,0,0,0,40,2024-08-26,0.04218674407353653,0.0074504112239961295,9.243388226022383,-3.1214511545170964
m7UhkRsLOE8,2024-08-31,Democratic,candidate,harris,Kamala Harris,UC0XBsJpPhOLg0k4x9ZwrWzw,UC0XBsJpPhOLg0k4x9ZwrWzw,173,YouTube Shorts,The secret ingredient for my greens? Tabasco.,,56,1213006,53437,3600.0,False,UNPLAYABLE,https://www.youtube.com/watch?v=m7UhkRsLOE8,2026-08-24T15:52:40+00:00,,the secret ingredient for my greens? tabasco.,0,0,0,0,0,0,1,0,0,1,41,2024-08-26,0.0440533682438504,0.002967833629841897,14.008612958725694,-3.07729134783145
rfSoN5pKo6U,2024-08-31,Democratic,candidate,harris,Kamala Harris,UC0XBsJpPhOLg0k4x9ZwrWzw,UC0XBsJpPhOLg0k4x9ZwrWzw,174,YouTube Shorts,Had to get a sweet treat at Dottie’s Market in Savannah.,,27,1098195,49050,2100.0,False,UNPLAYABLE,https://www.youtube.com/watch?v=rfSoN5pKo6U,2026-08-24T15:52:37+00:00,,had to get a sweet treat at dottie's market in savannah.,0,0,0,0,0,0,1,0,0,0,41,2024-08-26,0.044664198981055274,0.0019122287025528254,13.909179391496474,-3.062880922665686
KtU_8EqWRq8,2024-09-02,Republican,party,rnc,GOP,UC3o7kbpTUQ5-0WTMIp8sVwA,UC3o7kbpTUQ5-0WTMIp8sVwA,155,YouTube Shorts,Kamala Harris is directly responsible for skyrocketing inflation,Kamala Harris is directly responsible for skyrocketing inflation and Americans' economic pain!,20,355,41,13.0,False,UNPLAYABLE,https://www.youtube.com/watch?v=KtU_8EqWRq8,2026-08-24T15:50:02+00:00,,kamala harris is directly responsible for skyrocketing inflation,1,0,1,1,0,0,0,0,0,0,43,2024-09-02,0.11549295774647887,0.036619718309859155,5.87493073085203,-2.0252906489038427
9fCrQRaihcs,2024-09-03,Republican,party,rnc,GOP,UC3o7kbpTUQ5-0WTMIp8sVwA,UC3o7kbpTUQ5-0WTMIp8sVwA,154,YouTube Shorts,Bidenomics is Kamalanomics and it's NOT WORKING FOR AMERICA!,Bidenomics is Kamalanomics and it's NOT WORKING FOR AMERICA!,26,232,20,5.0,False,UNPLAYABLE,https://www.youtube.com/watch?v=9fCrQRaihcs,2026-08-24T15:49:56+00:00,,bidenomics is kamalanomics and it's not working for america!,0,0,0,0,0,0,0,0,0,0,44,2024-09-02,0.08620689655172414,0.021551724137931036,5.4510384535657,-2.3385171022201092
CfSwFMsZ0Ew,2024-09-03,Republican,party,rnc,GOP,UC3o7kbpTUQ5-0WTMIp8sVwA,UC3o7kbpTUQ5-0WTMIp8sVwA,153,YouTube Shorts,"Kamala says one thing, the facts say another.","Kamala says one thing, the facts say another.

Kamala is making America less safe and laughing about it",30,420,45,6.0,False,UNPLAYABLE,https://www.youtube.com/watch?v=CfSwFMsZ0Ew,2026-08-24T15:49:55+00:00,,"kamala says one thing, the facts say another.",1,0,0,0,0,0,0,0,0,0,44,2024-09-02,0.10714285714285714,0.014285714285714285,6.042632833682381,-2.1105461452472847
OPMDT7ClDMg,2024-09-03,Republican,party,rnc,GOP,UC3o7kbpTUQ5-0WTMIp8sVwA,UC3o7kbpTUQ5-0WTMIp8sVwA,152,YouTube Shorts,Kamala and Walz can't help themselves but lie,Kamala and Walz can't help themselves but lie,19,550,70,6.0,False,UNPLAYABLE,https://www.youtube.com/watch?v=OPMDT7ClDMg,2026-08-24T15:49:54+00:00,,kamala and walz can't help themselves but lie,1,0,1,1,0,0,0,0,0,0,44,2024-09-02,0.12727272727272726,0.01090909090909091,6.311734809152915,-1.9192145185921243
9g2BTupbdrI,2024-09-04,Republican,party,rnc,GOP,UC3o7kbpTUQ5-0WTMIp8sVwA,UC3o7kbpTUQ5-0WTMIp8sVwA,151,YouTube Shorts,Kamala Harris has destroyed the American Dream!,Kamala Harris has destroyed the American Dream!,50,527,86,12.0,False,UNPLAYABLE,https://www.youtube.com/watch?v=9g2BTupbdrI,2026-08-24T15:49:54+00:00,,kamala harris has destroyed the american dream!,1,0,1,1,0,0,0,0,0,0,45,2024-09-02,0.16318785578747627,0.022770398481973434,6.269096283706261,-1.630033606106181
vnWE7lgEIG0,2024-09-04,Republican,party,rnc,GOP,UC3o7kbpTUQ5-0WTMIp8sVwA,UC3o7kbpTUQ5-0WTMIp8sVwA,150,YouTube Shorts,"Kamala has had over 3 years to ""build up the middle class"" and she's failed tremendously","Kamala has had over 3 years to ""build up the middle class"" and she's failed tremendously",19,60391,4027,743.0,False,UNPLAYABLE,https://www.youtube.com/watch?v=vnWE7lgEIG0,2026-08-24T15:49:54+00:00,,"kamala has had over 3 years to ""build up the middle class"" and she's failed tremendously",1,0,1,1,0,0,0,0,0,0,45,2024-09-02,0.06668212150817175,0.012303157755294664,11.00861192481946,-2.63869369163503
yy3iEC8UPug,2024-09-04,Republican,party,rnc,GOP,UC3o7kbpTUQ5-0WTMIp8sVwA,UC3o7kbpTUQ5-0WTMIp8sVwA,149,YouTube Shorts,Grocery prices have risen over 20% under Comrade Kamala!,Grocery prices have risen over 20% under Comrade Kamala!,20,698,118,16.0,False,UNPLAYABLE,https://www.youtube.com/watch?v=yy3iEC8UPug,2026-08-24T15:49:53+00:00,,grocery prices have risen over 20% under comrade kamala!,1,0,0,0,0,1,0,0,0,0,45,2024-09-02,0.16905444126074498,0.022922636103151862,6.54965074223381,-1.5889768405627605
Sbjvu-FbWF4,2024-09-05,Republican,party,rnc,GOP,UC3o7kbpTUQ5-0WTMIp8sVwA,UC3o7kbpTUQ5-0WTMIp8sVwA,148,YouTube Shorts,To the Moon!,🚀 🌕,37,380,58,4.0,False,UNPLAYABLE,https://www.youtube.com/watch?v=Sbjvu-FbWF4,2026-08-24T15:49:52+00:00,,to the moon!,0,0,0,0,0,0,0,0,0,0,46,2024-09-02,0.15263157894736842,0.010526315789473684,5.942799375126701,-1.7070763819980164
Md3MUQdFe2I,2024-09-06,Republican,party,rnc,GOP,UC3o7kbpTUQ5-0WTMIp8sVwA,UC3o7kbpTUQ5-0WTMIp8sVwA,147,YouTube Shorts,Kamala Harris has failed American workers.,Kamala Harris has failed American workers.,11,4814,134,13.0,False,UNPLAYABLE,https://www.youtube.com/watch?v=Md3MUQdFe2I,2026-08-24T15:50:05+00:00,,kamala harris has failed american workers.,1,0,1,1,0,0,0,0,0,0,47,2024-09-02,0.027835479850436228,0.002700457000415455,8.479491324232226,-3.5495960217699056
pIcTo6SjP6U,2024-09-06,Republican,party,rnc,GOP,UC3o7kbpTUQ5-0WTMIp8sVwA,UC3o7kbpTUQ5-0WTMIp8sVwA,146,YouTube Shorts,Kamala Harris will repeal President Trump's middle-class tax cuts!,Kamala Harris will repeal President Trump's middle-class tax cuts!,23,4209,144,39.0,False,UNPLAYABLE,https://www.youtube.com/watch?v=pIcTo6SjP6U,2026-08-24T15:49:54+00:00,,kamala harris will repeal president trump's middle-class tax cuts!,1,1,0,0,0,1,0,0,0,0,47,2024-09-02,0.03421240199572345,0.009265858873841768,8.345217926676428,-3.3370125080954054
d9Fcc1u0zd4,2024-09-07,Republican,party,rnc,GOP,UC3o7kbpTUQ5-0WTMIp8sVwA,UC3o7kbpTUQ5-0WTMIp8sVwA,145,YouTube Shorts,Choose Your Fighter!,Choose Your Fighter!,36,738,64,10.0,False,UNPLAYABLE,https://www.youtube.com/watch?v=d9Fcc1u0zd4,2026-08-24T15:49:51+00:00,,choose your fighter!,0,0,0,0,0,0,0,0,0,0,48,2024-09-02,0.08672086720867209,0.013550135501355014,6.6052979209482015,-2.3473064518460838
6zzBj3n5NQA,2024-09-09,Republican,candidate,trump,Donald J Trump,UCAql2DyGU2un1Ei2nMYsqOA,UCAql2DyGU2un1Ei2nMYsqOA,30,YouTube Shorts,Former Director of Project 2025: Trump has NOTHING to do with Project 2025.,,11,107388,6915,383.0,False,UNPLAYABLE,https://www.youtube.com/watch?v=6zzBj3n5NQA,2026-08-24T15:53:04+00:00,,former director of project 2025: trump has nothing to do with project 2025.,0,1,0,0,0,1,0,0,0,0,50,2024-09-09,0.06439266957201922,0.0035665064997951355,11.584213034954917,-2.676128742054362
P859UExc21E,2024-09-09,Republican,candidate,trump,Donald J Trump,UCAql2DyGU2un1Ei2nMYsqOA,UCAql2DyGU2un1Ei2nMYsqOA,32,YouTube Shorts,Make America Great Again!,,9,207369,15652,854.0,False,UNPLAYABLE,https://www.youtube.com/watch?v=P859UExc21E,2026-08-24T15:53:05+00:00,,make america great again!,0,0,0,0,0,0,0,0,0,0,50,2024-09-09,0.07547897708915026,0.004118262613987626,12.242259916291886,-2.5053922857193016
rpO0XXd-e0Y,2024-09-09,Republican,candidate,trump,Donald J Trump,UCAql2DyGU2un1Ei2nMYsqOA,UCAql2DyGU2un1Ei2nMYsqOA,31,YouTube Shorts,Get Out and Vote for Trump!,,29,246337,37730,3300.0,False,UNPLAYABLE,https://www.youtube.com/watch?v=rpO0XXd-e0Y,2026-08-24T15:53:04+00:00,,get out and vote for trump!,0,1,0,0,1,0,0,0,0,0,50,2024-09-09,0.15316416129123925,0.013396282328679817,12.414459855602406,-1.7099857099567704
Z95FFJtcAV4,2024-09-10,Democratic,candidate,harris,Kamala Harris,UC0XBsJpPhOLg0k4x9ZwrWzw,UC0XBsJpPhOLg0k4x9ZwrWzw,172,YouTube Shorts,This is so rich. | Harris-Walz 2024,,44,2566587,68802,4400.0,False,UNPLAYABLE,https://www.youtube.com/watch?v=Z95FFJtcAV4,2026-08-24T15:52:36+00:00,,this is so rich. | harris-walz 2024,0,1,0,0,0,0,0,0,1,0,51,2024-09-09,0.026806806081383566,0.001714338925584833,14.758087948335453,-3.59191973681522
1oGo9xrJ1pg,2024-09-10,Republican,party,rnc,GOP,UC3o7kbpTUQ5-0WTMIp8sVwA,UC3o7kbpTUQ5-0WTMIp8sVwA,140,YouTube Shorts,"""My values have not changed"" - Kamala Harris","""My values have not changed"" - Kamala Harris",17,290,24,3.0,False,UNPLAYABLE,https://www.youtube.com/watch?v=1oGo9xrJ1pg,2026-08-24T15:49:57+00:00,,"""my values have not changed"" - kamala harris",1,0,0,0,0,0,0,0,0,1,51,2024-09-09,0.08275862068965517,0.010344827586206896,5.673323267171493,-2.386701126055218
RNl4MYmIExA,2024-09-10,Republican,party,rnc,GOP,UC3o7kbpTUQ5-0WTMIp8sVwA,UC3o7kbpTUQ5-0WTMIp8sVwA,139,YouTube Shorts,Day one for Harris was 3.5 years ago,Day one for Harris was 3.5 years ago,29,4696,147,31.0,False,UNPLAYABLE,https://www.youtube.com/watch?v=RNl4MYmIExA,2026-08-24T15:49:48+00:00,,day one for harris was 3.5 years ago,1,0,0,0,0,0,0,0,0,0,51,2024-09-09,0.03130323679727427,0.006601362862010221,8.454679286026995,-3.428944440016871
VSIAcKI1sQg,2024-09-10,Republican,party,rnc,GOP,UC3o7kbpTUQ5-0WTMIp8sVwA,UC3o7kbpTUQ5-0WTMIp8sVwA,144,YouTube Shorts,KAMALA! YOU'RE FIRED!,KAMALA! YOU'RE FIRED!,29,352,57,1.0,False,UNPLAYABLE,https://www.youtube.com/watch?v=VSIAcKI1sQg,2026-08-24T15:49:51+00:00,,kamala! you're fired!,1,0,1,1,0,0,0,0,0,0,51,2024-09-09,0.16193181818181818,0.002840909090909091,5.8664680569332965,-1.636883889042848
_4g6NoHC5UQ,2024-09-10,Republican,party,rnc,GOP,UC3o7kbpTUQ5-0WTMIp8sVwA,UC3o7kbpTUQ5-0WTMIp8sVwA,141,YouTube Shorts,Kamala Harris will ban fracking.,Kamala Harris will ban fracking.,11,761,33,3.0,False,UNPLAYABLE,https://www.youtube.com/watch?v=_4g6NoHC5UQ,2026-08-24T15:49:50+00:00,,kamala harris will ban fracking.,1,0,1,1,0,1,0,0,0,0,51,2024-09-09,0.04336399474375821,0.003942181340341655,6.635946555686647,-3.0794421868042385
i-w3zMp4ZSw,2024-09-10,Republican,party,rnc,GOP,UC3o7kbpTUQ5-0WTMIp8sVwA,UC3o7kbpTUQ5-0WTMIp8sVwA,142,YouTube Shorts,Here is President Trump's plan for you.,FACT CHECK: Here is President Trump's plan for you ⬇️,18,657,130,13.0,False,UNPLAYABLE,https://www.youtube.com/watch?v=i-w3zMp4ZSw,2026-08-24T15:49:50+00:00,,here is president trump's plan for you.,0,1,0,0,0,0,0,0,0,0,51,2024-09-09,0.197869101978691,0.0197869101978691,6.489204931325317,-1.3967756385874734
pPW0E7TeywU,2024-09-10,Republican,party,rnc,GOP,UC3o7kbpTUQ5-0WTMIp8sVwA,UC3o7kbpTUQ5-0WTMIp8sVwA,138,YouTube Shorts,Under President Trump there was peace!,"FACT CHECK: Kamala Harris has brought our world to the brink of WWIII, under President Trump there was peace!",20,692,96,6.0,False,UNPLAYABLE,https://www.youtube.com/watch?v=pPW0E7TeywU,2026-08-24T15:49:49+00:00,,under president trump there was peace!,0,1,0,0,0,0,0,0,0,0,51,2024-09-09,0.13872832369942195,0.008670520231213872,6.541029999189903,-1.8215362331930305
wibcju-ACnI,2024-09-10,Republican,party,rnc,GOP,UC3o7kbpTUQ5-0WTMIp8sVwA,UC3o7kbpTUQ5-0WTMIp8sVwA,143,YouTube Shorts,Kamala is lying!,Kamala is lying!,20,323,36,5.0,False,UNPLAYABLE,https://www.youtube.com/watch?v=wibcju-ACnI,2026-08-24T15:49:51+00:00,,kamala is lying!,1,0,1,1,0,0,0,0,0,0,51,2024-09-09,0.11145510835913312,0.015479876160990712,5.780743515792329,-2.0639105996489593
0XONsN5aEiA,2024-09-10,Republican,candidate,trump,Donald J Trump,UCAql2DyGU2un1Ei2nMYsqOA,UCAql2DyGU2un1Ei2nMYsqOA,29,YouTube Shorts,THANK YOU Anuel AA!,,12,3804148,152265,4400.0,False,UNPLAYABLE,https://www.youtube.com/watch?v=0XONsN5aEiA,2026-08-24T15:53:03+00:00,,thank you anuel aa!,0,0,0,0,0,0,0,1,0,0,51,2024-09-09,0.04002604525375984,0.0011566321815029278,15.1516028711758,-3.1773726332296057
8SfFG30a9Ks,2024-09-11,Republican,party,rnc,GOP,UC3o7kbpTUQ5-0WTMIp8sVwA,UC3o7kbpTUQ5-0WTMIp8sVwA,136,YouTube Shorts,Kamala will eliminate private health insurance,Kamala will eliminate private health insurance,25,3984,132,35.0,False,UNPLAYABLE,https://www.youtube.com/watch?v=8SfFG30a9Ks,2026-08-24T15:49:47+00:00,,kamala will eliminate private health insurance,1,0,0,0,0,1,0,0,0,0,52,2024-09-09,0.03313253012048193,0.008785140562248996,8.290292591224315,-3.369894921767994
L8WsI_Jk4mo,2024-09-11,Republican,party,rnc,GOP,UC3o7kbpTUQ5-0WTMIp8sVwA,UC3o7kbpTUQ5-0WTMIp8sVwA,137,YouTube Shorts,It's called the Biden-HARRIS administration.,It's called the Biden-HARRIS administration...she owns their failures,19,1236,114,14.0,False,UNPLAYABLE,https://www.youtube.com/watch?v=L8WsI_Jk4mo,2026-08-24T15:49:55+00:00,,it's called the biden-harris administration.,1,0,0,0,0,0,0,0,0,0,52,2024-09-09,0.09223300970873786,0.011326860841423949,7.1204443723924875,-2.282738796622115
ssajFm5Yatw,2024-09-11,Republican,candidate,trump,Donald J Trump,UCAql2DyGU2un1Ei2nMYsqOA,UCAql2DyGU2un1Ei2nMYsqOA,28,YouTube Shorts,This is Safe,We are going to Make America Great Again!,10,350887,39895,2600.0,False,UNPLAYABLE,https://www.youtube.com/watch?v=ssajFm5Yatw,2026-08-24T15:53:03+00:00,,this is safe,0,0,0,0,0,0,0,0,0,0,52,2024-09-09,0.11369757215285833,0.007409792896288549,12.768222363209405,-2.05350526055225
5muojQTBW0U,2024-09-12,Republican,party,rnc,GOP,UC3o7kbpTUQ5-0WTMIp8sVwA,UC3o7kbpTUQ5-0WTMIp8sVwA,134,YouTube Shorts,"They are after you, President Trump is just standing in the way!","Democrats think that you are despicable if you don't agree with them.

They are after you, President Trump is just standing in the way!",41,4147,147,9.0,False,UNPLAYABLE,https://www.youtube.com/watch?v=5muojQTBW0U,2026-08-24T15:49:46+00:00,,"they are after you, president trump is just standing in the way!",0,1,0,0,0,0,0,0,0,0,53,2024-09-09,0.035447311309380274,0.0021702435495538942,8.330381569349418,-3.300346456510304
G69D4fqA_EU,2024-09-12,Republican,party,rnc,GOP,UC3o7kbpTUQ5-0WTMIp8sVwA,UC3o7kbpTUQ5-0WTMIp8sVwA,135,YouTube Shorts,Kamala supports mandatory gun confiscation from law-abiding gun owners,Kamala supports mandatory gun confiscation from law-abiding gun owners,18,21139,1086,215.0,False,UNPLAYABLE,https://www.youtube.com/watch?v=G69D4fqA_EU,2026-08-24T15:49:47+00:00,,kamala supports mandatory gun confiscation from law-abiding gun owners,1,0,0,0,0,1,0,1,0,0,53,2024-09-09,0.05137423719192015,0.010170774398032073,9.958922259424229,-2.9154421813948024
2G_86VcJdU8,2024-09-12,Republican,candidate,trump,Donald J Trump,UCAql2DyGU2un1Ei2nMYsqOA,UCAql2DyGU2un1Ei2nMYsqOA,27,YouTube Shorts,Tulsi Gabbard Endorses Donald J. Trump for President,,20,201628,17154,1300.0,False,UNPLAYABLE,https://www.youtube.com/watch?v=2G_86VcJdU8,2026-08-24T15:53:03+00:00,,tulsi gabbard endorses donald j. trump for president,0,1,0,0,0,0,0,1,0,0,53,2024-09-09,0.0850774693990914,0.006447517209911322,12.214184654040395,-2.3752507126823033
LvffkP1Ziyo,2024-09-14,Democratic,candidate,harris,Kamala Harris,UC0XBsJpPhOLg0k4x9ZwrWzw,UC0XBsJpPhOLg0k4x9ZwrWzw,171,YouTube Shorts,"Under my economic plan, we will help entrepreneurs start and grow their small businesses.",,60,210719,9901,1300.0,False,UNPLAYABLE,https://www.youtube.com/watch?v=LvffkP1Ziyo,2026-08-24T15:52:37+00:00,,"under my economic plan, we will help entrepreneurs start and grow their small businesses.",0,0,0,0,0,1,0,0,0,1,55,2024-09-09,0.046986745381289774,0.006169353499209848,12.258285516977107,-3.009715254233036
0XMj56-4RLw,2024-09-16,Republican,candidate,trump,Donald J Trump,UCAql2DyGU2un1Ei2nMYsqOA,UCAql2DyGU2un1Ei2nMYsqOA,25,YouTube Shorts,No Tax on Tips: Vote Donald J. Trump,,39,109405,11226,874.0,False,UNPLAYABLE,https://www.youtube.com/watch?v=0XMj56-4RLw,2026-08-24T15:53:01+00:00,,no tax on tips: vote donald j. trump,0,1,0,0,1,1,0,0,0,0,57,2024-09-16,0.10260956994652895,0.007988665965906494,11.602821012073054,-2.1685203809399187
glhirwyEnq8,2024-09-16,Republican,candidate,trump,Donald J Trump,UCAql2DyGU2un1Ei2nMYsqOA,UCAql2DyGU2un1Ei2nMYsqOA,26,YouTube Shorts,America Was Better Off Under Trump,,30,115371,11923,1100.0,False,UNPLAYABLE,https://www.youtube.com/watch?v=glhirwyEnq8,2026-08-24T15:53:02+00:00,,america was better off under trump,0,1,0,0,0,0,0,0,0,0,57,2024-09-16,0.10334486136030718,0.009534458399424465,11.655916969300243,-2.160562661628952
CENybDJ7sgU,2024-09-17,Republican,party,rnc,GOP,UC3o7kbpTUQ5-0WTMIp8sVwA,UC3o7kbpTUQ5-0WTMIp8sVwA,133,YouTube Shorts,Kamala has no plan to bring down prices.,Kamala has no plan to bring down prices.,44,4413,90,32.0,False,UNPLAYABLE,https://www.youtube.com/watch?v=CENybDJ7sgU,2026-08-24T15:49:47+00:00,,kamala has no plan to bring down prices.,1,0,0,0,0,1,0,0,0,0,58,2024-09-16,0.020394289598912305,0.007251302968502153,8.392536586816682,-3.8664706876946044
vM6KDlkFkaY,2024-09-17,Republican,party,rnc,GOP,UC3o7kbpTUQ5-0WTMIp8sVwA,UC3o7kbpTUQ5-0WTMIp8sVwA,132,YouTube Shorts,Go to Kamalataxincrease.com!,Go to Kamalataxincrease.com to see how much more you would pay if Harris is elected!,44,6879,165,22.0,False,UNPLAYABLE,https://www.youtube.com/watch?v=vM6KDlkFkaY,2026-08-24T15:49:44+00:00,,go to kamalataxincrease.com!,0,0,0,0,0,0,0,0,0,0,58,2024-09-16,0.02398604448320977,0.003198139264427969,8.836373930927389,-3.7030534512041124
5-mYb8Rci6s,2024-09-17,Republican,candidate,trump,Donald J Trump,UCAql2DyGU2un1Ei2nMYsqOA,UCAql2DyGU2un1Ei2nMYsqOA,24,YouTube Shorts,TIME TO TAKE BACK AMERICA 🇺🇸,,16,116639,12274,766.0,False,UNPLAYABLE,https://www.youtube.com/watch?v=5-mYb8Rci6s,2026-08-24T15:53:03+00:00,,time to take back america 🇺🇸,0,0,0,0,0,0,0,1,0,0,58,2024-09-16,0.10523066898721697,0.006567271667281098,11.666847547242485,-2.140375221411152
7NTDxWCxUaM,2024-09-18,Republican,party,rnc,GOP,UC3o7kbpTUQ5-0WTMIp8sVwA,UC3o7kbpTUQ5-0WTMIp8sVwA,131,YouTube Shorts,President Trump will RESTORE the American Dream!,"In her own words, Kamala Harris has made the American Dream ""not attainable.""

President Trump will RESTORE the American Dream!",21,3575,86,35.0,False,UNPLAYABLE,https://www.youtube.com/watch?v=7NTDxWCxUaM,2026-08-24T15:49:54+00:00,,president trump will restore the american dream!,0,1,0,0,0,0,0,0,0,0,59,2024-09-16,0.024055944055944058,0.009790209790209791,8.182000136293405,-3.697369324519373
ehejp8xip3U,2024-09-18,Republican,party,rnc,GOP,UC3o7kbpTUQ5-0WTMIp8sVwA,UC3o7kbpTUQ5-0WTMIp8sVwA,130,YouTube Shorts,Kamala Harris is a liar!,Kamala Harris is a liar!,40,845,82,6.0,False,UNPLAYABLE,https://www.youtube.com/watch?v=ehejp8xip3U,2026-08-24T15:49:44+00:00,,kamala harris is a liar!,1,0,1,1,0,0,0,0,0,0,59,2024-09-16,0.0970414201183432,0.007100591715976331,6.740519359606223,-2.2251148313180518
4OWhLR1ziVY,2024-09-18,Republican,candidate,trump,Donald J Trump,UCAql2DyGU2un1Ei2nMYsqOA,UCAql2DyGU2un1Ei2nMYsqOA,21,YouTube Shorts,MAKE AMERICA GREAT AGAIN!,,5,2040154,45615,4200.0,False,UNPLAYABLE,https://www.youtube.com/watch?v=4OWhLR1ziVY,2026-08-24T15:52:59+00:00,,make america great again!,0,0,0,0,0,0,0,0,0,0,59,2024-09-16,0.022358606262076294,0.002058668120151714,14.528536343326191,-3.777920904567676
LHbYPhOfC7M,2024-09-18,Republican,candidate,trump,Donald J Trump,UCAql2DyGU2un1Ei2nMYsqOA,UCAql2DyGU2un1Ei2nMYsqOA,23,YouTube Shorts,"Kamala has had 3 1/2 years, why hasn't she done it?!",,15,113750,11490,685.0,False,UNPLAYABLE,https://www.youtube.com/watch?v=LHbYPhOfC7M,2026-08-24T15:53:02+00:00,,"kamala has had 3 1/2 years, why hasn't she done it?!",1,0,0,0,0,0,0,0,0,0,59,2024-09-16,0.10101098901098901,0.006021978021978022,11.641767127983346,-2.186002872122436
cKWhceuzlyU,2024-09-18,Republican,candidate,trump,Donald J Trump,UCAql2DyGU2un1Ei2nMYsqOA,UCAql2DyGU2un1Ei2nMYsqOA,22,YouTube Shorts,YOUNG PEOPLE MAKE AMERICA GREAT!,,14,209493,15210,1300.0,False,UNPLAYABLE,https://www.youtube.com/watch?v=cKWhceuzlyU,2026-08-24T15:53:01+00:00,,young people make america great!,0,0,0,0,0,0,0,0,0,0,59,2024-09-16,0.07260385788546635,0.006205457938928747,12.25245037831607,-2.5473324537103252
vjakWhcP2G0,2024-09-18,Republican,candidate,trump,Donald J Trump,UCAql2DyGU2un1Ei2nMYsqOA,UCAql2DyGU2un1Ei2nMYsqOA,20,YouTube Shorts,STOP THIS DISASTER,,16,260160,26168,2400.0,False,UNPLAYABLE,https://www.youtube.com/watch?v=vjakWhcP2G0,2026-08-24T15:52:59+00:00,,stop this disaster,0,0,1,0,0,0,0,0,0,0,59,2024-09-16,0.10058425584255842,0.00922509225092251,12.469055949122634,-2.1907326662018223
aUyMZG90s9g,2024-09-19,Democratic,party,dnc,The Democrats,UClkO4MArT2WKWj32YDD_-Ew,UClkO4MArT2WKWj32YDD_-Ew,768,YouTube Shorts,are you gonna vote?,"Confirm your voter registration status at IWillVote.com today.

---
Follow us on Instagram: https://www.instagram.com/thedemocrats
Follow us on Twitter: https://www.twitter.com/TheDemocrats
Follow us on TikTok: https://www.tiktok.com/@TheDemocrats
Like us on Facebook: https://www.facebook.com/democrats",13,15153,690,247.0,False,UNPLAYABLE,https://www.youtube.com/watch?v=aUyMZG90s9g,2026-08-24T15:48:06+00:00,,are you gonna vote?,0,0,0,0,1,0,0,0,0,0,60,2024-09-16,0.0455355375173233,0.016300402560549068,9.626019802491319,-3.041967540601033
MJLdQe1S-5A,2024-09-19,Republican,party,rnc,GOP,UC3o7kbpTUQ5-0WTMIp8sVwA,UC3o7kbpTUQ5-0WTMIp8sVwA,129,YouTube Shorts,"Under President Trump, you will have more money in your pockets!","Under President Trump, you will have more money in your pockets!",19,9945,385,26.0,False,UNPLAYABLE,https://www.youtube.com/watch?v=MJLdQe1S-5A,2026-08-24T15:49:43+00:00,,"under president trump, you will have more money in your pockets!",0,1,0,0,0,0,0,0,0,0,60,2024-09-16,0.038712921065862244,0.00261437908496732,9.204925739274683,-3.21085411292963
N4Br07GoTnM,2024-09-19,Republican,candidate,trump,Donald J Trump,UCAql2DyGU2un1Ei2nMYsqOA,UCAql2DyGU2un1Ei2nMYsqOA,19,YouTube Shorts,"KAMALA, YOU'RE FIRED!",,12,218777,19605,1400.0,False,UNPLAYABLE,https://www.youtube.com/watch?v=N4Br07GoTnM,2026-08-24T15:52:58+00:00,,"kamala, you're fired!",1,0,1,1,0,0,0,0,0,0,60,2024-09-16,0.08961179648683362,0.006399210154632342,12.29581279602856,-2.318361144294462
fmtT8pvw2uY,2024-09-20,Democratic,candidate,harris,Kamala Harris,UC0XBsJpPhOLg0k4x9ZwrWzw,UC0XBsJpPhOLg0k4x9ZwrWzw,170,YouTube Shorts,Kamala Harris speaks with Oprah Winfrey about Trump Abortion Bans | Harris-Walz 2024,"--------------------------------------
Follow Kamala!

Kamala's Twitter: https://twitter.com/KamalaHarris
Kamala's Facebook: https://www.facebook.com/KamalaHarris
Kamala’s Instagram: https://www.instagram.com/KamalaHarris  
Kamala's Threads: https://www.threads.net/@kamalaharris

#KamalaHarris #Harris2024",55,75071,3570,544.0,False,UNPLAYABLE,https://www.youtube.com/watch?v=fmtT8pvw2uY,2026-08-24T15:52:35+00:00,,kamala harris speaks with oprah winfrey about trump abortion bans | harris-walz 2024,1,1,1,1,0,1,0,0,0,0,61,2024-09-16,0.04755498128438412,0.007246473338572818,11.226202932013146,-2.997012786493857
8n_f7npLCnY,2024-09-20,Republican,party,rnc,GOP,UC3o7kbpTUQ5-0WTMIp8sVwA,UC3o7kbpTUQ5-0WTMIp8sVwA,128,YouTube Shorts,Kamala has had 3.5 years to help and has done nothing but make things worse!,"Under Kamala, Americans cannot afford a home. She has had 3.5 years to help and has done nothing but make things worse!",19,721,62,5.0,False,UNPLAYABLE,https://www.youtube.com/watch?v=8n_f7npLCnY,2026-08-24T15:49:43+00:00,,kamala has had 3.5 years to help and has done nothing but make things worse!,1,0,0,0,0,0,0,0,0,0,61,2024-09-16,0.08599167822468794,0.006934812760055479,6.582025138892826,-2.3563154154150134
IJgVHTUXSXo,2024-09-21,Democratic,party,dnc,The Democrats,UClkO4MArT2WKWj32YDD_-Ew,UClkO4MArT2WKWj32YDD_-Ew,767,YouTube Shorts,5 Worst Trump Debate Moments,We're not surprised that Trump’s saying no to a second debate with Vice President Kamala Harris given how the first one went.,54,38057,629,97.0,False,UNPLAYABLE,https://www.youtube.com/watch?v=IJgVHTUXSXo,2026-08-24T15:48:16+00:00,,5 worst trump debate moments,1,0,1,1,0,0,0,0,0,0,62,2024-09-16,0.01652783981921854,0.0025488083663977716,10.546866590861953,-4.085261871804751
fhLi5nz8B6c,2024-09-21,Democratic,candidate,harris,Kamala Harris,UC0XBsJpPhOLg0k4x9ZwrWzw,UC0XBsJpPhOLg0k4x9ZwrWzw,169,YouTube Shorts,Kamala Harris speaks with Oprah Winfrey about our power in a democracy | Harris-Walz 2024,"--------------------------------------
Follow Kamala!

Kamala's Twitter: https://twitter.com/KamalaHarris
Kamala's Facebook: https://www.facebook.com/KamalaHarris
Kamala’s Instagram: https://www.instagram.com/KamalaHarris  
Kamala's Threads: https://www.threads.net/@kamalaharris

#KamalaHarris #Harris2024",59,93266,3696,977.0,False,UNPLAYABLE,https://www.youtube.com/watch?v=fhLi5nz8B6c,2026-08-24T15:52:35+00:00,,kamala harris speaks with oprah winfrey about our power in a democracy | harris-walz 2024,0,1,0,0,0,1,0,0,0,1,62,2024-09-16,0.03962858919649175,0.010475414406107263,11.443221626520437,-3.1876395986826975
LElje8bhRu8,2024-09-21,Republican,party,rnc,GOP,UC3o7kbpTUQ5-0WTMIp8sVwA,UC3o7kbpTUQ5-0WTMIp8sVwA,127,YouTube Shorts,Kamala is a hypocrite.,Kamala is a hypocrite.,23,10846,302,72.0,False,UNPLAYABLE,https://www.youtube.com/watch?v=LElje8bhRu8,2026-08-24T15:49:43+00:00,,kamala is a hypocrite.,1,0,1,1,0,0,0,0,0,0,62,2024-09-16,0.027844366586760094,0.00663839203392956,9.291643823040218,-3.551278398480923
k-sfHGqLzvY,2024-09-22,Republican,party,rnc,GOP,UC3o7kbpTUQ5-0WTMIp8sVwA,UC3o7kbpTUQ5-0WTMIp8sVwA,126,YouTube Shorts,Kamala still can't say how she will lower costs for Americans.,"WATCH: 

Kamala still can't say how she will lower costs for Americans.",47,6241,181,61.0,False,UNPLAYABLE,https://www.youtube.com/watch?v=k-sfHGqLzvY,2026-08-24T15:49:42+00:00,,kamala still can't say how she will lower costs for americans.,1,0,1,1,0,1,0,0,0,0,63,2024-09-16,0.0290017625380548,0.00977407466752123,8.739055922830724,-3.508291930205661
AEJFJsc83es,2024-09-22,Republican,candidate,trump,Donald J Trump,UCAql2DyGU2un1Ei2nMYsqOA,UCAql2DyGU2un1Ei2nMYsqOA,17,YouTube Shorts,Kamala has had 3 1/2 years - why hasn't she done it?,,14,291170,11862,825.0,False,UNPLAYABLE,https://www.youtube.com/watch?v=AEJFJsc83es,2026-08-24T15:52:58+00:00,,kamala has had 3 1/2 years - why hasn't she done it?,1,0,0,0,0,0,0,0,0,0,63,2024-09-16,0.04073908713122918,0.0028333962976955043,12.581666002433375,-3.1589347417779257
b18bHt7P0u4,2024-09-22,Republican,candidate,trump,Donald J Trump,UCAql2DyGU2un1Ei2nMYsqOA,UCAql2DyGU2un1Ei2nMYsqOA,16,YouTube Shorts,"Thanks for the support, Tim.",,12,172619,16324,1200.0,False,UNPLAYABLE,https://www.youtube.com/watch?v=b18bHt7P0u4,2026-08-24T15:52:58+00:00,,"thanks for the support, tim.",0,0,0,0,0,0,0,1,0,0,63,2024-09-16,0.094566646777006,0.0069517260556485674,12.058847925773648,-2.259081399403931
ySS96gwsAJ0,2024-09-22,Republican,candidate,trump,Donald J Trump,UCAql2DyGU2un1Ei2nMYsqOA,UCAql2DyGU2un1Ei2nMYsqOA,18,YouTube Shorts,Kamala Harris & Tim Walz Will Raise Taxes,,10,241211,9117,672.0,False,UNPLAYABLE,https://www.youtube.com/watch?v=ySS96gwsAJ0,2026-08-24T15:52:58+00:00,,kamala harris & tim walz will raise taxes,1,0,1,1,0,1,0,0,0,0,63,2024-09-16,0.03779678372876859,0.0027859425979743875,12.393431493841396,-3.236948972616458
3mwO32zayBQ,2024-09-23,Democratic,party,dnc,The Democrats,UClkO4MArT2WKWj32YDD_-Ew,UClkO4MArT2WKWj32YDD_-Ew,766,YouTube Shorts,how to pronounce Kamala Harris,"You asked, and Kamala Harris and her nieces (and Kerry Washington!) answered: It's pronounced COMMA-LA.",42,55815,695,148.0,False,UNPLAYABLE,https://www.youtube.com/watch?v=3mwO32zayBQ,2026-08-24T15:48:07+00:00,,how to pronounce kamala harris,0,1,0,0,0,0,0,0,0,0,64,2024-09-23,0.012451849861148436,0.0026516169488488756,10.929815845619073,-4.372645965400462
NqN6pyQOQpE,2024-09-23,Republican,party,rnc,GOP,UC3o7kbpTUQ5-0WTMIp8sVwA,UC3o7kbpTUQ5-0WTMIp8sVwA,125,YouTube Shorts,We can't take four more years of Kamala.,We can't take four more years of Kamala.,32,16149,1383,90.0,False,UNPLAYABLE,https://www.youtube.com/watch?v=NqN6pyQOQpE,2026-08-24T15:49:44+00:00,,we can't take four more years of kamala.,1,0,1,1,0,0,0,0,0,1,64,2024-09-23,0.085639977707598,0.005573100501579045,9.689675328650802,-2.367744581392726
a0XstrrD8lA,2024-09-23,Republican,party,rnc,GOP,UC3o7kbpTUQ5-0WTMIp8sVwA,UC3o7kbpTUQ5-0WTMIp8sVwA,124,YouTube Shorts,Kamala WILL take your guns.,"Kamala WILL take your guns.

She supports MANDATORY buybacks.",11,6740,167,35.0,False,UNPLAYABLE,https://www.youtube.com/watch?v=a0XstrrD8lA,2026-08-24T15:49:41+00:00,,kamala will take your guns.,1,0,1,1,0,1,0,0,0,0,64,2024-09-23,0.024777448071216616,0.0051928783382789315,8.815963560853438,-3.6698183428715376
BLfbCeJJwGY,2024-09-23,Republican,candidate,trump,Donald J Trump,UCAql2DyGU2un1Ei2nMYsqOA,UCAql2DyGU2un1Ei2nMYsqOA,14,YouTube Shorts,LET'S WIN – TOO BIG TO RIG 🇺🇸,,12,160735,14596,942.0,False,UNPLAYABLE,https://www.youtube.com/watch?v=BLfbCeJJwGY,2026-08-24T15:52:57+00:00,,let's win - too big to rig 🇺🇸,0,0,0,0,1,0,0,0,0,0,64,2024-09-23,0.09080785143248203,0.00586057796995054,11.98751854654977,-2.3037798710324404
C-PwfAJ9LCA,2024-09-23,Republican,candidate,trump,Donald J Trump,UCAql2DyGU2un1Ei2nMYsqOA,UCAql2DyGU2un1Ei2nMYsqOA,13,YouTube Shorts,"THANK YOU, NORTH CAROLINA 🇺🇸",,16,214456,17748,964.0,False,UNPLAYABLE,https://www.youtube.com/watch?v=C-PwfAJ9LCA,2026-08-24T15:52:56+00:00,,"thank you, north carolina 🇺🇸",0,0,0,0,0,0,0,0,0,0,64,2024-09-23,0.08275823478942067,0.004495094564852464,12.275864531053708,-2.4054219321678514
NNUTjrTZQv0,2024-09-23,Republican,candidate,trump,Donald J Trump,UCAql2DyGU2un1Ei2nMYsqOA,UCAql2DyGU2un1Ei2nMYsqOA,15,YouTube Shorts,Make America Great Again,,39,134555,10075,767.0,False,UNPLAYABLE,https://www.youtube.com/watch?v=NNUTjrTZQv0,2026-08-24T15:52:57+00:00,,make america great again,0,0,0,0,0,0,0,0,0,0,64,2024-09-23,0.0748764445765672,0.005700271264538664,11.809735748248881,-2.5140423427386343
yUuP9-wBkNA,2024-09-23,Republican,candidate,trump,Donald J Trump,UCAql2DyGU2un1Ei2nMYsqOA,UCAql2DyGU2un1Ei2nMYsqOA,12,YouTube Shorts,THANK YOU,,12,1590690,79688,3500.0,False,UNPLAYABLE,https://www.youtube.com/watch?v=yUuP9-wBkNA,2026-08-24T15:52:56+00:00,,thank you,0,0,0,0,0,0,0,0,0,0,64,2024-09-23,0.050096499003577065,0.002200303013157812,14.279679070983981,-2.9424033325111774
Z245QtR1lw4,2024-09-24,Republican,party,rnc,GOP,UC3o7kbpTUQ5-0WTMIp8sVwA,UC3o7kbpTUQ5-0WTMIp8sVwA,123,YouTube Shorts,Why can't Kamala tell the truth?,Why can't Kamala tell the truth?,24,634,104,10.0,False,UNPLAYABLE,https://www.youtube.com/watch?v=Z245QtR1lw4,2026-08-24T15:49:41+00:00,,why can't kamala tell the truth?,1,0,1,1,0,0,0,0,0,0,65,2024-09-23,0.1640378548895899,0.015772870662460567,6.453624998892692,-1.6246328866491722
Zc63q4E6xwE,2024-09-24,Republican,party,rnc,GOP,UC3o7kbpTUQ5-0WTMIp8sVwA,UC3o7kbpTUQ5-0WTMIp8sVwA,122,YouTube Shorts,Kamala Harris urged the Senate to reject additional Border Patrol Agents.,"When President Trump requested additional Border Patrol Agents, Kamala Harris urged the Senate to reject his request.",20,348,42,,False,UNPLAYABLE,https://www.youtube.com/watch?v=Zc63q4E6xwE,2026-08-24T15:49:49+00:00,,kamala harris urged the senate to reject additional border patrol agents.,1,0,0,0,0,1,0,0,0,0,65,2024-09-23,0.1206896551724138,,5.855071922202427,-1.975713679445895
LVCn4aRf3hA,2024-09-25,Republican,party,rnc,GOP,UC3o7kbpTUQ5-0WTMIp8sVwA,UC3o7kbpTUQ5-0WTMIp8sVwA,119,YouTube Shorts,They're Hypocrites!,They're Hypocrites!,19,1220,60,8.0,False,UNPLAYABLE,https://www.youtube.com/watch?v=LVCn4aRf3hA,2026-08-24T15:49:38+00:00,,they're hypocrites!,0,0,0,0,0,0,0,0,0,0,66,2024-09-23,0.04918032786885246,0.006557377049180328,7.107425474110705,-2.953962860677696
U1ef-J2dPWY,2024-09-25,Republican,party,rnc,GOP,UC3o7kbpTUQ5-0WTMIp8sVwA,UC3o7kbpTUQ5-0WTMIp8sVwA,121,YouTube Shorts,America can't afford four more years of Kamala's policies.,America can't afford four more years of Kamala's policies.,23,5152,351,13.0,False,UNPLAYABLE,https://www.youtube.com/watch?v=U1ef-J2dPWY,2026-08-24T15:49:40+00:00,,america can't afford four more years of kamala's policies.,1,0,1,1,0,0,0,0,0,0,66,2024-09-23,0.06812888198757763,0.0025232919254658385,8.547334348328224,-2.614473936827308
YCGdu-dgPPI,2024-09-25,Republican,party,rnc,GOP,UC3o7kbpTUQ5-0WTMIp8sVwA,UC3o7kbpTUQ5-0WTMIp8sVwA,120,YouTube Shorts,VOTE TRUMP FOR NO TAXES ON TIPS!,VOTE TRUMP FOR NO TAXES ON TIPS!,16,4015,153,35.0,False,UNPLAYABLE,https://www.youtube.com/watch?v=YCGdu-dgPPI,2026-08-24T15:49:40+00:00,,vote trump for no taxes on tips!,0,1,0,0,1,1,0,0,0,0,66,2024-09-23,0.038107098381070986,0.008717310087173101,8.298041661371565,-3.225369354178749
f33-xuEDZuE,2024-09-26,Democratic,party,dnc,The Democrats,UClkO4MArT2WKWj32YDD_-Ew,UClkO4MArT2WKWj32YDD_-Ew,765,YouTube Shorts,Mark Cuban says Vice President Kamala Harris is better for the business community.,"Vice President Harris and Governor Walz are charting a New Way Forward—to a future where everyone has the opportunity not just to get by, but to get ahead. 

--------------------------------------------------------------------------------------------------------------------

Text ‘FIGHT’ to 43367
Click to activate your support: win.dnc.org/ytd",28,3353,139,33.0,False,UNPLAYABLE,https://www.youtube.com/watch?v=f33-xuEDZuE,2026-08-24T15:48:07+00:00,,mark cuban says vice president kamala harris is better for the business community.,0,1,0,0,0,1,0,0,0,0,67,2024-09-23,0.04145541306292872,0.009841932597673724,8.117908942383155,-3.137362502320321
5tMzdk1b8uU,2024-09-26,Republican,party,rnc,GOP,UC3o7kbpTUQ5-0WTMIp8sVwA,UC3o7kbpTUQ5-0WTMIp8sVwA,118,YouTube Shorts,Kamala says the American Dream is dead.,"Kamala says the American Dream is dead.

President Trump will RESTORE the American Dream. The choice is clear.",23,23907,1297,117.0,False,UNPLAYABLE,https://www.youtube.com/watch?v=5tMzdk1b8uU,2026-08-24T15:49:44+00:00,,kamala says the american dream is dead.,1,0,1,1,0,0,0,0,0,0,67,2024-09-23,0.05425189275107709,0.004893964110929853,10.081968409944144,-2.85797506409626
PkJEBTPXRYs,2024-09-26,Republican,party,rnc,GOP,UC3o7kbpTUQ5-0WTMIp8sVwA,UC3o7kbpTUQ5-0WTMIp8sVwA,117,YouTube Shorts,Which is it Doug?,Which is it Doug?,39,1415,50,16.0,False,UNPLAYABLE,https://www.youtube.com/watch?v=PkJEBTPXRYs,2026-08-24T15:49:37+00:00,,which is it doug?,0,0,0,0,0,0,1,0,0,0,67,2024-09-23,0.0353356890459364,0.011307420494699646,7.255591274253665,-3.2973026046324456
ipdLz1wYK1w,2024-09-26,Republican,candidate,trump,Donald J Trump,UCAql2DyGU2un1Ei2nMYsqOA,UCAql2DyGU2un1Ei2nMYsqOA,11,YouTube Shorts,"""Grandpa, you are such an inspiration, and I love you."" ❤️",,60,234260,21690,1200.0,False,UNPLAYABLE,https://www.youtube.com/watch?v=ipdLz1wYK1w,2026-08-24T15:52:55+00:00,,"""grandpa, you are such an inspiration, and i love you."" ❤️",0,0,0,0,0,0,1,0,0,1,67,2024-09-23,0.09258943054725519,0.005122513446597797,12.36419115737596,-2.2823993213777847
pm9LqT2h9VI,2024-09-28,Republican,party,rnc,GOP,UC3o7kbpTUQ5-0WTMIp8sVwA,UC3o7kbpTUQ5-0WTMIp8sVwA,116,YouTube Shorts,Kamala Harris has overseen the worst border crisis in American history,"Kamala Harris has overseen the worst border crisis in American history and is lying about her so-called ""plan""",22,652,131,8.0,False,UNPLAYABLE,https://www.youtube.com/watch?v=pm9LqT2h9VI,2026-08-24T15:49:45+00:00,,kamala harris has overseen the worst border crisis in american history,1,0,1,1,0,1,0,0,0,0,69,2024-09-23,0.200920245398773,0.012269938650306749,6.481577129276431,-1.377702422823008
qtcVH-khqUA,2024-09-28,Republican,party,rnc,GOP,UC3o7kbpTUQ5-0WTMIp8sVwA,UC3o7kbpTUQ5-0WTMIp8sVwA,115,YouTube Shorts,MAGA!,MAGA!,30,686,104,12.0,False,UNPLAYABLE,https://www.youtube.com/watch?v=qtcVH-khqUA,2026-08-24T15:49:37+00:00,,maga!,0,1,0,0,0,0,0,0,0,0,69,2024-09-23,0.15160349854227406,0.01749271137026239,6.532334292222349,-1.71814211403499
_wTs_aM7wSA,2024-09-28,Republican,candidate,trump,Donald J Trump,UCAql2DyGU2un1Ei2nMYsqOA,UCAql2DyGU2un1Ei2nMYsqOA,10,YouTube Shorts,VOTE FOR GRANDPA 🇺🇸,,18,251589,24775,1800.0,False,UNPLAYABLE,https://www.youtube.com/watch?v=_wTs_aM7wSA,2026-08-24T15:53:05+00:00,,vote for grandpa 🇺🇸,0,0,0,0,1,0,1,0,0,0,69,2024-09-23,0.09847409862911335,0.007154525833800365,12.435556057390563,-2.2142772411434533
wlMnfT1WBFE,2024-09-29,Republican,candidate,trump,Donald J Trump,UCAql2DyGU2un1Ei2nMYsqOA,UCAql2DyGU2un1Ei2nMYsqOA,9,YouTube Shorts,SAVE OUR ECONOMY - VOTE TRUMP!,,21,438134,39536,4700.0,False,UNPLAYABLE,https://www.youtube.com/watch?v=wlMnfT1WBFE,2026-08-24T15:53:05+00:00,,save our economy - vote trump!,0,1,0,0,1,1,0,0,0,1,70,2024-09-23,0.09023723335783117,0.010727311735679038,12.990282361046892,-2.310730348732489
7jmSVYEkTV0,2024-09-30,Democratic,party,dnc,The Democrats,UClkO4MArT2WKWj32YDD_-Ew,UClkO4MArT2WKWj32YDD_-Ew,764,YouTube Shorts,Vice President Kamala Harris is ready to lead on day one,Kamala Harris has spent her career fighting for the people.,19,3970,288,84.0,False,UNPLAYABLE,https://www.youtube.com/watch?v=7jmSVYEkTV0,2026-08-24T15:48:08+00:00,,vice president kamala harris is ready to lead on day one,0,1,0,0,0,0,0,0,0,0,71,2024-09-30,0.072544080604534,0.02115869017632242,8.286773231131251,-2.546652062388631
sshKyGmjqcU,2024-09-30,Democratic,party,dnc,The Democrats,UClkO4MArT2WKWj32YDD_-Ew,UClkO4MArT2WKWj32YDD_-Ew,763,YouTube Shorts,We have to legalize it,"Well said, Vice President Harris.",28,8245,259,56.0,False,UNPLAYABLE,https://www.youtube.com/watch?v=sshKyGmjqcU,2026-08-24T15:48:08+00:00,,we have to legalize it,0,0,0,0,0,1,0,0,0,1,71,2024-09-30,0.031412977562158884,0.006791995148574894,9.017483513266844,-3.4267511926240677
4eM-eCzDMAY,2024-09-30,Republican,candidate,trump,Donald J Trump,UCAql2DyGU2un1Ei2nMYsqOA,UCAql2DyGU2un1Ei2nMYsqOA,8,YouTube Shorts,Kamala couldn't even be bothered to acknowledge these Angel Moms...,,56,195550,17456,1500.0,False,UNPLAYABLE,https://www.youtube.com/watch?v=4eM-eCzDMAY,2026-08-24T15:52:53+00:00,,kamala couldn't even be bothered to acknowledge these angel moms...,1,0,1,1,0,0,0,0,0,0,71,2024-09-30,0.08926617233444131,0.0076706724622858605,12.183576493952227,-2.322602236164661
W5jSQP0oY0U,2024-10-01,Republican,party,rnc,GOP,UC3o7kbpTUQ5-0WTMIp8sVwA,UC3o7kbpTUQ5-0WTMIp8sVwA,113,YouTube Shorts,Sen. JD Vance correctly pointed out Kamala's dangerous failures and Walz nodded in agreement.,"Sen. JD Vance correctly pointed out that Kamala has allowed cartels to operate freely in the U.S., and Walz nodded in agreement.",13,690,108,5.0,False,UNPLAYABLE,https://www.youtube.com/watch?v=W5jSQP0oY0U,2026-08-24T15:49:36+00:00,,sen. jd vance correctly pointed out kamala's dangerous failures and walz nodded in agreement.,1,1,1,1,0,0,0,0,0,0,72,2024-09-30,0.1565217391304348,0.007246376811594203,6.53813982376767,-1.6805790124593414
bpQHgsQlPfQ,2024-10-01,Republican,party,rnc,GOP,UC3o7kbpTUQ5-0WTMIp8sVwA,UC3o7kbpTUQ5-0WTMIp8sVwA,114,YouTube Shorts,This is the Kamala-Walz platform. Radical and Dangerously Liberal.,"This is the Kamala-Walz platform.

Radical and Dangerously Liberal.",17,1298,48,6.0,False,UNPLAYABLE,https://www.youtube.com/watch?v=bpQHgsQlPfQ,2026-08-24T15:49:36+00:00,,this is the kamala-walz platform. radical and dangerously liberal.,1,0,1,1,0,0,0,0,0,0,72,2024-09-30,0.03697996918335902,0.004622496147919877,7.1693500166706,-3.2497349523742365
vNchrx5uZd8,2024-10-01,Republican,party,rnc,GOP,UC3o7kbpTUQ5-0WTMIp8sVwA,UC3o7kbpTUQ5-0WTMIp8sVwA,112,YouTube Shorts,Tim Walz is a liar.,Tim Walz is a liar.,43,852,140,9.0,False,UNPLAYABLE,https://www.youtube.com/watch?v=vNchrx5uZd8,2026-08-24T15:49:35+00:00,,tim walz is a liar.,1,0,1,1,0,0,0,0,0,0,72,2024-09-30,0.1643192488262911,0.01056338028169014,6.748759547491679,-1.623572423369005
wRn4fgV_SpI,2024-10-01,Republican,party,rnc,GOP,UC3o7kbpTUQ5-0WTMIp8sVwA,UC3o7kbpTUQ5-0WTMIp8sVwA,111,YouTube Shorts,KAMALA! YOU'RE FIRED!,KAMALA! YOU'RE FIRED!,43,2331,256,10.0,False,UNPLAYABLE,https://www.youtube.com/watch?v=wRn4fgV_SpI,2026-08-24T15:49:35+00:00,,kamala! you're fired!,1,0,1,1,0,0,0,0,0,0,72,2024-09-30,0.10982410982410983,0.00429000429000429,7.754481547470383,-2.0908287028822694
fFjvlcRxcNg,2024-10-02,Republican,party,rnc,GOP,UC3o7kbpTUQ5-0WTMIp8sVwA,UC3o7kbpTUQ5-0WTMIp8sVwA,110,YouTube Shorts,Tim Walz is lying right to your face.,Tim Walz is lying right to your face.,7,856,113,3.0,False,UNPLAYABLE,https://www.youtube.com/watch?v=fFjvlcRxcNg,2026-08-24T15:49:35+00:00,,tim walz is lying right to your face.,1,0,1,1,0,0,0,0,0,0,73,2024-09-30,0.13200934579439252,0.0035046728971962616,6.75343791859778,-1.8795659289787525
44xtbK9n44M,2024-10-03,Democratic,candidate,harris,Kamala Harris,UC0XBsJpPhOLg0k4x9ZwrWzw,UC0XBsJpPhOLg0k4x9ZwrWzw,167,YouTube Shorts,The burden of these natural disasters on local and state governments has been immense.,"The burden of these natural disasters on local and state governments has been immense. 

Yesterday, we announced that the federal government will reimburse 100% of local costs to get relief to those impacted by Hurricane Helene as quickly as possible.",31,57824,3464,421.0,False,UNPLAYABLE,https://www.youtube.com/watch?v=44xtbK9n44M,2026-08-24T15:52:32+00:00,,the burden of these natural disasters on local and state governments has been immense.,0,0,0,0,0,0,0,0,0,0,74,2024-09-30,0.05990592141671278,0.00728071389042612,10.96517648709964,-2.7530694650950047
C-5RYB6l0z0,2024-10-03,Democratic,candidate,harris,Kamala Harris,UC0XBsJpPhOLg0k4x9ZwrWzw,UC0XBsJpPhOLg0k4x9ZwrWzw,166,YouTube Shorts,President Biden and I will continue to make sure that communities have the support that they need.,"President Biden and I will continue to make sure that communities have the support and the resources that they need not only to respond to this storm and its immediate aftermath, but also the resources they will need to recover.",7,1914955,30690,2700.0,False,UNPLAYABLE,https://www.youtube.com/watch?v=C-5RYB6l0z0,2026-08-24T15:52:32+00:00,,president biden and i will continue to make sure that communities have the support that they need.,0,1,0,0,0,0,0,1,0,1,74,2024-09-30,0.016026486262079264,0.001409954803115478,14.465205203831614,-4.117340208323686
bugo6K7G0PE,2024-10-03,Democratic,candidate,harris,Kamala Harris,UC0XBsJpPhOLg0k4x9ZwrWzw,UC0XBsJpPhOLg0k4x9ZwrWzw,168,YouTube Shorts,"While in Augusta, Georgia yesterday, I spoke with people impacted by Hurricane Helene.","Over the past few days, communities in the southeast have endured destruction and devastation.

While in Augusta, Georgia yesterday, I spoke with people impacted by Hurricane Helene, and received briefings from those who are working around the clock to help folks on the ground. We will continue to do everything we can to help communities recover.",15,94622,8162,1100.0,False,UNPLAYABLE,https://www.youtube.com/watch?v=bugo6K7G0PE,2026-08-24T15:52:34+00:00,,"while in augusta, georgia yesterday, i spoke with people impacted by hurricane helene.",0,0,0,0,0,0,0,0,0,1,74,2024-09-30,0.08625900953266682,0.011625203441060218,11.457655854452971,-2.360137167641265
dPVqzql38AY,2024-10-03,Republican,party,rnc,GOP,UC3o7kbpTUQ5-0WTMIp8sVwA,UC3o7kbpTUQ5-0WTMIp8sVwA,109,YouTube Shorts,Kamala Harris's values have not changed. She will ban fracking.,"Kamala Harris's values have not changed. She will ban fracking, costing our country thousands of jobs.",40,12316,695,67.0,False,UNPLAYABLE,https://www.youtube.com/watch?v=dPVqzql38AY,2026-08-24T15:49:33+00:00,,kamala harris's values have not changed. she will ban fracking.,1,0,1,1,0,1,0,0,0,0,74,2024-09-30,0.05643065930496915,0.005440077947385514,9.418735700941484,-2.815981098490984
EWn9wU_FvZE,2024-10-04,Democratic,candidate,harris,Kamala Harris,UC0XBsJpPhOLg0k4x9ZwrWzw,UC0XBsJpPhOLg0k4x9ZwrWzw,164,YouTube Shorts,"Marking 32 days left till Election Day with #32. Great seeing you, Magic!",Go to IWillVote.com!,8,74139,6549,877.0,False,UNPLAYABLE,https://www.youtube.com/watch?v=EWn9wU_FvZE,2026-08-24T15:52:33+00:00,,"marking 32 days left till election day with #32. great seeing you, magic!",0,0,0,0,0,0,0,0,0,0,75,2024-09-30,0.08833407518310202,0.011829131766007094,11.213710476704723,-2.33407872977335
MmYw5mQtgYM,2024-10-04,Democratic,candidate,harris,Kamala Harris,UC0XBsJpPhOLg0k4x9ZwrWzw,UC0XBsJpPhOLg0k4x9ZwrWzw,165,YouTube Shorts,Our HBCUs are centers of academic excellence.,"Our HBCUs are centers of academic excellence, and I have fought to make sure they are funded as such.",48,37483,2852,282.0,False,UNPLAYABLE,https://www.youtube.com/watch?v=MmYw5mQtgYM,2026-08-24T15:52:32+00:00,,our hbcus are centers of academic excellence.,0,0,0,0,0,0,0,0,0,1,75,2024-09-30,0.0760878264813382,0.007523410612811141,10.531669454243714,-2.4965678697669262
CPK_S88uSKE,2024-10-06,Democratic,candidate,harris,Kamala Harris,UC0XBsJpPhOLg0k4x9ZwrWzw,UC0XBsJpPhOLg0k4x9ZwrWzw,161,YouTube Shorts,Can you think of any law that gives the government the power to make a decision about a man’s body?,"Help Vice President Kamala Harris and Governor Tim Walz put policies in place that protect our fundamental freedoms and defeat Donald Trump and MAGA Republicans this election. Take action at go.kamalaharris.com.
--------------------------------------
Follow Vice President Kamala Harris!

Kamala's Twitter: https://twitter.com/KamalaHarris
Kamala's Tiktok: www.tiktok.com/@kamalaharris
Kamala’s Instagram: https://www.instagram.com/KamalaHarris  
Kamala's Twitch: https://www.twitch.tv/kamalaharris
Kamala's Facebook: https://www.facebook.com/KamalaHarris
Kamala's Threads: https://www.threads.net/@kamalaharris

#KamalaHarris #Harris2024",59,1367591,56633,5400.0,False,UNPLAYABLE,https://www.youtube.com/watch?v=CPK_S88uSKE,2026-08-24T15:52:32+00:00,,can you think of any law that gives the government the power to make a decision about a man's body?,0,0,0,0,0,0,0,0,0,0,77,2024-09-30,0.04141077266521935,0.003948548944823416,14.128562087066529,-3.1419131451246045
ENpK4SXH0oY,2024-10-06,Democratic,candidate,harris,Kamala Harris,UC0XBsJpPhOLg0k4x9ZwrWzw,UC0XBsJpPhOLg0k4x9ZwrWzw,162,YouTube Shorts,"I am so thankful for our firefighters' character, service, and dedication to our communities.","My brother-in-law just retired as a firefighter. I’ve seen what it means for someone to step into the firehouse to work a long, unpredictable, and dangerous shift to help people they’ve never met.

I am so thankful for their character, service, and dedication to our communities.
--------------------------------------
Follow Vice President Kamala Harris!

Kamala's Twitter: https://twitter.com/KamalaHarris
Kamala's Tiktok: www.tiktok.com/@kamalaharris
Kamala’s Instagram: https://www.instagram.com/KamalaHarris  
Kamala's Twitch: https://www.twitch.tv/kamalaharris
Kamala's Facebook: https://www.facebook.com/KamalaHarris
Kamala's Threads: https://www.threads.net/@kamalaharris

#KamalaHarris #Harris2024",29,39026,4438,391.0,False,UNPLAYABLE,https://www.youtube.com/watch?v=ENpK4SXH0oY,2026-08-24T15:52:32+00:00,,"i am so thankful for our firefighters' character, service, and dedication to our communities.",0,0,0,0,0,0,0,0,0,1,77,2024-09-30,0.11371905908881258,0.01001896171782914,10.57200899326967,-2.0532047753481137
Khg_JvrIqLk,2024-10-06,Democratic,candidate,harris,Kamala Harris,UC0XBsJpPhOLg0k4x9ZwrWzw,UC0XBsJpPhOLg0k4x9ZwrWzw,160,YouTube Shorts,The government or Donald Trump shouldn’t be telling women what to do with their bodies.,"Help Vice President Kamala Harris and Governor Tim Walz put policies in place that protect our fundamental freedoms and defeat Donald Trump and MAGA Republicans this election. Take action at go.kamalaharris.com.
--------------------------------------
Follow Vice President Kamala Harris!

Kamala's Twitter: https://twitter.com/KamalaHarris
Kamala's Tiktok: www.tiktok.com/@kamalaharris
Kamala’s Instagram: https://www.instagram.com/KamalaHarris  
Kamala's Twitch: https://www.twitch.tv/kamalaharris
Kamala's Facebook: https://www.facebook.com/KamalaHarris
Kamala's Threads: https://www.threads.net/@kamalaharris

#KamalaHarris #Harris2024",57,112797,9734,611.0,False,UNPLAYABLE,https://www.youtube.com/watch?v=Khg_JvrIqLk,2026-08-24T15:52:32+00:00,,the government or donald trump shouldn't be telling women what to do with their bodies.,1,0,0,0,0,0,0,0,0,0,77,2024-09-30,0.08629662136404337,0.005416810730781847,11.633353887392454,-2.3596690266861295
h24J3pasFkM,2024-10-06,Democratic,candidate,harris,Kamala Harris,UC0XBsJpPhOLg0k4x9ZwrWzw,UC0XBsJpPhOLg0k4x9ZwrWzw,159,YouTube Shorts,I am grateful for the support of Liz Cheney and so many who have chosen to put country over party.,"Help Vice President Kamala Harris and Governor Tim Walz put policies in place that protect our fundamental freedoms and defeat Donald Trump and MAGA Republicans this election. Take action at go.kamalaharris.com.
--------------------------------------
Follow Vice President Kamala Harris!

Kamala's Twitter: https://twitter.com/KamalaHarris
Kamala's Tiktok: www.tiktok.com/@kamalaharris
Kamala’s Instagram: https://www.instagram.com/KamalaHarris  
Kamala's Twitch: https://www.twitch.tv/kamalaharris
Kamala's Facebook: https://www.facebook.com/KamalaHarris
Kamala's Threads: https://www.threads.net/@kamalaharris

#KamalaHarris #Harris2024",30,598499,34823,2300.0,False,UNPLAYABLE,https://www.youtube.com/watch?v=h24J3pasFkM,2026-08-24T15:52:31+00:00,,i am grateful for the support of liz cheney and so many who have chosen to put country over party.,0,0,0,0,0,0,0,1,0,1,77,2024-09-30,0.05818389003156229,0.003842947106010202,13.302181803980165,-2.7841880591441046
uxJ_jxbWI4A,2024-10-06,Democratic,candidate,harris,Kamala Harris,UC0XBsJpPhOLg0k4x9ZwrWzw,UC0XBsJpPhOLg0k4x9ZwrWzw,163,YouTube Shorts,It was good to be back in Michigan.,"Help Vice President Kamala Harris and Governor Tim Walz put policies in place that protect our fundamental freedoms and defeat Donald Trump and MAGA Republicans this election. Take action at go.kamalaharris.com.
--------------------------------------
Follow Vice President Kamala Harris!

Kamala's Twitter: https://twitter.com/KamalaHarris
Kamala's Tiktok: www.tiktok.com/@kamalaharris
Kamala’s Instagram: https://www.instagram.com/KamalaHarris  
Kamala's Twitch: https://www.twitch.tv/kamalaharris
Kamala's Facebook: https://www.facebook.com/KamalaHarris
Kamala's Threads: https://www.threads.net/@kamalaharris

#KamalaHarris #Harris2024",9,204701,10071,757.0,False,UNPLAYABLE,https://www.youtube.com/watch?v=uxJ_jxbWI4A,2026-08-24T15:52:32+00:00,,it was good to be back in michigan.,0,0,0,0,0,0,0,1,0,0,77,2024-09-30,0.0491985872076834,0.00369807670700192,12.229310541997352,-2.9613932362918756
9wEty1jv2Ks,2024-10-06,Republican,party,rnc,GOP,UC3o7kbpTUQ5-0WTMIp8sVwA,UC3o7kbpTUQ5-0WTMIp8sVwA,108,YouTube Shorts,The Republican Party is the party of Unity!,The Republican Party is the party of Unity!,27,3182,195,52.0,False,UNPLAYABLE,https://www.youtube.com/watch?v=9wEty1jv2Ks,2026-08-24T15:49:33+00:00,,the republican party is the party of unity!,0,1,0,0,0,0,0,0,0,0,77,2024-09-30,0.06128221244500314,0.016341923318667503,8.065579427282092,-2.7266318168143457
Jp8jAk-tvjY,2024-10-07,Democratic,party,dnc,The Democrats,UClkO4MArT2WKWj32YDD_-Ew,UClkO4MArT2WKWj32YDD_-Ew,762,YouTube Shorts,JD Vance being JD Vance,"JD Vance being JD Vance

--------------------------------------------------------------------------------------------------------------------

Text ‘FIGHT’ to 43367
Click to activate your support: win.dnc.org/ytd",29,6169,233,34.0,False,UNPLAYABLE,https://www.youtube.com/watch?v=Jp8jAk-tvjY,2026-08-24T15:48:06+00:00,,jd vance being jd vance,1,0,0,0,0,0,0,0,1,0,78,2024-10-07,0.037769492624412385,0.005511428108283352,8.727454116899434,-3.235692935996895
Fkb4dueln04,2024-10-07,Democratic,candidate,harris,Kamala Harris,UC0XBsJpPhOLg0k4x9ZwrWzw,UC0XBsJpPhOLg0k4x9ZwrWzw,155,YouTube Shorts,I will be a president on behalf of all Americans.,"Help Vice President Kamala Harris and Governor Tim Walz put policies in place that protect our fundamental freedoms and defeat Donald Trump and MAGA Republicans this election. Take action at go.kamalaharris.com.
--------------------------------------
Follow Vice President Kamala Harris!

Kamala's Twitter: https://twitter.com/KamalaHarris
Kamala's Tiktok: www.tiktok.com/@kamalaharris
Kamala’s Instagram: https://www.instagram.com/KamalaHarris  
Kamala's Twitch: https://www.twitch.tv/kamalaharris
Kamala's Facebook: https://www.facebook.com/KamalaHarris
Kamala's Threads: https://www.threads.net/@kamalaharris

#KamalaHarris #Harris2024",40,447712,16858,2400.0,False,UNPLAYABLE,https://www.youtube.com/watch?v=Fkb4dueln04,2026-08-24T15:52:26+00:00,,i will be a president on behalf of all americans.,0,0,0,0,0,0,0,0,0,1,78,2024-10-07,0.03765367021656779,0.005360588950039311,13.011907681109248,-3.2409154654571717
kjk0wjit-84,2024-10-07,Democratic,candidate,harris,Kamala Harris,UC0XBsJpPhOLg0k4x9ZwrWzw,UC0XBsJpPhOLg0k4x9ZwrWzw,157,YouTube Shorts,Moments of crisis bring out the best of who we are. The NC National Guard epitomizes that.,"Moments of crisis bring out the best of who we are—and the North Carolina National Guard epitomizes that important and good work.

Thank you for all you continue to do as we respond to the devastation of Hurricane Helene.",12,820517,24066,1400.0,False,UNPLAYABLE,https://www.youtube.com/watch?v=kjk0wjit-84,2026-08-24T15:52:27+00:00,,moments of crisis bring out the best of who we are. the nc national guard epitomizes that.,0,0,1,0,0,0,0,0,0,1,78,2024-10-07,0.029330288098844998,0.001706241308833333,13.61769112711443,-3.499345404097337
rnkJPjJkZlU,2024-10-07,Democratic,candidate,harris,Kamala Harris,UC0XBsJpPhOLg0k4x9ZwrWzw,UC0XBsJpPhOLg0k4x9ZwrWzw,153,YouTube Shorts,The American people are ready to turn the page.,"Help Vice President Kamala Harris and Governor Tim Walz put policies in place that protect our fundamental freedoms and defeat Donald Trump and MAGA Republicans this election. Take action at go.kamalaharris.com.
--------------------------------------
Follow Vice President Kamala Harris!

Kamala's Twitter: https://twitter.com/KamalaHarris
Kamala's Tiktok: www.tiktok.com/@kamalaharris
Kamala’s Instagram: https://www.instagram.com/KamalaHarris  
Kamala's Twitch: https://www.twitch.tv/kamalaharris
Kamala's Facebook: https://www.facebook.com/KamalaHarris
Kamala's Threads: https://www.threads.net/@kamalaharris

#KamalaHarris #Harris2024",41,150257,9139,1500.0,False,UNPLAYABLE,https://www.youtube.com/watch?v=rnkJPjJkZlU,2026-08-24T15:52:26+00:00,,the american people are ready to turn the page.,0,0,0,0,0,0,0,0,0,0,78,2024-10-07,0.060822457522777644,0.009982895971568713,11.920109095572357,-2.736994283575768
u_7DsDO7znw,2024-10-07,Democratic,candidate,harris,Kamala Harris,UC0XBsJpPhOLg0k4x9ZwrWzw,UC0XBsJpPhOLg0k4x9ZwrWzw,158,YouTube Shorts,"Federal, state, and local governments are working to coordinate our approach to Hurricane Helene.","Federal, state, and local governments are working hand-in-hand to coordinate our approach to Hurricane Helene and ensure the communities impacted are getting the substantial resources they need.

We are in this for the long haul.",56,113978,15919,865.0,False,UNPLAYABLE,https://www.youtube.com/watch?v=u_7DsDO7znw,2026-08-24T15:52:27+00:00,,"federal, state, and local governments are working to coordinate our approach to hurricane helene.",0,0,0,0,0,0,0,0,0,1,78,2024-10-07,0.1396673042166032,0.007589183877590412,11.643769499881474,-1.8180296644032086
vd-wO4aq8g4,2024-10-07,Democratic,candidate,harris,Kamala Harris,UC0XBsJpPhOLg0k4x9ZwrWzw,UC0XBsJpPhOLg0k4x9ZwrWzw,154,YouTube Shorts,"My background is in law enforcement. Yes, I own a Glock.","Help Vice President Kamala Harris and Governor Tim Walz put policies in place that protect our fundamental freedoms and defeat Donald Trump and MAGA Republicans this election. Take action at go.kamalaharris.com.
--------------------------------------
Follow Vice President Kamala Harris!

Kamala's Twitter: https://twitter.com/KamalaHarris
Kamala's Tiktok: www.tiktok.com/@kamalaharris
Kamala’s Instagram: https://www.instagram.com/KamalaHarris  
Kamala's Twitch: https://www.twitch.tv/kamalaharris
Kamala's Facebook: https://www.facebook.com/KamalaHarris
Kamala's Threads: https://www.threads.net/@kamalaharris

#KamalaHarris #Harris2024",24,458420,12375,1100.0,False,UNPLAYABLE,https://www.youtube.com/watch?v=vd-wO4aq8g4,2026-08-24T15:52:26+00:00,,"my background is in law enforcement. yes, i own a glock.",0,0,0,0,0,0,0,0,0,1,78,2024-10-07,0.026994895510667073,0.002399546267614851,13.035543254851676,-3.5847022530748713
zT2FcHbHNg8,2024-10-07,Democratic,candidate,harris,Kamala Harris,UC0XBsJpPhOLg0k4x9ZwrWzw,UC0XBsJpPhOLg0k4x9ZwrWzw,156,YouTube Shorts,Nothing compares to moments like these on the campaign trail.,"Help Vice President Kamala Harris and Governor Tim Walz put policies in place that protect our fundamental freedoms and defeat Donald Trump and MAGA Republicans this election. Take action at go.kamalaharris.com.
--------------------------------------
Follow Vice President Kamala Harris!

Kamala's Twitter: https://twitter.com/KamalaHarris
Kamala's Tiktok: www.tiktok.com/@kamalaharris
Kamala’s Instagram: https://www.instagram.com/KamalaHarris  
Kamala's Twitch: https://www.twitch.tv/kamalaharris
Kamala's Facebook: https://www.facebook.com/KamalaHarris
Kamala's Threads: https://www.threads.net/@kamalaharris

#KamalaHarris #Harris2024",59,2346652,143267,5700.0,False,UNPLAYABLE,https://www.youtube.com/watch?v=zT2FcHbHNg8,2026-08-24T15:52:27+00:00,,nothing compares to moments like these on the campaign trail.,0,0,0,0,0,0,0,0,0,0,78,2024-10-07,0.061051659981965795,0.0024289924539301097,14.66850061558552,-2.7330368079631584
ARl7ORPpXXo,2024-10-07,Republican,party,rnc,GOP,UC3o7kbpTUQ5-0WTMIp8sVwA,UC3o7kbpTUQ5-0WTMIp8sVwA,106,YouTube Shorts,Kamala is Joe - Joe is Kamala,"Kamala is Joe - Joe is Kamala

She owns the failures of the Harris-Biden administration.",29,5545,193,18.0,False,UNPLAYABLE,https://www.youtube.com/watch?v=ARl7ORPpXXo,2026-08-24T15:49:38+00:00,,kamala is joe - joe is kamala,1,0,0,0,0,0,0,0,0,0,78,2024-10-07,0.034806131650135255,0.0032461677186654643,8.620832226175724,-3.3200415079940013
I2lxeDMAJdI,2024-10-07,Republican,party,rnc,GOP,UC3o7kbpTUQ5-0WTMIp8sVwA,UC3o7kbpTUQ5-0WTMIp8sVwA,107,YouTube Shorts,WOMEN FOR TRUMP!,WOMEN FOR TRUMP! 🇺🇸,14,2178,111,23.0,False,UNPLAYABLE,https://www.youtube.com/watch?v=I2lxeDMAJdI,2026-08-24T15:49:32+00:00,,women for trump!,0,1,0,0,0,0,0,0,0,0,78,2024-10-07,0.05096418732782369,0.010560146923783287,7.68662133494462,-2.920070835997673
yxgNYet_Vls,2024-10-08,Democratic,party,dnc,The Democrats,UClkO4MArT2WKWj32YDD_-Ew,UClkO4MArT2WKWj32YDD_-Ew,761,YouTube Shorts,No Democrats voted against it,"No Democrats voted against it.

We’re fighting for a brighter, more equal future: rolling up our sleeves and organizing everywhere to build a better America for all.

--------------------------------------------------------------------------------------------------------------------

Text ‘FIGHT’ to 43367
Click to activate your support: win.dnc.org/ytd",9,16994,398,270.0,False,UNPLAYABLE,https://www.youtube.com/watch?v=yxgNYet_Vls,2026-08-24T15:48:20+00:00,,no democrats voted against it,0,1,0,0,0,0,0,0,0,0,79,2024-10-07,0.023420030599034955,0.015887960456631753,9.740674462130217,-3.729239610510282
1xLUmICjvuM,2024-10-08,Democratic,candidate,harris,Kamala Harris,UC0XBsJpPhOLg0k4x9ZwrWzw,UC0XBsJpPhOLg0k4x9ZwrWzw,150,YouTube Shorts,"The champagne of beers. Thank you for having me, @ColbertLateShow!","Help Vice President Kamala Harris and Governor Tim Walz put policies in place that protect our fundamental freedoms and defeat Donald Trump and MAGA Republicans this election. Take action at go.kamalaharris.com.
--------------------------------------
Follow Vice President Kamala Harris!

Kamala's Twitter: https://twitter.com/KamalaHarris
Kamala's Tiktok: www.tiktok.com/@kamalaharris
Kamala’s Instagram: https://www.instagram.com/KamalaHarris  
Kamala's Twitch: https://www.twitch.tv/kamalaharris
Kamala's Facebook: https://www.facebook.com/KamalaHarris
Kamala's Threads: https://www.threads.net/@kamalaharris

#KamalaHarris #Harris2024",58,324223,21847,1200.0,False,UNPLAYABLE,https://www.youtube.com/watch?v=1xLUmICjvuM,2026-08-24T15:52:25+00:00,,"the champagne of beers. thank you for having me, @colbertlateshow!",0,0,0,0,0,0,0,0,0,1,79,2024-10-07,0.06738263479148611,0.003701156302914969,12.689189913921293,-2.627586431125898
aBDHXnA_1P4,2024-10-08,Democratic,candidate,harris,Kamala Harris,UC0XBsJpPhOLg0k4x9ZwrWzw,UC0XBsJpPhOLg0k4x9ZwrWzw,151,YouTube Shorts,Here’s what was going through my mind during the debate.,"Help Vice President Kamala Harris and Governor Tim Walz put policies in place that protect our fundamental freedoms and defeat Donald Trump and MAGA Republicans this election. Take action at go.kamalaharris.com.
--------------------------------------
Follow Vice President Kamala Harris!

Kamala's Twitter: https://twitter.com/KamalaHarris
Kamala's Tiktok: www.tiktok.com/@kamalaharris
Kamala’s Instagram: https://www.instagram.com/KamalaHarris  
Kamala's Twitch: https://www.twitch.tv/kamalaharris
Kamala's Facebook: https://www.facebook.com/KamalaHarris
Kamala's Threads: https://www.threads.net/@kamalaharris

#KamalaHarris #Harris2024",44,831567,57011,2800.0,False,UNPLAYABLE,https://www.youtube.com/watch?v=aBDHXnA_1P4,2026-08-24T15:52:32+00:00,,here's what was going through my mind during the debate.,0,0,0,0,0,0,0,0,0,1,79,2024-10-07,0.06855851663185288,0.0033671369835503334,13.63106835418714,-2.609037605615854
vUGvzKa1vDg,2024-10-08,Democratic,candidate,harris,Kamala Harris,UC0XBsJpPhOLg0k4x9ZwrWzw,UC0XBsJpPhOLg0k4x9ZwrWzw,152,YouTube Shorts,We’ve got a little Magic on our side.,"Help Vice President Kamala Harris and Governor Tim Walz put policies in place that protect our fundamental freedoms and defeat Donald Trump and MAGA Republicans this election. Take action at go.kamalaharris.com.
--------------------------------------
Follow Vice President Kamala Harris!

Kamala's Twitter: https://twitter.com/KamalaHarris
Kamala's Tiktok: www.tiktok.com/@kamalaharris
Kamala’s Instagram: https://www.instagram.com/KamalaHarris  
Kamala's Twitch: https://www.twitch.tv/kamalaharris
Kamala's Facebook: https://www.facebook.com/KamalaHarris
Kamala's Threads: https://www.threads.net/@kamalaharris

#KamalaHarris #Harris2024",16,650390,32925,1600.0,False,UNPLAYABLE,https://www.youtube.com/watch?v=vUGvzKa1vDg,2026-08-24T15:52:26+00:00,,we've got a little magic on our side.,0,0,0,0,0,0,0,0,0,1,79,2024-10-07,0.05062347207060379,0.0024600624240840112,13.38532899948162,-2.931375762953085
T_hQcgmUjZg,2024-10-08,Republican,party,rnc,GOP,UC3o7kbpTUQ5-0WTMIp8sVwA,UC3o7kbpTUQ5-0WTMIp8sVwA,105,YouTube Shorts,"Don't be fooled, Kamala's values have NOT changed. She is Dangerously Liberal.","Don't be fooled, Kamala's values have NOT changed.

She is Dangerously Liberal.",48,4192,158,37.0,False,UNPLAYABLE,https://www.youtube.com/watch?v=T_hQcgmUjZg,2026-08-24T15:49:31+00:00,,"don't be fooled, kamala's values have not changed. she is dangerously liberal.",1,0,1,1,0,0,0,0,0,0,79,2024-10-07,0.03769083969465649,0.008826335877862596,8.341171747170762,-3.236883063971226
Puw_CR1M67U,2024-10-09,Democratic,candidate,harris,Kamala Harris,UC0XBsJpPhOLg0k4x9ZwrWzw,UC0XBsJpPhOLg0k4x9ZwrWzw,148,YouTube Shorts,"During my visit to North Carolina, I helped pack resources for those affected by Hurricane Helene.",,49,147133,15956,817.0,False,UNPLAYABLE,https://www.youtube.com/watch?v=Puw_CR1M67U,2026-08-24T15:52:22+00:00,,"during my visit to north carolina, i helped pack resources for those affected by hurricane helene.",0,0,0,0,0,0,0,0,0,1,80,2024-10-07,0.1084460997872673,0.00555279916809961,11.899099015164007,-2.1066850981741165
RlXLpzQiwLY,2024-10-09,Democratic,candidate,harris,Kamala Harris,UC0XBsJpPhOLg0k4x9ZwrWzw,UC0XBsJpPhOLg0k4x9ZwrWzw,149,YouTube Shorts,Donald Trump has said he would weaponize the Department of Justice and terminate the Constitution.,"Help Vice President Kamala Harris and Governor Tim Walz put policies in place that protect our fundamental freedoms and defeat Donald Trump and MAGA Republicans this election. Take action at go.kamalaharris.com.
--------------------------------------
Follow Vice President Kamala Harris!

Kamala's Twitter: https://twitter.com/KamalaHarris
Kamala's Tiktok: www.tiktok.com/@kamalaharris
Kamala’s Instagram: https://www.instagram.com/KamalaHarris  
Kamala's Twitch: https://www.twitch.tv/kamalaharris
Kamala's Facebook: https://www.facebook.com/KamalaHarris
Kamala's Threads: https://www.threads.net/@kamalaharris

#KamalaHarris #Harris2024",43,227468,12237,1400.0,False,UNPLAYABLE,https://www.youtube.com/watch?v=RlXLpzQiwLY,2026-08-24T15:52:26+00:00,,donald trump has said he would weaponize the department of justice and terminate the constitution.,1,0,0,0,0,0,0,0,0,0,80,2024-10-07,0.05379657798019941,0.0061547118715599555,12.334769244352133,-2.8672091851838415
fpYA9DyJ46s,2024-10-09,Republican,party,rnc,GOP,UC3o7kbpTUQ5-0WTMIp8sVwA,UC3o7kbpTUQ5-0WTMIp8sVwA,104,YouTube Shorts,"President Trump: ""Your future is what I'm fighting for every single day.""","President Trump has always fought for the American people!

""Your future is what I'm fighting for every single day.""",50,3705,151,25.0,False,UNPLAYABLE,https://www.youtube.com/watch?v=fpYA9DyJ46s,2026-08-24T15:49:32+00:00,,"president trump: ""your future is what i'm fighting for every single day.""",0,1,0,0,0,0,0,0,0,1,80,2024-10-07,0.0407557354925776,0.006747638326585695,8.217708406845306,-3.155384060420114
Qcvn12fAQac,2024-10-10,Democratic,party,dnc,The Democrats,UClkO4MArT2WKWj32YDD_-Ew,UClkO4MArT2WKWj32YDD_-Ew,760,YouTube Shorts,Trump is a fraud.,"A fraud.

--------------------------------------------------------------------------------------------------------------------

Text ‘FIGHT’ to 43367
Click to activate your support: win.dnc.org/ytd",41,11779,394,148.0,False,UNPLAYABLE,https://www.youtube.com/watch?v=Qcvn12fAQac,2026-08-24T15:48:05+00:00,,trump is a fraud.,1,0,1,1,0,0,0,0,0,0,81,2024-10-07,0.03344935902878003,0.012564733848374225,9.374158457205578,-3.3624767546827905
jlqMAGBscyQ,2024-10-10,Democratic,candidate,harris,Kamala Harris,UC0XBsJpPhOLg0k4x9ZwrWzw,UC0XBsJpPhOLg0k4x9ZwrWzw,147,YouTube Shorts,I met with the federal team working to deliver relief to Americans affected by Helene & Milton,"Yesterday, I met with members of the federal team that is working around the clock to deliver relief to Americans affected by Helene and Milton. Meanwhile, Donald Trump spread lies and educated us about the sound of the wind.


#KamalaHarris #Harris2024 #shorts #youtubeshorts",13,72383,5145,834.0,False,UNPLAYABLE,https://www.youtube.com/watch?v=jlqMAGBscyQ,2026-08-24T15:52:21+00:00,,i met with the federal team working to deliver relief to americans affected by helene & milton,0,0,0,0,0,0,0,0,0,1,81,2024-10-07,0.07108022601992181,0.011522042468535429,11.189740559475792,-2.570123453847664
F7YmSscKh4M,2024-10-11,Democratic,candidate,harris,Kamala Harris,UC0XBsJpPhOLg0k4x9ZwrWzw,UC0XBsJpPhOLg0k4x9ZwrWzw,146,YouTube Shorts,"Here in Arizona, early voting has already started statewide","Here in Arizona, early voting has already started statewide—you can cast your ballot today or any day between now and November 5. 

We are not going back.

Help Vice President Kamala Harris and Governor Tim Walz put policies in place that protect our fundamental freedoms and defeat Donald Trump and MAGA Republicans this election. Take action at go.kamalaharris.com.
--------------------------------------
Follow Vice President Kamala Harris!

Kamala's Twitter: https://twitter.com/KamalaHarris
Kamala's Tiktok: www.tiktok.com/@kamalaharris
Kamala’s Instagram: https://www.instagram.com/KamalaHarris  
Kamala's Twitch: https://www.twitch.tv/kamalaharris
Kamala's Facebook: https://www.facebook.com/KamalaHarris
Kamala's Threads: https://www.threads.net/@kamalaharris

#KamalaHarris #Harris2024 #shorts #youtubeshorts",15,181233,11961,1000.0,False,UNPLAYABLE,https://www.youtube.com/watch?v=F7YmSscKh4M,2026-08-24T15:52:21+00:00,,"here in arizona, early voting has already started statewide",0,0,0,0,1,0,0,0,0,0,82,2024-10-07,0.06599791428713314,0.005517758907042316,12.107544292958309,-2.6498166836769212
7U8aZyNAzzM,2024-10-11,Republican,candidate,trump,Donald J Trump,UCAql2DyGU2un1Ei2nMYsqOA,UCAql2DyGU2un1Ei2nMYsqOA,7,YouTube Shorts,WHOLESOME MOMENT: President Trump Hears A Crying Baby in the Crowd ❤️,,50,340595,29766,2200.0,False,UNPLAYABLE,https://www.youtube.com/watch?v=7U8aZyNAzzM,2026-08-24T15:52:52+00:00,,wholesome moment: president trump hears a crying baby in the crowd ❤️,0,1,0,0,0,0,1,0,0,0,82,2024-10-07,0.08739411911507802,0.006459284487441095,12.738452303160555,-2.345860930239612
Ew0dFsvN-AQ,2024-10-12,Democratic,candidate,harris,Kamala Harris,UC0XBsJpPhOLg0k4x9ZwrWzw,UC0XBsJpPhOLg0k4x9ZwrWzw,143,YouTube Shorts,"As president, I will take on corporate price gouging to lower the cost of groceries.","Help Vice President Kamala Harris and Governor Tim Walz put policies in place that protect our fundamental freedoms and defeat Donald Trump and MAGA Republicans this election. Take action at go.kamalaharris.com.
--------------------------------------
Follow Vice President Kamala Harris!

Kamala's Twitter: https://twitter.com/KamalaHarris
Kamala's Tiktok: www.tiktok.com/@kamalaharris
Kamala’s Instagram: https://www.instagram.com/KamalaHarris  
Kamala's Twitch: https://www.twitch.tv/kamalaharris
Kamala's Facebook: https://www.facebook.com/KamalaHarris
Kamala's Threads: https://www.threads.net/@kamalaharris

#KamalaHarris #Harris2024",19,190128,8043,1200.0,False,UNPLAYABLE,https://www.youtube.com/watch?v=Ew0dFsvN-AQ,2026-08-24T15:52:19+00:00,,"as president, i will take on corporate price gouging to lower the cost of groceries.",0,0,0,0,0,1,0,0,0,1,83,2024-10-07,0.04230308003029538,0.006311537490532693,12.155458068130551,-3.1196120451361695
aFlBzcZ4PkM,2024-10-12,Democratic,candidate,harris,Kamala Harris,UC0XBsJpPhOLg0k4x9ZwrWzw,UC0XBsJpPhOLg0k4x9ZwrWzw,144,YouTube Shorts,"In moments of hardship, Americans rally together and show the best of who they are.","In moments of hardship, Americans rally together and show the best of who they are.

Thank you to everyone who has risen to this moment and stepped in to help. We will rebuild and recover together.",41,76146,6948,505.0,False,UNPLAYABLE,https://www.youtube.com/watch?v=aFlBzcZ4PkM,2026-08-24T15:52:19+00:00,,"in moments of hardship, americans rally together and show the best of who they are.",0,0,1,0,0,0,0,0,0,0,83,2024-10-07,0.09124576471515247,0.006631996427914795,11.240420961618181,-2.2984533771436118
aR44SQY2gLc,2024-10-12,Democratic,candidate,harris,Kamala Harris,UC0XBsJpPhOLg0k4x9ZwrWzw,UC0XBsJpPhOLg0k4x9ZwrWzw,145,YouTube Shorts,Donald Trump spends his time attacking great American cities full of hardworking people,"Help Vice President Kamala Harris and Governor Tim Walz put policies in place that protect our fundamental freedoms and defeat Donald Trump and MAGA Republicans this election. Take action at go.kamalaharris.com.
--------------------------------------
Follow Vice President Kamala Harris!

Kamala's Twitter: https://twitter.com/KamalaHarris
Kamala's Tiktok: www.tiktok.com/@kamalaharris
Kamala’s Instagram: https://www.instagram.com/KamalaHarris  
Kamala's Twitch: https://www.twitch.tv/kamalaharris
Kamala's Facebook: https://www.facebook.com/KamalaHarris
Kamala's Threads: https://www.threads.net/@kamalaharris

#KamalaHarris #Harris2024",29,2155566,86311,7300.0,False,UNPLAYABLE,https://www.youtube.com/watch?v=aR44SQY2gLc,2026-08-24T15:52:20+00:00,,donald trump spends his time attacking great american cities full of hardworking people,1,0,0,0,0,0,0,0,0,0,83,2024-10-07,0.04004099155395845,0.00338658152893486,14.583564355961594,-3.1769813144348267
nIOMSXvGyAQ,2024-10-12,Democratic,candidate,harris,Kamala Harris,UC0XBsJpPhOLg0k4x9ZwrWzw,UC0XBsJpPhOLg0k4x9ZwrWzw,142,YouTube Shorts,I invite the public to watch Trump’s rallies and be the decision-maker on his acuity.,"Help Vice President Kamala Harris and Governor Tim Walz put policies in place that protect our fundamental freedoms and defeat Donald Trump and MAGA Republicans this election. Take action at go.kamalaharris.com.
--------------------------------------
Follow Vice President Kamala Harris!

Kamala's Twitter: https://twitter.com/KamalaHarris
Kamala's Tiktok: www.tiktok.com/@kamalaharris
Kamala’s Instagram: https://www.instagram.com/KamalaHarris  
Kamala's Twitch: https://www.twitch.tv/kamalaharris
Kamala's Facebook: https://www.facebook.com/KamalaHarris
Kamala's Threads: https://www.threads.net/@kamalaharris

#KamalaHarris #Harris2024",55,135367,10057,1000.0,False,UNPLAYABLE,https://www.youtube.com/watch?v=nIOMSXvGyAQ,2026-08-24T15:52:19+00:00,,i invite the public to watch trump's rallies and be the decision-maker on his acuity.,1,0,0,0,0,0,0,0,0,1,83,2024-10-07,0.07429432579579957,0.0073873248280600145,11.815752274748462,-2.522476032431968
nmz-w6ecHhI,2024-10-12,Republican,party,rnc,GOP,UC3o7kbpTUQ5-0WTMIp8sVwA,UC3o7kbpTUQ5-0WTMIp8sVwA,103,YouTube Shorts,SAVE AMERICA!,"SAVE AMERICA!

Go to SwampTheVoteUSA.com to make your plan to vote!",9,973,96,29.0,False,UNPLAYABLE,https://www.youtube.com/watch?v=nmz-w6ecHhI,2026-08-24T15:49:35+00:00,,save america!,0,0,0,0,0,0,0,0,0,0,83,2024-10-07,0.0986639260020555,0.029804727646454265,6.881411303642535,-2.2075339469950808
aWfZnzuDzx8,2024-10-13,Democratic,candidate,harris,Kamala Harris,UC0XBsJpPhOLg0k4x9ZwrWzw,UC0XBsJpPhOLg0k4x9ZwrWzw,140,YouTube Shorts,I released my medical records. Donald Trump should do the same.,"Help Vice President Kamala Harris and Governor Tim Walz put policies in place that protect our fundamental freedoms and defeat Donald Trump and MAGA Republicans this election. Take action at go.kamalaharris.com.
--------------------------------------
Follow Vice President Kamala Harris!

Kamala's Twitter: https://twitter.com/KamalaHarris
Kamala's Tiktok: www.tiktok.com/@kamalaharris
Kamala’s Instagram: https://www.instagram.com/KamalaHarris  
Kamala's Twitch: https://www.twitch.tv/kamalaharris
Kamala's Facebook: https://www.facebook.com/KamalaHarris
Kamala's Threads: https://www.threads.net/@kamalaharris

#KamalaHarris #Harris2024",47,98097,6647,1400.0,False,UNPLAYABLE,https://www.youtube.com/watch?v=aWfZnzuDzx8,2026-08-24T15:52:17+00:00,,i released my medical records. donald trump should do the same.,1,0,0,0,0,0,0,0,0,1,84,2024-10-07,0.06775946257275961,0.01427158832584075,11.493722257985793,-2.6215569981554525
tjXocQqiBrg,2024-10-13,Democratic,candidate,harris,Kamala Harris,UC0XBsJpPhOLg0k4x9ZwrWzw,UC0XBsJpPhOLg0k4x9ZwrWzw,141,YouTube Shorts,Donald Trump is not being transparent with voters.,"Help Vice President Kamala Harris and Governor Tim Walz put policies in place that protect our fundamental freedoms and defeat Donald Trump and MAGA Republicans this election. Take action at go.kamalaharris.com.
--------------------------------------
Follow Vice President Kamala Harris!

Kamala's Twitter: https://twitter.com/KamalaHarris
Kamala's Tiktok: www.tiktok.com/@kamalaharris
Kamala’s Instagram: https://www.instagram.com/KamalaHarris  
Kamala's Twitch: https://www.twitch.tv/kamalaharris
Kamala's Facebook: https://www.facebook.com/KamalaHarris
Kamala's Threads: https://www.threads.net/@kamalaharris

#KamalaHarris #Harris2024",57,477274,25080,2600.0,False,UNPLAYABLE,https://www.youtube.com/watch?v=tjXocQqiBrg,2026-08-24T15:52:19+00:00,,donald trump is not being transparent with voters.,1,0,0,0,0,0,0,0,0,0,84,2024-10-07,0.0525484312994213,0.0054476045206736596,13.07584812366286,-2.8920217452399184
PcE1357488Y,2024-10-14,Democratic,candidate,harris,Kamala Harris,UC0XBsJpPhOLg0k4x9ZwrWzw,UC0XBsJpPhOLg0k4x9ZwrWzw,138,YouTube Shorts,"This Indigenous Peoples’ Day, I am thinking about the young Indigenous leaders I met in Arizona.","This Indigenous Peoples’ Day, I am thinking about the young Indigenous leaders I met in Arizona last week.

I am counting on their leadership and looking forward to our partnership. 

Help Vice President Kamala Harris and Governor Tim Walz put policies in place that protect our fundamental freedoms and defeat Donald Trump and MAGA Republicans this election. Take action at go.kamalaharris.com.
--------------------------------------
Follow Vice President Kamala Harris!

Kamala's Twitter: https://twitter.com/KamalaHarris
Kamala's Tiktok: www.tiktok.com/@kamalaharris
Kamala’s Instagram: https://www.instagram.com/KamalaHarris  
Kamala's Twitch: https://www.twitch.tv/kamalaharris
Kamala's Facebook: https://www.facebook.com/KamalaHarris
Kamala's Threads: https://www.threads.net/@kamalaharris

#KamalaHarris #Harris2024 #shorts #youtubeshorts",46,288477,29933,1300.0,False,UNPLAYABLE,https://www.youtube.com/watch?v=PcE1357488Y,2026-08-24T15:52:14+00:00,,"this indigenous peoples' day, i am thinking about the young indigenous leaders i met in arizona.",0,0,0,0,0,0,0,0,0,1,85,2024-10-14,0.10376217168093124,0.004506425122280113,12.572374105523483,-2.1560895715815493
eBCP9H3bfes,2024-10-14,Democratic,candidate,harris,Kamala Harris,UC0XBsJpPhOLg0k4x9ZwrWzw,UC0XBsJpPhOLg0k4x9ZwrWzw,139,YouTube Shorts,"Theodore, Timothy, and Benjamin: You made my day in Pittsburgh.","Help Vice President Kamala Harris and Governor Tim Walz put policies in place that protect our fundamental freedoms and defeat Donald Trump and MAGA Republicans this election. Take action at go.kamalaharris.com.
--------------------------------------
Follow Vice President Kamala Harris!

Kamala's Twitter: https://twitter.com/KamalaHarris
Kamala's Tiktok: www.tiktok.com/@kamalaharris
Kamala’s Instagram: https://www.instagram.com/KamalaHarris  
Kamala's Twitch: https://www.twitch.tv/kamalaharris
Kamala's Facebook: https://www.facebook.com/KamalaHarris
Kamala's Threads: https://www.threads.net/@kamalaharris

#KamalaHarris #Harris2024",23,170300,13547,826.0,False,UNPLAYABLE,https://www.youtube.com/watch?v=eBCP9H3bfes,2026-08-24T15:52:16+00:00,,"theodore, timothy, and benjamin: you made my day in pittsburgh.",0,0,0,0,0,0,0,0,0,1,85,2024-10-14,0.07954785672342925,0.0048502642395772165,12.045322738624144,-2.448472479354264
vBi6QJ50YT8,2024-10-14,Republican,party,rnc,GOP,UC3o7kbpTUQ5-0WTMIp8sVwA,UC3o7kbpTUQ5-0WTMIp8sVwA,102,YouTube Shorts,Kamala Harris puts Illegal aliens before the American people.,"Reminder: Kamala Harris puts Illegal aliens before the American people.

She is unfit to lead.",30,398,41,1.0,False,UNPLAYABLE,https://www.youtube.com/watch?v=vBi6QJ50YT8,2026-08-24T15:49:29+00:00,,kamala harris puts illegal aliens before the american people.,1,0,0,0,0,0,0,0,0,0,85,2024-10-14,0.10301507537688442,0.002512562814070352,5.988961416889864,-2.1534419348974096
xW5hMdMTX3c,2024-10-15,Democratic,party,dnc,The Democrats,UClkO4MArT2WKWj32YDD_-Ew,UClkO4MArT2WKWj32YDD_-Ew,759,YouTube Shorts,What is the Trump campaign hiding?,"We are the Democratic Party.

We’re fighting for a brighter, more equal future: rolling up our sleeves and organizing everywhere to build a better America for all.

--------------------------------------------------------------------------------------------------------------------

Text ‘FIGHT’ to 43367
Click to activate your support: win.dnc.org/ytd",35,4907,292,99.0,False,UNPLAYABLE,https://www.youtube.com/watch?v=xW5hMdMTX3c,2026-08-24T15:48:08+00:00,,what is the trump campaign hiding?,1,0,1,1,0,0,0,0,0,0,86,2024-10-14,0.059506826981862646,0.020175259832891788,8.498621805830801,-2.758710816758295
RCUSfwXljig,2024-10-15,Democratic,candidate,harris,Kamala Harris,UC0XBsJpPhOLg0k4x9ZwrWzw,UC0XBsJpPhOLg0k4x9ZwrWzw,136,YouTube Shorts,A little barbecue sauce never hurt anyone.,"Help Vice President Kamala Harris and Governor Tim Walz put policies in place that protect our fundamental freedoms and defeat Donald Trump and MAGA Republicans this election. Take action at go.kamalaharris.com.
--------------------------------------
Follow Vice President Kamala Harris!

Kamala's Twitter: https://twitter.com/KamalaHarris
Kamala's Tiktok: www.tiktok.com/@kamalaharris
Kamala’s Instagram: https://www.instagram.com/KamalaHarris  
Kamala's Twitch: https://www.twitch.tv/kamalaharris
Kamala's Facebook: https://www.facebook.com/KamalaHarris
Kamala's Threads: https://www.threads.net/@kamalaharris

#KamalaHarris #Harris2024 #shorts #youtubeshorts",21,90510,5946,471.0,False,UNPLAYABLE,https://www.youtube.com/watch?v=RCUSfwXljig,2026-08-24T15:52:14+00:00,,a little barbecue sauce never hurt anyone.,0,0,0,0,0,0,0,0,0,0,86,2024-10-14,0.06569439840901557,0.005203844879018893,11.41322666926311,-2.6547117456117624
UnhhpLbHG8U,2024-10-15,Democratic,candidate,harris,Kamala Harris,UC0XBsJpPhOLg0k4x9ZwrWzw,UC0XBsJpPhOLg0k4x9ZwrWzw,137,YouTube Shorts,Hope he's okay.,"Help Vice President Kamala Harris and Governor Tim Walz put policies in place that protect our fundamental freedoms and defeat Donald Trump and MAGA Republicans this election. Take action at go.kamalaharris.com.
--------------------------------------
Follow Vice President Kamala Harris!

Kamala's Twitter: https://twitter.com/KamalaHarris
Kamala's Tiktok: www.tiktok.com/@kamalaharris
Kamala’s Instagram: https://www.instagram.com/KamalaHarris  
Kamala's Twitch: https://www.twitch.tv/kamalaharris
Kamala's Facebook: https://www.facebook.com/KamalaHarris
Kamala's Threads: https://www.threads.net/@kamalaharris

#KamalaHarris #Harris2024",47,153024,11077,1800.0,False,UNPLAYABLE,https://www.youtube.com/watch?v=UnhhpLbHG8U,2026-08-24T15:52:14+00:00,,hope he's okay.,0,0,0,0,0,0,0,0,0,0,86,2024-10-14,0.07238733793391887,0.011762860727728983,11.938356585719271,-2.5505412468372293
uEaRJtsmq1A,2024-10-15,Democratic,candidate,harris,Kamala Harris,UC0XBsJpPhOLg0k4x9ZwrWzw,UC0XBsJpPhOLg0k4x9ZwrWzw,135,YouTube Shorts,"Anderson, thank you for your leadership. I am counting on young leaders like you.","Help Vice President Kamala Harris and Governor Tim Walz put policies in place that protect our fundamental freedoms and defeat Donald Trump and MAGA Republicans this election. Take action at go.kamalaharris.com.
--------------------------------------
Follow Vice President Kamala Harris!

Kamala's Twitter: https://twitter.com/KamalaHarris
Kamala's Tiktok: www.tiktok.com/@kamalaharris
Kamala’s Instagram: https://www.instagram.com/KamalaHarris  
Kamala's Twitch: https://www.twitch.tv/kamalaharris
Kamala's Facebook: https://www.facebook.com/KamalaHarris
Kamala's Threads: https://www.threads.net/@kamalaharris

#KamalaHarris #Harris2024 #shorts #youtubeshorts #election #election2024",19,409539,20320,873.0,False,UNPLAYABLE,https://www.youtube.com/watch?v=uEaRJtsmq1A,2026-08-24T15:52:14+00:00,,"anderson, thank you for your leadership. i am counting on young leaders like you.",0,0,0,0,0,0,0,0,0,1,86,2024-10-14,0.04961676421537387,0.002131665116142785,12.92278985760255,-2.952513223124907
VfjzIKCFGcU,2024-10-15,Republican,party,rnc,GOP,UC3o7kbpTUQ5-0WTMIp8sVwA,UC3o7kbpTUQ5-0WTMIp8sVwA,101,YouTube Shorts,America will be in a new golden age under President Trump,"When President Trump is elected he will usher in a new golden era of economic opportunity, secure borders, and safe streets.

Under President Trump we will Make America Great Again!",43,5116,416,63.0,False,UNPLAYABLE,https://www.youtube.com/watch?v=VfjzIKCFGcU,2026-08-24T15:49:29+00:00,,america will be in a new golden age under president trump,0,1,0,0,0,0,0,0,0,0,86,2024-10-14,0.08131352619233777,0.012314308053166537,8.540323608805092,-2.423537703411708
F_h1xOY2U80,2024-10-16,Democratic,candidate,harris,Kamala Harris,UC0XBsJpPhOLg0k4x9ZwrWzw,UC0XBsJpPhOLg0k4x9ZwrWzw,132,YouTube Shorts,"Thank you, Pennsylvania.","Help Vice President Kamala Harris and Governor Tim Walz put policies in place that protect our fundamental freedoms and defeat Donald Trump and MAGA Republicans this election. Take action at go.kamalaharris.com.
--------------------------------------
Follow Vice President Kamala Harris!

Kamala's Twitter: https://twitter.com/KamalaHarris
Kamala's Tiktok: www.tiktok.com/@kamalaharris
Kamala’s Instagram: https://www.instagram.com/KamalaHarris  
Kamala's Twitch: https://www.twitch.tv/kamalaharris
Kamala's Facebook: https://www.facebook.com/KamalaHarris
Kamala's Threads: https://www.threads.net/@kamalaharris

#KamalaHarris #Harris2024 #shorts #youtubeshorts",9,131975,6546,538.0,False,UNPLAYABLE,https://www.youtube.com/watch?v=F_h1xOY2U80,2026-08-24T15:52:19+00:00,,"thank you, pennsylvania.",0,0,0,0,0,0,0,0,0,0,87,2024-10-14,0.04960030308770601,0.004076529645766243,11.790375366855761,-2.952813292055795
GrB4B3VTrFo,2024-10-16,Democratic,candidate,harris,Kamala Harris,UC0XBsJpPhOLg0k4x9ZwrWzw,UC0XBsJpPhOLg0k4x9ZwrWzw,134,YouTube Shorts,Donald Trump continues to show us that he is unfit and unstable.,"Help Vice President Kamala Harris and Governor Tim Walz put policies in place that protect our fundamental freedoms and defeat Donald Trump and MAGA Republicans this election. Take action at go.kamalaharris.com.
--------------------------------------
Follow Vice President Kamala Harris!

Kamala's Twitter: https://twitter.com/KamalaHarris
Kamala's Tiktok: www.tiktok.com/@kamalaharris
Kamala’s Instagram: https://www.instagram.com/KamalaHarris  
Kamala's Twitch: https://www.twitch.tv/kamalaharris
Kamala's Facebook: https://www.facebook.com/KamalaHarris
Kamala's Threads: https://www.threads.net/@kamalaharris

#KamalaHarris #Harris2024 #shorts #youtubeshorts #election #election2024 #vote",17,100843,6006,849.0,False,UNPLAYABLE,https://www.youtube.com/watch?v=GrB4B3VTrFo,2026-08-24T15:52:14+00:00,,donald trump continues to show us that he is unfit and unstable.,1,0,1,1,0,0,0,0,0,1,87,2024-10-14,0.059557926678103584,0.008419027597354304,11.52133004731404,-2.7593226844849004
M2V5o6EDIfE,2024-10-16,Democratic,candidate,harris,Kamala Harris,UC0XBsJpPhOLg0k4x9ZwrWzw,UC0XBsJpPhOLg0k4x9ZwrWzw,131,YouTube Shorts,Trump really said that.,"Help Vice President Kamala Harris and Governor Tim Walz put policies in place that protect our fundamental freedoms and defeat Donald Trump and MAGA Republicans this election. Take action at go.kamalaharris.com.
--------------------------------------
Follow Vice President Kamala Harris!

Kamala's Twitter: https://twitter.com/KamalaHarris
Kamala's Tiktok: www.tiktok.com/@kamalaharris
Kamala’s Instagram: https://www.instagram.com/KamalaHarris  
Kamala's Twitch: https://www.twitch.tv/kamalaharris
Kamala's Facebook: https://www.facebook.com/KamalaHarris
Kamala's Threads: https://www.threads.net/@kamalaharris

#KamalaHarris #Harris2024",30,145489,8812,943.0,False,UNPLAYABLE,https://www.youtube.com/watch?v=M2V5o6EDIfE,2026-08-24T15:52:11+00:00,,trump really said that.,1,0,0,0,0,0,0,0,0,0,87,2024-10-14,0.06056815291877737,0.006481589673446102,11.887862634709434,-2.7414529680429744
syguqyzoddo,2024-10-16,Democratic,candidate,harris,Kamala Harris,UC0XBsJpPhOLg0k4x9ZwrWzw,UC0XBsJpPhOLg0k4x9ZwrWzw,133,YouTube Shorts,"Grateful to Legenderie Records and Coffee House in Erie, PA for saving me some Marvin Gaye","Help Vice President Kamala Harris and Governor Tim Walz put policies in place that protect our fundamental freedoms and defeat Donald Trump and MAGA Republicans this election. Take action at go.kamalaharris.com.
--------------------------------------
Follow Vice President Kamala Harris!

Kamala's Twitter: https://twitter.com/KamalaHarris
Kamala's Tiktok: www.tiktok.com/@kamalaharris
Kamala’s Instagram: https://www.instagram.com/KamalaHarris  
Kamala's Twitch: https://www.twitch.tv/kamalaharris
Kamala's Facebook: https://www.facebook.com/KamalaHarris
Kamala's Threads: https://www.threads.net/@kamalaharris

#KamalaHarris #Harris2024 #shorts #youtubeshorts #election #election2024 #vote",40,434708,32407,943.0,False,UNPLAYABLE,https://www.youtube.com/watch?v=syguqyzoddo,2026-08-24T15:52:13+00:00,,"grateful to legenderie records and coffee house in erie, pa for saving me some marvin gaye",0,0,0,0,0,0,0,0,0,1,87,2024-10-14,0.07454889258996844,0.0021692722471176053,12.982432120696307,-2.518811930017506
CmJI20K464U,2024-10-16,Republican,party,rnc,GOP,UC3o7kbpTUQ5-0WTMIp8sVwA,UC3o7kbpTUQ5-0WTMIp8sVwA,97,YouTube Shorts,Atlanta LOVES President Trump! GET OUT THE VOTE GEORGIA!,"Atlanta LOVES President Trump!

GET OUT THE VOTE GEORGIA!",13,906,106,5.0,False,UNPLAYABLE,https://www.youtube.com/watch?v=CmJI20K464U,2026-08-24T15:49:27+00:00,,atlanta loves president trump! get out the vote georgia!,0,1,0,0,1,0,0,0,0,0,87,2024-10-14,0.11699779249448124,0.005518763796909493,6.810142450115136,-2.0170915472872895
DhzON6U5o28,2024-10-16,Republican,party,rnc,GOP,UC3o7kbpTUQ5-0WTMIp8sVwA,UC3o7kbpTUQ5-0WTMIp8sVwA,100,YouTube Shorts,Lara Trump: President Trump's unwavering spirit and drive to help the American people.,WATCH: RNC Co-Chair Lara Trump sat down with Sage Steele to discuss President Trump's unwavering spirit and drive to help the American people.,53,773,32,1.0,False,UNPLAYABLE,https://www.youtube.com/watch?v=DhzON6U5o28,2026-08-24T15:49:35+00:00,,lara trump: president trump's unwavering spirit and drive to help the american people.,0,1,0,0,0,0,0,0,0,0,87,2024-10-14,0.04139715394566624,0.00129366106080207,6.651571873589727,-3.127435072242295
iLjXu2mASR0,2024-10-16,Republican,party,rnc,GOP,UC3o7kbpTUQ5-0WTMIp8sVwA,UC3o7kbpTUQ5-0WTMIp8sVwA,99,YouTube Shorts,Kamala would make every city a sanctuary city. President Trump will eliminate them immediately.,"Kamala would make every city a sanctuary city. President Trump will eliminate them immediately. 

The choice is clear.",21,5948,305,16.0,False,UNPLAYABLE,https://www.youtube.com/watch?v=iLjXu2mASR0,2026-08-24T15:49:27+00:00,,kamala would make every city a sanctuary city. president trump will eliminate them immediately.,1,1,0,0,0,1,0,0,0,0,87,2024-10-14,0.051277740416946875,0.0026899798251513113,8.690978417187905,-2.916309940784031
kUWCbJpHC_c,2024-10-16,Republican,party,rnc,GOP,UC3o7kbpTUQ5-0WTMIp8sVwA,UC3o7kbpTUQ5-0WTMIp8sVwA,98,YouTube Shorts,"""I would never say that about the American people.""","""I would never say that about the American people.""",11,66077,4057,365.0,False,UNPLAYABLE,https://www.youtube.com/watch?v=kUWCbJpHC_c,2026-08-24T15:49:26+00:00,,"""i would never say that about the american people.""",0,0,0,0,0,0,0,0,0,1,87,2024-10-14,0.06139806589282201,0.00552385852868623,11.098591141393,-2.726897955148708
sLKtb9OlJFA,2024-10-16,Republican,candidate,trump,Donald J Trump,UCAql2DyGU2un1Ei2nMYsqOA,UCAql2DyGU2un1Ei2nMYsqOA,6,YouTube Shorts,Lyin' Kamala is Her Own Worst Enemy,,104,112872,11270,1600.0,False,UNPLAYABLE,https://www.youtube.com/watch?v=sLKtb9OlJFA,2026-08-24T15:52:53+00:00,,lyin' kamala is her own worst enemy,1,0,1,1,0,0,0,0,0,0,87,2024-10-14,0.09984761499751932,0.0141753490679708,11.634018571846916,-2.1988794485009864
9AaFvd22_Mc,2024-10-17,Democratic,candidate,harris,Kamala Harris,UC0XBsJpPhOLg0k4x9ZwrWzw,UC0XBsJpPhOLg0k4x9ZwrWzw,129,YouTube Shorts,Never let anybody take your hope from you.,"Help Vice President Kamala Harris and Governor Tim Walz put policies in place that protect our fundamental freedoms and defeat Donald Trump and MAGA Republicans this election. Take action at go.kamalaharris.com.
--------------------------------------
Follow Vice President Kamala Harris!

Kamala's Twitter: https://twitter.com/KamalaHarris
Kamala's Tiktok: www.tiktok.com/@kamalaharris
Kamala’s Instagram: https://www.instagram.com/KamalaHarris  
Kamala's Twitch: https://www.twitch.tv/kamalaharris
Kamala's Facebook: https://www.facebook.com/KamalaHarris
Kamala's Threads: https://www.threads.net/@kamalaharris

#KamalaHarris #Harris2024 #shorts #youtubeshorts #election #election2024",30,115320,13190,691.0,False,UNPLAYABLE,https://www.youtube.com/watch?v=9AaFvd22_Mc,2026-08-24T15:52:09+00:00,,never let anybody take your hope from you.,0,0,1,0,0,0,0,0,0,0,88,2024-10-14,0.11437738466874783,0.005992022199098162,11.65547482323746,-2.0467545337827255
gs6b0kJJPF8,2024-10-17,Democratic,candidate,harris,Kamala Harris,UC0XBsJpPhOLg0k4x9ZwrWzw,UC0XBsJpPhOLg0k4x9ZwrWzw,128,YouTube Shorts,Donald Trump has peddled harmful conspiracies about immigrant communities eating pets.,"Donald Trump has peddled harmful conspiracies about immigrant communities eating pets and spread misinformation about resources available to those impacted by Hurricanes Milton and Helene.

He is a deeply unserious man—but the consequences of him having power are deadly serious.

Help Vice President Kamala Harris and Governor Tim Walz put policies in place that protect our fundamental freedoms and defeat Donald Trump and MAGA Republicans this election. Take action at go.kamalaharris.com.
--------------------------------------
Follow Vice President Kamala Harris!

Kamala's Twitter: https://twitter.com/KamalaHarris
Kamala's Tiktok: www.tiktok.com/@kamalaharris
Kamala’s Instagram: https://www.instagram.com/KamalaHarris  
Kamala's Twitch: https://www.twitch.tv/kamalaharris
Kamala's Facebook: https://www.facebook.com/KamalaHarris
Kamala's Threads: https://www.threads.net/@kamalaharris

#KamalaHarris #Harris2024 #shorts #youtubeshorts #election #election2024",51,585313,33344,2200.0,False,UNPLAYABLE,https://www.youtube.com/watch?v=gs6b0kJJPF8,2026-08-24T15:52:08+00:00,,donald trump has peddled harmful conspiracies about immigrant communities eating pets.,1,0,0,0,0,1,0,0,0,0,88,2024-10-14,0.056967810385212696,0.0037586727101567878,13.279903734350844,-2.806599949907359
uFyIpbjrSng,2024-10-17,Democratic,candidate,harris,Kamala Harris,UC0XBsJpPhOLg0k4x9ZwrWzw,UC0XBsJpPhOLg0k4x9ZwrWzw,127,YouTube Shorts,The American people are exhausted with Trump's gaslighting.,"Help Vice President Kamala Harris and Governor Tim Walz put policies in place that protect our fundamental freedoms and defeat Donald Trump and MAGA Republicans this election. Take action at go.kamalaharris.com.
--------------------------------------
Follow Vice President Kamala Harris!

Kamala's Twitter: https://twitter.com/KamalaHarris
Kamala's Tiktok: www.tiktok.com/@kamalaharris
Kamala’s Instagram: https://www.instagram.com/KamalaHarris  
Kamala's Twitch: https://www.twitch.tv/kamalaharris
Kamala's Facebook: https://www.facebook.com/KamalaHarris
Kamala's Threads: https://www.threads.net/@kamalaharris

#KamalaHarris #Harris2024 #shorts #youtubeshorts #election #election2024",60,745747,29565,1600.0,False,UNPLAYABLE,https://www.youtube.com/watch?v=uFyIpbjrSng,2026-08-24T15:52:08+00:00,,the american people are exhausted with trump's gaslighting.,1,0,0,0,0,0,0,0,0,0,88,2024-10-14,0.039644812516845526,0.002145499747233311,13.522143020509503,-3.1873268817314595
uJ5e6YPjrOk,2024-10-17,Democratic,candidate,harris,Kamala Harris,UC0XBsJpPhOLg0k4x9ZwrWzw,UC0XBsJpPhOLg0k4x9ZwrWzw,130,YouTube Shorts,"Donald Trump is unstable, and we should all be concerned.","Help Vice President Kamala Harris and Governor Tim Walz put policies in place that protect our fundamental freedoms and defeat Donald Trump and MAGA Republicans this election. Take action at go.kamalaharris.com.
--------------------------------------
Follow Vice President Kamala Harris!

Kamala's Twitter: https://twitter.com/KamalaHarris
Kamala's Tiktok: www.tiktok.com/@kamalaharris
Kamala’s Instagram: https://www.instagram.com/KamalaHarris  
Kamala's Twitch: https://www.twitch.tv/kamalaharris
Kamala's Facebook: https://www.facebook.com/KamalaHarris
Kamala's Threads: https://www.threads.net/@kamalaharris

#KamalaHarris #Harris2024 #shorts #youtubeshorts #election #election2024",51,66187,7032,935.0,False,UNPLAYABLE,https://www.youtube.com/watch?v=uJ5e6YPjrOk,2026-08-24T15:52:17+00:00,,"donald trump is unstable, and we should all be concerned.",1,0,0,0,0,0,0,0,0,1,88,2024-10-14,0.10624442866423921,0.014126641183313944,11.100254456611735,-2.1296273086589204
xzcv8B1ZWhg,2024-10-17,Democratic,candidate,harris,Kamala Harris,UC0XBsJpPhOLg0k4x9ZwrWzw,UC0XBsJpPhOLg0k4x9ZwrWzw,126,YouTube Shorts,Our young leaders are building a brighter future one-step at a time.,"Help Vice President Kamala Harris and Governor Tim Walz put policies in place that protect our fundamental freedoms and defeat Donald Trump and MAGA Republicans this election. Take action at go.kamalaharris.com.
--------------------------------------
Follow Vice President Kamala Harris!

Kamala's Twitter: https://twitter.com/KamalaHarris
Kamala's Tiktok: www.tiktok.com/@kamalaharris
Kamala’s Instagram: https://www.instagram.com/KamalaHarris  
Kamala's Twitch: https://www.twitch.tv/kamalaharris
Kamala's Facebook: https://www.facebook.com/KamalaHarris
Kamala's Threads: https://www.threads.net/@kamalaharris

#KamalaHarris #Harris2024 #shorts #youtubeshorts #election",14,233312,11599,457.0,False,UNPLAYABLE,https://www.youtube.com/watch?v=xzcv8B1ZWhg,2026-08-24T15:52:08+00:00,,our young leaders are building a brighter future one-step at a time.,0,0,0,0,0,0,0,0,0,1,88,2024-10-14,0.04971454532985873,0.001958750514332739,12.36013617870313,-2.950424014132076
6RDD0t2dGCw,2024-10-17,Republican,party,rnc,GOP,UC3o7kbpTUQ5-0WTMIp8sVwA,UC3o7kbpTUQ5-0WTMIp8sVwA,96,YouTube Shorts,"""You gotta take responsibility for what happened in your administration."" -Kamala Harris","""You gotta take responsibility for what happened in your administration."" -Kamala Harris",56,692,65,4.0,False,UNPLAYABLE,https://www.youtube.com/watch?v=6RDD0t2dGCw,2026-08-24T15:49:26+00:00,,"""you gotta take responsibility for what happened in your administration."" -kamala harris",1,0,0,0,0,0,0,0,0,0,88,2024-10-14,0.09393063583815028,0.005780346820809248,6.541029999189903,-2.259693528364733
AsgtrGdLAd8,2024-10-17,Republican,party,rnc,GOP,UC3o7kbpTUQ5-0WTMIp8sVwA,UC3o7kbpTUQ5-0WTMIp8sVwA,94,YouTube Shorts,LATINOS FOR TRUMP,LATINOS FOR TRUMP! 🇺🇸,161,519,76,8.0,False,UNPLAYABLE,https://www.youtube.com/watch?v=AsgtrGdLAd8,2026-08-24T15:49:24+00:00,,latinos for trump,0,1,0,0,0,0,0,0,0,0,88,2024-10-14,0.1464354527938343,0.015414258188824663,6.253828811575473,-1.757407060917144
scJajpZtv6c,2024-10-17,Republican,party,rnc,GOP,UC3o7kbpTUQ5-0WTMIp8sVwA,UC3o7kbpTUQ5-0WTMIp8sVwA,95,YouTube Shorts,"Under President Trump, the American Dream will be restored and the United States will be prosperous","Kamala Harris says the American Dream is long gone, but under President Trump, the American Dream will be restored and the United States will be prosperous once again!",29,5819,275,16.0,False,UNPLAYABLE,https://www.youtube.com/watch?v=scJajpZtv6c,2026-08-24T15:49:36+00:00,,"under president trump, the american dream will be restored and the united states will be prosperous",0,1,0,0,0,0,0,0,0,0,88,2024-10-14,0.04725897920604915,0.002749613335624678,8.669055540725484,-3.001974095800301
gFXvkvEIb-k,2024-10-17,Republican,candidate,trump,Donald J Trump,UCAql2DyGU2un1Ei2nMYsqOA,UCAql2DyGU2un1Ei2nMYsqOA,5,YouTube Shorts,LYIN’ KAMALA…,,11,256822,16799,1800.0,False,UNPLAYABLE,https://www.youtube.com/watch?v=gFXvkvEIb-k,2026-08-24T15:52:52+00:00,,lyin' kamala...,1,0,0,0,0,0,0,0,0,0,88,2024-10-14,0.06541106291517082,0.007008745356706201,12.456142410650267,-2.659387711153577
0EPazcBKgaQ,2024-10-18,Democratic,candidate,harris,Kamala Harris,UC0XBsJpPhOLg0k4x9ZwrWzw,UC0XBsJpPhOLg0k4x9ZwrWzw,121,YouTube Shorts,"Yes, I know the memes.","Help Vice President Kamala Harris and Governor Tim Walz put policies in place that protect our fundamental freedoms and defeat Donald Trump and MAGA Republicans this election. Take action at go.kamalaharris.com.
--------------------------------------
Follow Vice President Kamala Harris!

Kamala's Twitter: https://twitter.com/KamalaHarris
Kamala's Tiktok: www.tiktok.com/@kamalaharris
Kamala’s Instagram: https://www.instagram.com/KamalaHarris  
Kamala's Twitch: https://www.twitch.tv/kamalaharris
Kamala's Facebook: https://www.facebook.com/KamalaHarris
Kamala's Threads: https://www.threads.net/@kamalaharris

#KamalaHarris #Harris2024 #shorts #youtubeshorts #election2024 #election",47,547192,56086,2300.0,False,UNPLAYABLE,https://www.youtube.com/watch?v=0EPazcBKgaQ,2026-08-24T15:52:04+00:00,,"yes, i know the memes.",0,0,0,0,0,0,0,0,0,1,89,2024-10-14,0.1024978435357242,0.004203277825699206,13.212556852810993,-2.1697658666926163
XfvlP5TeIXE,2024-10-18,Democratic,candidate,harris,Kamala Harris,UC0XBsJpPhOLg0k4x9ZwrWzw,UC0XBsJpPhOLg0k4x9ZwrWzw,120,YouTube Shorts,"No, everybody did not want Donald Trump to get Roe v. Wade overturned.","Help Vice President Kamala Harris and Governor Tim Walz put policies in place that protect our fundamental freedoms and defeat Donald Trump and MAGA Republicans this election. Take action at go.kamalaharris.com.
--------------------------------------
Follow Vice President Kamala Harris!

Kamala's Twitter: https://twitter.com/KamalaHarris
Kamala's Tiktok: www.tiktok.com/@kamalaharris
Kamala’s Instagram: https://www.instagram.com/KamalaHarris  
Kamala's Twitch: https://www.twitch.tv/kamalaharris
Kamala's Facebook: https://www.facebook.com/KamalaHarris
Kamala's Threads: https://www.threads.net/@kamalaharris

#KamalaHarris #Harris2024",21,60652,4740,454.0,False,UNPLAYABLE,https://www.youtube.com/watch?v=XfvlP5TeIXE,2026-08-24T15:52:03+00:00,,"no, everybody did not want donald trump to get roe v. wade overturned.",1,0,0,0,0,0,0,0,0,0,89,2024-10-14,0.07815076172261426,0.007485326122798918,11.012924377287385,-2.4676453533830895
n16EAGxXj8E,2024-10-18,Democratic,candidate,harris,Kamala Harris,UC0XBsJpPhOLg0k4x9ZwrWzw,UC0XBsJpPhOLg0k4x9ZwrWzw,125,YouTube Shorts,"Thanks for breaking it down, Mark: I have a plan to actually grow our economy.","Trump has a plan to raise costs for working and middle-class Americans.

Help Vice President Kamala Harris and Governor Tim Walz put policies in place that protect our fundamental freedoms and defeat Donald Trump and MAGA Republicans this election. Take action at go.kamalaharris.com.
--------------------------------------
Follow Vice President Kamala Harris!

Kamala's Twitter: https://twitter.com/KamalaHarris
Kamala's Tiktok: www.tiktok.com/@kamalaharris
Kamala’s Instagram: https://www.instagram.com/KamalaHarris  
Kamala's Twitch: https://www.twitch.tv/kamalaharris
Kamala's Facebook: https://www.facebook.com/KamalaHarris
Kamala's Threads: https://www.threads.net/@kamalaharris

#KamalaHarris #Harris2024 #shorts #youtubeshorts #election #election2024 #markcuban",28,591508,24060,1900.0,False,UNPLAYABLE,https://www.youtube.com/watch?v=n16EAGxXj8E,2026-08-24T15:52:07+00:00,,"thanks for breaking it down, mark: i have a plan to actually grow our economy.",0,0,0,0,0,1,0,0,0,1,89,2024-10-14,0.04067569669387396,0.0032121289991006038,13.2904321778385,-3.1605785046284622
rFwnKsaPSKg,2024-10-18,Democratic,candidate,harris,Kamala Harris,UC0XBsJpPhOLg0k4x9ZwrWzw,UC0XBsJpPhOLg0k4x9ZwrWzw,122,YouTube Shorts,"Thank you, @marcanthony, for your support.","Under my presidency, we will stand united regardless of where we’re from.

Help Vice President Kamala Harris and Governor Tim Walz put policies in place that protect our fundamental freedoms and defeat Donald Trump and MAGA Republicans this election. Take action at go.kamalaharris.com.
--------------------------------------
Follow Vice President Kamala Harris!

Kamala's Twitter: https://twitter.com/KamalaHarris
Kamala's Tiktok: www.tiktok.com/@kamalaharris
Kamala’s Instagram: https://www.instagram.com/KamalaHarris  
Kamala's Twitch: https://www.twitch.tv/kamalaharris
Kamala's Facebook: https://www.facebook.com/KamalaHarris
Kamala's Threads: https://www.threads.net/@kamalaharris

#KamalaHarris #Harris2024 #shorts #youtubeshorts #election #election2024 #marcanthony",30,265300,24473,1500.0,False,UNPLAYABLE,https://www.youtube.com/watch?v=rFwnKsaPSKg,2026-08-24T15:52:06+00:00,,"thank you, @marcanthony, for your support.",0,0,0,0,0,0,0,1,0,0,89,2024-10-14,0.09224651338107802,0.005653976630229929,12.488620309436481,-2.286490010060978
sBwHwkzXgC8,2024-10-18,Democratic,candidate,harris,Kamala Harris,UC0XBsJpPhOLg0k4x9ZwrWzw,UC0XBsJpPhOLg0k4x9ZwrWzw,123,YouTube Shorts,Donald Trump is dodging debates and ducking interviews.,"Help Vice President Kamala Harris and Governor Tim Walz put policies in place that protect our fundamental freedoms and defeat Donald Trump and MAGA Republicans this election. Take action at go.kamalaharris.com.
--------------------------------------
Follow Vice President Kamala Harris!

Kamala's Twitter: https://twitter.com/KamalaHarris
Kamala's Tiktok: www.tiktok.com/@kamalaharris
Kamala’s Instagram: https://www.instagram.com/KamalaHarris  
Kamala's Twitch: https://www.twitch.tv/kamalaharris
Kamala's Facebook: https://www.facebook.com/KamalaHarris
Kamala's Threads: https://www.threads.net/@kamalaharris

#KamalaHarris #Harris2024 #shorts #youtubeshorts #election #election2024",55,158287,9108,902.0,False,UNPLAYABLE,https://www.youtube.com/watch?v=sBwHwkzXgC8,2026-08-24T15:52:06+00:00,,donald trump is dodging debates and ducking interviews.,1,0,0,0,0,0,0,0,0,0,89,2024-10-14,0.05754104885429631,0.005698509669145287,11.972171437563004,-2.795942235376936
wbLDcPa0viw,2024-10-18,Democratic,candidate,harris,Kamala Harris,UC0XBsJpPhOLg0k4x9ZwrWzw,UC0XBsJpPhOLg0k4x9ZwrWzw,124,YouTube Shorts,There was nothing “peaceful or patriotic” about what happened on January 6.,"Donald Trump lost the 2020 election. With your support, we will defeat him and his dangerous agenda once again. http://IWillVote.com

Help Vice President Kamala Harris and Governor Tim Walz put policies in place that protect our fundamental freedoms and defeat Donald Trump and MAGA Republicans this election. Take action at go.kamalaharris.com.
--------------------------------------
Follow Vice President Kamala Harris!

Kamala's Twitter: https://twitter.com/KamalaHarris
Kamala's Tiktok: www.tiktok.com/@kamalaharris
Kamala’s Instagram: https://www.instagram.com/KamalaHarris  
Kamala's Twitch: https://www.twitch.tv/kamalaharris
Kamala's Facebook: https://www.facebook.com/KamalaHarris
Kamala's Threads: https://www.threads.net/@kamalaharris

#KamalaHarris #Harris2024 #shorts #youtubeshorts #election #election2024",40,52721,3724,452.0,False,UNPLAYABLE,https://www.youtube.com/watch?v=wbLDcPa0viw,2026-08-24T15:52:07+00:00,,there was nothing “peaceful or patriotic” about what happened on january 6.,0,0,0,0,0,0,0,0,0,0,89,2024-10-14,0.07063598945391779,0.008573433736082397,10.872788104723899,-2.5768366617666842
LAqSCbilaC8,2024-10-18,Republican,party,rnc,GOP,UC3o7kbpTUQ5-0WTMIp8sVwA,UC3o7kbpTUQ5-0WTMIp8sVwA,92,YouTube Shorts,One thing about Harris and Biden: No one knows what they are talking about.,One thing about Harris and Biden: No one knows what they are talking about.,27,14020,698,66.0,False,UNPLAYABLE,https://www.youtube.com/watch?v=LAqSCbilaC8,2026-08-24T15:49:24+00:00,,one thing about harris and biden: no one knows what they are talking about.,1,0,1,1,0,0,0,0,0,0,89,2024-10-14,0.04978601997146933,0.00470756062767475,9.54831148472113,-2.948274435473921
jK0lscEZE4I,2024-10-18,Republican,party,rnc,GOP,UC3o7kbpTUQ5-0WTMIp8sVwA,UC3o7kbpTUQ5-0WTMIp8sVwA,93,YouTube Shorts,Kamala wouldn't change a thing.,Kamala wouldn't change a thing.,25,13093,280,37.0,False,UNPLAYABLE,https://www.youtube.com/watch?v=jK0lscEZE4I,2026-08-24T15:49:42+00:00,,kamala wouldn't change a thing.,1,0,0,0,0,0,0,0,0,0,89,2024-10-14,0.021385473153593522,0.0028259375238677154,9.479909389001037,-3.8216808566528533
X5eZdvhNvkM,2024-10-18,Republican,candidate,trump,Donald J Trump,UCAql2DyGU2un1Ei2nMYsqOA,UCAql2DyGU2un1Ei2nMYsqOA,4,YouTube Shorts,KAMALA REFUSES TO SAY 1 THING SHE WOULD DO DIFFERENTLY THAN BIDEN!,,25,296607,10761,2300.0,False,UNPLAYABLE,https://www.youtube.com/watch?v=X5eZdvhNvkM,2026-08-24T15:52:53+00:00,,kamala refuses to say 1 thing she would do differently than biden!,1,0,1,1,0,0,0,0,0,0,89,2024-10-14,0.03628033053838918,0.007754368575252775,12.600166680675558,-3.2794800032289104
2HJOuGlKtxk,2024-10-19,Democratic,candidate,harris,Kamala Harris,UC0XBsJpPhOLg0k4x9ZwrWzw,UC0XBsJpPhOLg0k4x9ZwrWzw,113,YouTube Shorts,"Thank you for being a part of our campaign, @Lizzo.","Help Vice President Kamala Harris and Governor Tim Walz put policies in place that protect our fundamental freedoms and defeat Donald Trump and MAGA Republicans this election. Take action at go.kamalaharris.com.
--------------------------------------
Follow Vice President Kamala Harris!

Kamala's Twitter: https://twitter.com/KamalaHarris
Kamala's Tiktok: www.tiktok.com/@kamalaharris
Kamala’s Instagram: https://www.instagram.com/KamalaHarris  
Kamala's Twitch: https://www.twitch.tv/kamalaharris
Kamala's Facebook: https://www.facebook.com/KamalaHarris
Kamala's Threads: https://www.threads.net/@kamalaharris

#KamalaHarris #Harris2024",20,963015,45857,2400.0,False,UNPLAYABLE,https://www.youtube.com/watch?v=2HJOuGlKtxk,2026-08-24T15:52:01+00:00,,"thank you for being a part of our campaign, @lizzo.",0,0,0,0,0,0,0,0,0,1,90,2024-10-14,0.04761815755725508,0.0024921730191118517,13.777825305387825,-2.995741541351638
8_sY8AUCRkg,2024-10-19,Democratic,candidate,harris,Kamala Harris,UC0XBsJpPhOLg0k4x9ZwrWzw,UC0XBsJpPhOLg0k4x9ZwrWzw,117,YouTube Shorts,Donald Trump is the type of leader who beats people down.,"Help Vice President Kamala Harris and Governor Tim Walz put policies in place that protect our fundamental freedoms and defeat Donald Trump and MAGA Republicans this election. Take action at go.kamalaharris.com.
--------------------------------------
Follow Vice President Kamala Harris!

Kamala's Twitter: https://twitter.com/KamalaHarris
Kamala's Tiktok: www.tiktok.com/@kamalaharris
Kamala’s Instagram: https://www.instagram.com/KamalaHarris  
Kamala's Twitch: https://www.twitch.tv/kamalaharris
Kamala's Facebook: https://www.facebook.com/KamalaHarris
Kamala's Threads: https://www.threads.net/@kamalaharris

#KamalaHarris #Harris2024 #shorts #youtubeshorts #election #election2024",34,202894,6859,581.0,False,UNPLAYABLE,https://www.youtube.com/watch?v=8_sY8AUCRkg,2026-08-24T15:52:02+00:00,,donald trump is the type of leader who beats people down.,1,0,0,0,0,0,0,0,0,0,90,2024-10-14,0.033805829645036325,0.0028635642256547755,12.220443882829146,-3.352661212494724
EoI-h_XLP9o,2024-10-19,Democratic,candidate,harris,Kamala Harris,UC0XBsJpPhOLg0k4x9ZwrWzw,UC0XBsJpPhOLg0k4x9ZwrWzw,118,YouTube Shorts,"As president, I will sign the PRO Act into law and make it easier to join a union.","Help Vice President Kamala Harris and Governor Tim Walz put policies in place that protect our fundamental freedoms and defeat Donald Trump and MAGA Republicans this election. Take action at go.kamalaharris.com.
--------------------------------------
Follow Vice President Kamala Harris!

Kamala's Twitter: https://twitter.com/KamalaHarris
Kamala's Tiktok: www.tiktok.com/@kamalaharris
Kamala’s Instagram: https://www.instagram.com/KamalaHarris  
Kamala's Twitch: https://www.twitch.tv/kamalaharris
Kamala's Facebook: https://www.facebook.com/KamalaHarris
Kamala's Threads: https://www.threads.net/@kamalaharris

#KamalaHarris #Harris2024 #shorts #youtubeshorts #election #election2024",38,124198,5676,461.0,False,UNPLAYABLE,https://www.youtube.com/watch?v=EoI-h_XLP9o,2026-08-24T15:52:02+00:00,,"as president, i will sign the pro act into law and make it easier to join a union.",0,0,0,0,0,0,0,0,0,1,90,2024-10-14,0.045701219021240275,0.0037118150050725455,11.729640396919311,-3.0387679703467803
Oj-hv3fvPtw,2024-10-19,Democratic,candidate,harris,Kamala Harris,UC0XBsJpPhOLg0k4x9ZwrWzw,UC0XBsJpPhOLg0k4x9ZwrWzw,115,YouTube Shorts,"Let’s break some early voting records, Detroit.","Help Vice President Kamala Harris and Governor Tim Walz put policies in place that protect our fundamental freedoms and defeat Donald Trump and MAGA Republicans this election. Take action at go.kamalaharris.com.
--------------------------------------
Follow Vice President Kamala Harris!

Kamala's Twitter: https://twitter.com/KamalaHarris
Kamala's Tiktok: www.tiktok.com/@kamalaharris
Kamala’s Instagram: https://www.instagram.com/KamalaHarris  
Kamala's Twitch: https://www.twitch.tv/kamalaharris
Kamala's Facebook: https://www.facebook.com/KamalaHarris
Kamala's Threads: https://www.threads.net/@kamalaharris

#KamalaHarris #Harris2024",9,387011,20258,1400.0,False,UNPLAYABLE,https://www.youtube.com/watch?v=Oj-hv3fvPtw,2026-08-24T15:52:01+00:00,,"let's break some early voting records, detroit.",0,0,0,0,1,0,0,0,0,0,90,2024-10-14,0.05234476539426528,0.003617468237336923,12.866210979283126,-2.8961155016958853
VXFwHtkUIIo,2024-10-19,Democratic,candidate,harris,Kamala Harris,UC0XBsJpPhOLg0k4x9ZwrWzw,UC0XBsJpPhOLg0k4x9ZwrWzw,112,YouTube Shorts,Donald Trump is unfit to be President of the United States.,"Help Vice President Kamala Harris and Governor Tim Walz put policies in place that protect our fundamental freedoms and defeat Donald Trump and MAGA Republicans this election. Take action at go.kamalaharris.com.
--------------------------------------
Follow Vice President Kamala Harris!

Kamala's Twitter: https://twitter.com/KamalaHarris
Kamala's Tiktok: www.tiktok.com/@kamalaharris
Kamala’s Instagram: https://www.instagram.com/KamalaHarris  
Kamala's Twitch: https://www.twitch.tv/kamalaharris
Kamala's Facebook: https://www.facebook.com/KamalaHarris
Kamala's Threads: https://www.threads.net/@kamalaharris

#KamalaHarris #Harris2024",17,65880,2105,417.0,False,UNPLAYABLE,https://www.youtube.com/watch?v=VXFwHtkUIIo,2026-08-24T15:51:59+00:00,,donald trump is unfit to be president of the united states.,1,0,1,1,0,0,0,0,0,0,90,2024-10-14,0.03195203400121433,0.006329690346083789,11.095605363289915,-3.410816135440017
epLuvE--qq4,2024-10-19,Democratic,candidate,harris,Kamala Harris,UC0XBsJpPhOLg0k4x9ZwrWzw,UC0XBsJpPhOLg0k4x9ZwrWzw,116,YouTube Shorts,"If Trump is so exhausted from the campaign trail, is he fit for the toughest job in the world?","Help Vice President Kamala Harris and Governor Tim Walz put policies in place that protect our fundamental freedoms and defeat Donald Trump and MAGA Republicans this election. Take action at go.kamalaharris.com.
--------------------------------------
Follow Vice President Kamala Harris!

Kamala's Twitter: https://twitter.com/KamalaHarris
Kamala's Tiktok: www.tiktok.com/@kamalaharris
Kamala’s Instagram: https://www.instagram.com/KamalaHarris  
Kamala's Twitch: https://www.twitch.tv/kamalaharris
Kamala's Facebook: https://www.facebook.com/KamalaHarris
Kamala's Threads: https://www.threads.net/@kamalaharris

#KamalaHarris #Harris2024 #shorts #youtubeshorts #election #election2024",29,158314,7438,828.0,False,UNPLAYABLE,https://www.youtube.com/watch?v=epLuvE--qq4,2026-08-24T15:52:01+00:00,,"if trump is so exhausted from the campaign trail, is he fit for the toughest job in the world?",1,0,0,0,0,1,0,0,0,0,90,2024-10-14,0.046982578925426684,0.005230112308450295,11.972341998170865,-3.009792405758084
jUrl9Nwo6Wg,2024-10-19,Democratic,candidate,harris,Kamala Harris,UC0XBsJpPhOLg0k4x9ZwrWzw,UC0XBsJpPhOLg0k4x9ZwrWzw,114,YouTube Shorts,"I always say I eat ""no"" for breakfast.","Help Vice President Kamala Harris and Governor Tim Walz put policies in place that protect our fundamental freedoms and defeat Donald Trump and MAGA Republicans this election. Take action at go.kamalaharris.com.
--------------------------------------
Follow Vice President Kamala Harris!

Kamala's Twitter: https://twitter.com/KamalaHarris
Kamala's Tiktok: www.tiktok.com/@kamalaharris
Kamala’s Instagram: https://www.instagram.com/KamalaHarris  
Kamala's Twitch: https://www.twitch.tv/kamalaharris
Kamala's Facebook: https://www.facebook.com/KamalaHarris
Kamala's Threads: https://www.threads.net/@kamalaharris

#KamalaHarris #Harris2024",40,390186,32364,1700.0,False,UNPLAYABLE,https://www.youtube.com/watch?v=jUrl9Nwo6Wg,2026-08-24T15:52:01+00:00,,"i always say i eat ""no"" for breakfast.",0,0,0,0,0,0,0,0,0,1,90,2024-10-14,0.08294505697282835,0.004356896454511438,12.874381390368072,-2.402974910299516
u_knx6fdR1Q,2024-10-19,Democratic,candidate,harris,Kamala Harris,UC0XBsJpPhOLg0k4x9ZwrWzw,UC0XBsJpPhOLg0k4x9ZwrWzw,119,YouTube Shorts,Now this is a crew.,"Help Vice President Kamala Harris and Governor Tim Walz put policies in place that protect our fundamental freedoms and defeat Donald Trump and MAGA Republicans this election. Take action at go.kamalaharris.com.
--------------------------------------
Follow Vice President Kamala Harris!

Kamala's Twitter: https://twitter.com/KamalaHarris
Kamala's Tiktok: www.tiktok.com/@kamalaharris
Kamala’s Instagram: https://www.instagram.com/KamalaHarris  
Kamala's Twitch: https://www.twitch.tv/kamalaharris
Kamala's Facebook: https://www.facebook.com/KamalaHarris
Kamala's Threads: https://www.threads.net/@kamalaharris

#KamalaHarris #Harris2024",27,1014597,54840,3500.0,False,UNPLAYABLE,https://www.youtube.com/watch?v=u_knx6fdR1Q,2026-08-24T15:52:19+00:00,,now this is a crew.,0,0,0,0,0,0,0,0,0,0,90,2024-10-14,0.05405101730046511,0.0034496455242820547,13.830003032892598,-2.862251676300328
2ti0J7j7CtE,2024-10-20,Democratic,candidate,harris,Kamala Harris,UC0XBsJpPhOLg0k4x9ZwrWzw,UC0XBsJpPhOLg0k4x9ZwrWzw,111,YouTube Shorts,"Stacey, my best friend from kindergarten, is still my best friend today.","Help Vice President Kamala Harris and Governor Tim Walz put policies in place that protect our fundamental freedoms and defeat Donald Trump and MAGA Republicans this election. Take action at go.kamalaharris.com.
--------------------------------------
Follow Vice President Kamala Harris!

Kamala's Twitter: https://twitter.com/KamalaHarris
Kamala's Tiktok: www.tiktok.com/@kamalaharris
Kamala’s Instagram: https://www.instagram.com/KamalaHarris  
Kamala's Twitch: https://www.twitch.tv/kamalaharris
Kamala's Facebook: https://www.facebook.com/KamalaHarris
Kamala's Threads: https://www.threads.net/@kamalaharris

#KamalaHarris #Harris2024 #shorts #youtubeshorts #election #election2024",56,301644,26724,955.0,False,UNPLAYABLE,https://www.youtube.com/watch?v=2ti0J7j7CtE,2026-08-24T15:51:58+00:00,,"stacey, my best friend from kindergarten, is still my best friend today.",0,0,0,0,0,0,0,0,0,1,91,2024-10-14,0.08859450212833671,0.0031659837424248454,12.617006108230123,-2.330901217300457
jyVmSLWxG3g,2024-10-20,Democratic,candidate,harris,Kamala Harris,UC0XBsJpPhOLg0k4x9ZwrWzw,UC0XBsJpPhOLg0k4x9ZwrWzw,110,YouTube Shorts,Thank you to my friend @steviewonder—it’s a joy to spend my birthday in Georgia with all of you.,"Help Vice President Kamala Harris and Governor Tim Walz put policies in place that protect our fundamental freedoms and defeat Donald Trump and MAGA Republicans this election. Take action at https://go.kamalaharris.com.
--------------------------------------
Follow Vice President Kamala Harris!

Kamala's Twitter: https://twitter.com/KamalaHarris
Kamala's Tiktok: https://tiktok.com/@kamalaharris
Kamala’s Instagram: https://www.instagram.com/KamalaHarris  
Kamala's Twitch: https://www.twitch.tv/kamalaharris
Kamala's Facebook: https://www.facebook.com/KamalaHarris
Kamala's Threads: https://www.threads.net/@kamalaharris

#KamalaHarris #Harris2024 #shorts #youtubeshorts #election #election2024",39,141100,14545,929.0,False,UNPLAYABLE,https://www.youtube.com/watch?v=jyVmSLWxG3g,2026-08-24T15:52:05+00:00,,thank you to my friend @steviewonder-it's a joy to spend my birthday in georgia with all of you.,0,0,0,0,0,0,0,0,0,1,91,2024-10-14,0.10308291991495393,0.006583982990786676,11.85723122498801,-2.16339927969873
05GMnOs4qOw,2024-10-21,Democratic,candidate,harris,Kamala Harris,UC0XBsJpPhOLg0k4x9ZwrWzw,UC0XBsJpPhOLg0k4x9ZwrWzw,106,YouTube Shorts,"Sometimes you hit the note, sometimes you don't.","Help Vice President Kamala Harris and Governor Tim Walz put policies in place that protect our fundamental freedoms and defeat Donald Trump and MAGA Republicans this election. Take action at go.kamalaharris.com.
--------------------------------------
Follow Vice President Kamala Harris!

Kamala's Twitter: https://twitter.com/KamalaHarris
Kamala's Tiktok: www.tiktok.com/@kamalaharris
Kamala’s Instagram: https://www.instagram.com/KamalaHarris  
Kamala's Twitch: https://www.twitch.tv/kamalaharris
Kamala's Facebook: https://www.facebook.com/KamalaHarris
Kamala's Threads: https://www.threads.net/@kamalaharris

#KamalaHarris #Harris2024 #shorts #youtubeshorts #election #election2024",31,178341,9780,936.0,False,UNPLAYABLE,https://www.youtube.com/watch?v=05GMnOs4qOw,2026-08-24T15:51:57+00:00,,"sometimes you hit the note, sometimes you don't.",0,0,0,0,0,0,0,0,0,0,92,2024-10-21,0.05483876394098945,0.005248372499873837,12.091458334160023,-2.846910060880462
4U_LdQBpPtY,2024-10-21,Democratic,candidate,harris,Kamala Harris,UC0XBsJpPhOLg0k4x9ZwrWzw,UC0XBsJpPhOLg0k4x9ZwrWzw,107,YouTube Shorts,I know what it is like to care for an aging parent while working full-time.,"That is why my opportunity agenda will make life easier for those taking care of their parents and grandparents by having Medicare cover the cost of home health care. 

Help Vice President Kamala Harris and Governor Tim Walz put policies in place that protect our fundamental freedoms and defeat Donald Trump and MAGA Republicans this election. Take action at https://go.kamalaharris.com.
--------------------------------------
Follow Vice President Kamala Harris!

Kamala's Twitter: https://twitter.com/KamalaHarris
Kamala's Tiktok: https://tiktok.com/@kamalaharris
Kamala’s Instagram: https://www.instagram.com/KamalaHarris  
Kamala's Twitch: https://www.twitch.tv/kamalaharris
Kamala's Facebook: https://www.facebook.com/KamalaHarris
Kamala's Threads: https://www.threads.net/@kamalaharris

#KamalaHarris #Harris2024 #shorts #election2024 #youtubeshorts #election",22,98415,7294,488.0,False,UNPLAYABLE,https://www.youtube.com/watch?v=4U_LdQBpPtY,2026-08-24T15:51:57+00:00,,i know what it is like to care for an aging parent while working full-time.,0,0,0,0,0,0,0,0,0,1,92,2024-10-21,0.07411471828481431,0.004958593710308388,11.49695867144815,-2.5250731412822236
6w9xR_T2Mjo,2024-10-21,Democratic,candidate,harris,Kamala Harris,UC0XBsJpPhOLg0k4x9ZwrWzw,UC0XBsJpPhOLg0k4x9ZwrWzw,109,YouTube Shorts,"Thank you, Nora, for all your support. I can’t believe you’re headed to college.","Help Vice President Kamala Harris and Governor Tim Walz put policies in place that protect our fundamental freedoms and defeat Donald Trump and MAGA Republicans this election. Take action at go.kamalaharris.com.
--------------------------------------
Follow Vice President Kamala Harris!

Kamala's Twitter: https://twitter.com/KamalaHarris
Kamala's Tiktok: www.tiktok.com/@kamalaharris
Kamala’s Instagram: https://www.instagram.com/KamalaHarris  
Kamala's Twitch: https://www.twitch.tv/kamalaharris
Kamala's Facebook: https://www.facebook.com/KamalaHarris
Kamala's Threads: https://www.threads.net/@kamalaharris

#KamalaHarris #Harris2024 #shorts #youtubeshorts #election #election2024",41,197191,14338,486.0,False,UNPLAYABLE,https://www.youtube.com/watch?v=6w9xR_T2Mjo,2026-08-24T15:51:57+00:00,,"thank you, nora, for all your support. i can't believe you're headed to college.",0,0,1,0,0,0,0,1,0,1,92,2024-10-21,0.07271122921431505,0.0024646155250493177,12.191933152376452,-2.5457370585951167
YZRaO2Mw4i0,2024-10-21,Democratic,candidate,harris,Kamala Harris,UC0XBsJpPhOLg0k4x9ZwrWzw,UC0XBsJpPhOLg0k4x9ZwrWzw,108,YouTube Shorts,Grabbed some Tasty Ranch Dill pretzels for Doug from Port City Pretzel in Portsmouth.,"Help Vice President Kamala Harris and Governor Tim Walz put policies in place that protect our fundamental freedoms and defeat Donald Trump and MAGA Republicans this election. Take action at go.kamalaharris.com.
--------------------------------------
Follow Vice President Kamala Harris!

Kamala's Twitter: https://twitter.com/KamalaHarris
Kamala's Tiktok: www.tiktok.com/@kamalaharris
Kamala’s Instagram: https://www.instagram.com/KamalaHarris  
Kamala's Twitch: https://www.twitch.tv/kamalaharris
Kamala's Facebook: https://www.facebook.com/KamalaHarris
Kamala's Threads: https://www.threads.net/@kamalaharris

#KamalaHarris #Harris2024 #shorts #youtubeshorts #election #election2024",25,1081030,39343,1400.0,False,UNPLAYABLE,https://www.youtube.com/watch?v=YZRaO2Mw4i0,2026-08-24T15:51:57+00:00,,grabbed some tasty ranch dill pretzels for doug from port city pretzel in portsmouth.,0,0,0,0,0,0,1,0,0,0,92,2024-10-21,0.036393994616245616,0.001295061191641305,13.89342577336095,-3.276266496327367
D5inLawEBME,2024-10-21,Republican,party,rnc,GOP,UC3o7kbpTUQ5-0WTMIp8sVwA,UC3o7kbpTUQ5-0WTMIp8sVwA,90,YouTube Shorts,President Trump knows how to make an entrance!,"President Trump knows how to make an entrance!

Thank you, Pennsylvania!
#MAGADonalds",50,2835,178,22.0,False,UNPLAYABLE,https://www.youtube.com/watch?v=D5inLawEBME,2026-08-24T15:49:21+00:00,,president trump knows how to make an entrance!,0,1,0,0,0,0,0,0,0,0,92,2024-10-21,0.06278659611992946,0.007760141093474427,7.950149887652018,-2.700552508996409
bGcpW_0IZEA,2024-10-21,Republican,party,rnc,GOP,UC3o7kbpTUQ5-0WTMIp8sVwA,UC3o7kbpTUQ5-0WTMIp8sVwA,87,YouTube Shorts,Great day in North Carolina!,Great day in North Carolina!,27,1379,111,6.0,False,UNPLAYABLE,https://www.youtube.com/watch?v=bGcpW_0IZEA,2026-08-24T15:49:20+00:00,,great day in north carolina!,0,0,0,0,0,0,0,0,0,0,92,2024-10-21,0.08049311094996374,0.00435097897026831,7.22983877815125,-2.4315657881391632
kC00Q2ekHdw,2024-10-21,Republican,party,rnc,GOP,UC3o7kbpTUQ5-0WTMIp8sVwA,UC3o7kbpTUQ5-0WTMIp8sVwA,89,YouTube Shorts,WOMEN FOR TRUMP! 🇺🇸,WOMEN FOR TRUMP! 🇺🇸,14,1118,100,14.0,False,UNPLAYABLE,https://www.youtube.com/watch?v=kC00Q2ekHdw,2026-08-24T15:49:21+00:00,,women for trump! 🇺🇸,0,1,0,0,0,0,0,0,0,0,92,2024-10-21,0.08944543828264759,0.012522361359570662,7.020190708311925,-2.31592850816773
lymimkoPej8,2024-10-21,Republican,party,rnc,GOP,UC3o7kbpTUQ5-0WTMIp8sVwA,UC3o7kbpTUQ5-0WTMIp8sVwA,91,YouTube Shorts,MAGADonald's!,#MAGADonald's! 🍔 🍟,64,600,74,5.0,False,UNPLAYABLE,https://www.youtube.com/watch?v=lymimkoPej8,2026-08-24T15:49:22+00:00,,magadonald's!,0,0,0,0,0,0,0,0,0,0,92,2024-10-21,0.12333333333333334,0.008333333333333333,6.398594934535208,-1.9554522061885162
oshaseHJDXk,2024-10-21,Republican,party,rnc,GOP,UC3o7kbpTUQ5-0WTMIp8sVwA,UC3o7kbpTUQ5-0WTMIp8sVwA,88,YouTube Shorts,"Kamala tells Christians they don't belong at her rally, while President Trump prays with them.","Kamala tells Christians they don't belong at her rally, while President Trump prays with them.

The difference is clear.",79,2232,89,19.0,False,UNPLAYABLE,https://www.youtube.com/watch?v=oshaseHJDXk,2026-08-24T15:49:21+00:00,,"kamala tells christians they don't belong at her rally, while president trump prays with them.",1,1,0,0,0,0,0,0,0,0,92,2024-10-21,0.039874551971326166,0.008512544802867384,7.711101251840158,-3.175956660757222
E7PZ1recjLw,2024-10-22,Democratic,candidate,harris,Kamala Harris,UC0XBsJpPhOLg0k4x9ZwrWzw,UC0XBsJpPhOLg0k4x9ZwrWzw,105,YouTube Shorts,Donald Trump is rambling about nonsense.,"Help Vice President Kamala Harris and Governor Tim Walz put policies in place that protect our fundamental freedoms and defeat Donald Trump and MAGA Republicans this election. Take action at https://go.kamalaharris.com.
--------------------------------------
Follow Vice President Kamala Harris!

Kamala's Twitter: https://twitter.com/KamalaHarris
Kamala's Tiktok: https://tiktok.com/@kamalaharris
Kamala’s Instagram: https://www.instagram.com/KamalaHarris  
Kamala's Twitch: https://www.twitch.tv/kamalaharris
Kamala's Facebook: https://www.facebook.com/KamalaHarris
Kamala's Threads: https://www.threads.net/@kamalaharris

#KamalaHarris #Harris2024 #shorts #youtubeshorts #election #election2024",19,64908,3903,454.0,False,UNPLAYABLE,https://www.youtube.com/watch?v=E7PZ1recjLw,2026-08-24T15:51:56+00:00,,donald trump is rambling about nonsense.,1,0,0,0,0,0,0,0,0,0,93,2024-10-21,0.06013126271029765,0.006994515313982868,11.080741567962146,-2.749090437465006
Gyzz3yIq1Jk,2024-10-22,Democratic,candidate,harris,Kamala Harris,UC0XBsJpPhOLg0k4x9ZwrWzw,UC0XBsJpPhOLg0k4x9ZwrWzw,104,YouTube Shorts,"We will never stop saying Amber Nicole Thurman's name, and we will not let her be just a statistic.","Donald Trump refuses to take accountability, or even acknowledge, the pain and suffering he has caused.
Help Vice President Kamala Harris and Governor Tim Walz put policies in place that protect our fundamental freedoms and defeat Donald Trump and MAGA Republicans this election. Take action at https://go.kamalaharris.com.
--------------------------------------
Follow Vice President Kamala Harris!

Kamala's Twitter: https://twitter.com/KamalaHarris
Kamala's Tiktok: https://tiktok.com/@kamalaharris
Kamala’s Instagram: https://www.instagram.com/KamalaHarris  
Kamala's Twitch: https://www.twitch.tv/kamalaharris
Kamala's Facebook: https://www.facebook.com/KamalaHarris
Kamala's Threads: https://www.threads.net/@kamalaharris

#KamalaHarris #Harris2024 #shorts #youtubeshorts #election #election2024",56,228655,17382,812.0,False,UNPLAYABLE,https://www.youtube.com/watch?v=Gyzz3yIq1Jk,2026-08-24T15:51:56+00:00,,"we will never stop saying amber nicole thurman's name, and we will not let her be just a statistic.",0,0,0,0,0,0,0,0,0,1,93,2024-10-21,0.07601845575211563,0.003551201591917955,12.339973969721576,-2.497689549662798
cx_efZ6f1Lo,2024-10-22,Democratic,candidate,harris,Kamala Harris,UC0XBsJpPhOLg0k4x9ZwrWzw,UC0XBsJpPhOLg0k4x9ZwrWzw,102,YouTube Shorts,Take it from the people who know Donald Trump best: He is unfit to be president.,"Help Vice President Kamala Harris and Governor Tim Walz put policies in place that protect our fundamental freedoms and defeat Donald Trump and MAGA Republicans this election. Take action at https://go.kamalaharris.com.
--------------------------------------
Follow Vice President Kamala Harris!

Kamala's Twitter: https://twitter.com/KamalaHarris
Kamala's Tiktok: https://tiktok.com/@kamalaharris
Kamala’s Instagram: https://www.instagram.com/KamalaHarris  
Kamala's Twitch: https://www.twitch.tv/kamalaharris
Kamala's Facebook: https://www.facebook.com/KamalaHarris
Kamala's Threads: https://www.threads.net/@kamalaharris

#KamalaHarris #Harris2024",37,128717,3475,422.0,False,UNPLAYABLE,https://www.youtube.com/watch?v=cx_efZ6f1Lo,2026-08-24T15:51:53+00:00,,take it from the people who know donald trump best: he is unfit to be president.,1,0,1,1,0,0,0,0,0,0,93,2024-10-21,0.02699721093561845,0.0032785102200952477,11.76537924394456,-3.5845135043741565
lJAzo_88xAY,2024-10-22,Democratic,candidate,harris,Kamala Harris,UC0XBsJpPhOLg0k4x9ZwrWzw,UC0XBsJpPhOLg0k4x9ZwrWzw,103,YouTube Shorts,Detroit is a town of people who have grit and determination.,"Help Vice President Kamala Harris and Governor Tim Walz put policies in place that protect our fundamental freedoms and defeat Donald Trump and MAGA Republicans this election. Take action at https://go.kamalaharris.com.
--------------------------------------
Follow Vice President Kamala Harris!

Kamala's Twitter: https://twitter.com/KamalaHarris
Kamala's Tiktok: https://tiktok.com/@kamalaharris
Kamala’s Instagram: https://www.instagram.com/KamalaHarris  
Kamala's Twitch: https://www.twitch.tv/kamalaharris
Kamala's Facebook: https://www.facebook.com/KamalaHarris
Kamala's Threads: https://www.threads.net/@kamalaharris

#KamalaHarris #Harris2024",25,54836,5297,437.0,False,UNPLAYABLE,https://www.youtube.com/watch?v=lJAzo_88xAY,2026-08-24T15:51:54+00:00,,detroit is a town of people who have grit and determination.,0,0,0,0,0,0,0,0,0,0,93,2024-10-21,0.09659712597563644,0.007969217302502007,10.912120427584714,-2.235535319995704
52juuR_V80Y,2024-10-22,Republican,party,rnc,GOP,UC3o7kbpTUQ5-0WTMIp8sVwA,UC3o7kbpTUQ5-0WTMIp8sVwA,82,YouTube Shorts,WE DID IT JOE,WE DID IT JOE!,18,3355,76,23.0,False,UNPLAYABLE,https://www.youtube.com/watch?v=52juuR_V80Y,2026-08-24T15:49:17+00:00,,we did it joe,0,0,0,0,0,0,0,0,0,1,93,2024-10-21,0.022652757078986587,0.006855439642324888,8.118505067587098,-3.7581555099013
WRr0P4illaw,2024-10-22,Republican,party,rnc,GOP,UC3o7kbpTUQ5-0WTMIp8sVwA,UC3o7kbpTUQ5-0WTMIp8sVwA,83,YouTube Shorts,Welcome to the GOP Tulsi!,Welcome to the GOP Tulsi!,68,1064,120,15.0,False,UNPLAYABLE,https://www.youtube.com/watch?v=WRr0P4illaw,2026-08-24T15:49:18+00:00,,welcome to the gop tulsi!,0,1,0,0,0,0,0,1,0,0,93,2024-10-21,0.11278195488721804,0.014097744360902255,6.970730078143525,-2.059005934010855
jNPiFNNGqxk,2024-10-22,Republican,party,rnc,GOP,UC3o7kbpTUQ5-0WTMIp8sVwA,UC3o7kbpTUQ5-0WTMIp8sVwA,84,YouTube Shorts,Merry Christmas Kamala!,Merry Christmas Kamala!,11,6904,219,46.0,False,UNPLAYABLE,https://www.youtube.com/watch?v=jNPiFNNGqxk,2026-08-24T15:49:24+00:00,,merry christmas kamala!,1,0,0,0,0,0,0,0,1,0,93,2024-10-21,0.031720741599073,0.006662804171494786,8.840001065843392,-3.4163440485394942
wT4V4upLFaQ,2024-10-22,Republican,party,rnc,GOP,UC3o7kbpTUQ5-0WTMIp8sVwA,UC3o7kbpTUQ5-0WTMIp8sVwA,86,YouTube Shorts,President Trump will Make America Safe Again!,,30,599,92,3.0,False,UNPLAYABLE,https://www.youtube.com/watch?v=wT4V4upLFaQ,2026-08-24T15:49:20+00:00,,president trump will make america safe again!,0,1,0,0,0,0,0,0,0,0,93,2024-10-21,0.15358931552587646,0.005008347245409015,6.396929655216146,-1.7022880663975628
yq6ZFiAXHc0,2024-10-22,Republican,party,rnc,GOP,UC3o7kbpTUQ5-0WTMIp8sVwA,UC3o7kbpTUQ5-0WTMIp8sVwA,85,YouTube Shorts,We have TWO WEEKS to get out the vote and Make America Great Again!,"We have TWO WEEKS to get out the vote and Make America Great Again!

Go to swampthevoteusa.com to make a plan!",54,844,77,8.0,False,UNPLAYABLE,https://www.youtube.com/watch?v=yq6ZFiAXHc0,2026-08-24T15:49:25+00:00,,we have two weeks to get out the vote and make america great again!,0,0,0,0,1,0,0,0,0,1,93,2024-10-21,0.09123222748815166,0.009478672985781991,6.739336627357174,-2.292860543102051
CFaUd5H9rkM,2024-10-23,Democratic,candidate,harris,Kamala Harris,UC0XBsJpPhOLg0k4x9ZwrWzw,UC0XBsJpPhOLg0k4x9ZwrWzw,98,YouTube Shorts,Here's what I believe about Donald Trump.,"Help Vice President Kamala Harris and Governor Tim Walz put policies in place that protect our fundamental freedoms and defeat Donald Trump and MAGA Republicans this election. Take action at https://go.kamalaharris.com.
--------------------------------------
Follow Vice President Kamala Harris!

Kamala's Twitter: https://twitter.com/KamalaHarris
Kamala's Tiktok: https://tiktok.com/@kamalaharris
Kamala’s Instagram: https://www.instagram.com/KamalaHarris  
Kamala's Twitch: https://www.twitch.tv/kamalaharris
Kamala's Facebook: https://www.facebook.com/KamalaHarris
Kamala's Threads: https://www.threads.net/@kamalaharris

#KamalaHarris #Harris2024 #shorts #youtubeshorts #election #election2024",46,222395,10666,986.0,False,UNPLAYABLE,https://www.youtube.com/watch?v=CFaUd5H9rkM,2026-08-24T15:51:50+00:00,,here's what i believe about donald trump.,1,0,0,0,0,0,0,0,0,1,94,2024-10-21,0.047959711324445244,0.004433552912610445,12.31221485558531,-2.988201527557377
f_y4KpP6MAU,2024-10-23,Democratic,candidate,harris,Kamala Harris,UC0XBsJpPhOLg0k4x9ZwrWzw,UC0XBsJpPhOLg0k4x9ZwrWzw,101,YouTube Shorts,"President Biden and I are counting on your leadership, Evie.","Help Vice President Kamala Harris and Governor Tim Walz put policies in place that protect our fundamental freedoms and defeat Donald Trump and MAGA Republicans this election. Take action at https://go.kamalaharris.com.
--------------------------------------
Follow Vice President Kamala Harris!

Kamala's Twitter: https://twitter.com/KamalaHarris
Kamala's Tiktok: https://tiktok.com/@kamalaharris
Kamala’s Instagram: https://www.instagram.com/KamalaHarris  
Kamala's Twitch: https://www.twitch.tv/kamalaharris
Kamala's Facebook: https://www.facebook.com/KamalaHarris
Kamala's Threads: https://www.threads.net/@kamalaharris

#KamalaHarris #Harris2024 #shorts #youtubeshorts #election #election2024",52,5357454,151435,3700.0,False,UNPLAYABLE,https://www.youtube.com/watch?v=f_y4KpP6MAU,2026-08-24T15:51:55+00:00,,"president biden and i are counting on your leadership, evie.",0,1,0,0,0,0,0,0,0,1,94,2024-10-21,0.028266224964320737,0.0006906265550763478,15.493999606854556,-3.537411039504494
igbdO40eRfg,2024-10-23,Democratic,candidate,harris,Kamala Harris,UC0XBsJpPhOLg0k4x9ZwrWzw,UC0XBsJpPhOLg0k4x9ZwrWzw,100,YouTube Shorts,"Mark, thanks for getting out the vote for your Auntie Kamala.","Help Vice President Kamala Harris and Governor Tim Walz put policies in place that protect our fundamental freedoms and defeat Donald Trump and MAGA Republicans this election. Take action at https://go.kamalaharris.com.
--------------------------------------
Follow Vice President Kamala Harris!

Kamala's Twitter: https://twitter.com/KamalaHarris
Kamala's Tiktok: https://tiktok.com/@kamalaharris
Kamala’s Instagram: https://www.instagram.com/KamalaHarris  
Kamala's Twitch: https://www.twitch.tv/kamalaharris
Kamala's Facebook: https://www.facebook.com/KamalaHarris
Kamala's Threads: https://www.threads.net/@kamalaharris

#KamalaHarris #Harris2024 #shorts #youtubeshorts #election #election2024",20,283439,19977,926.0,False,UNPLAYABLE,https://www.youtube.com/watch?v=igbdO40eRfg,2026-08-24T15:51:51+00:00,,"mark, thanks for getting out the vote for your auntie kamala.",0,1,0,0,1,0,0,0,0,0,94,2024-10-21,0.07048077364088923,0.003267016888995516,12.554755739539354,-2.5793044025966845
k2PX39wnPqo,2024-10-23,Democratic,candidate,harris,Kamala Harris,UC0XBsJpPhOLg0k4x9ZwrWzw,UC0XBsJpPhOLg0k4x9ZwrWzw,99,YouTube Shorts,It's great to be back in Philadelphia.,"Help Vice President Kamala Harris and Governor Tim Walz put policies in place that protect our fundamental freedoms and defeat Donald Trump and MAGA Republicans this election. Take action at https://go.kamalaharris.com.
--------------------------------------
Follow Vice President Kamala Harris!

Kamala's Twitter: https://twitter.com/KamalaHarris
Kamala's Tiktok: https://tiktok.com/@kamalaharris
Kamala’s Instagram: https://www.instagram.com/KamalaHarris  
Kamala's Twitch: https://www.twitch.tv/kamalaharris
Kamala's Facebook: https://www.facebook.com/KamalaHarris
Kamala's Threads: https://www.threads.net/@kamalaharris

#KamalaHarris #Harris2024 #shorts #youtubeshorts #election #election2024",24,255252,12980,704.0,False,UNPLAYABLE,https://www.youtube.com/watch?v=k2PX39wnPqo,2026-08-24T15:51:51+00:00,,it's great to be back in philadelphia.,0,0,0,0,0,0,0,1,0,0,94,2024-10-21,0.050851707332361745,0.0027580587027721624,12.450010489140997,-2.926614894379561
qKhDYuj0ctE,2024-10-23,Democratic,candidate,harris,Kamala Harris,UC0XBsJpPhOLg0k4x9ZwrWzw,UC0XBsJpPhOLg0k4x9ZwrWzw,97,YouTube Shorts,Donald Trump should be here tonight to talk with the American people and answer their questions.,"Instead, he refused to come.
Help Vice President Kamala Harris and Governor Tim Walz put policies in place that protect our fundamental freedoms and defeat Donald Trump and MAGA Republicans this election. Take action at https://go.kamalaharris.com.
--------------------------------------
Follow Vice President Kamala Harris!

Kamala's Twitter: https://twitter.com/KamalaHarris
Kamala's Tiktok: https://tiktok.com/@kamalaharris
Kamala’s Instagram: https://www.instagram.com/KamalaHarris  
Kamala's Twitch: https://www.twitch.tv/kamalaharris
Kamala's Facebook: https://www.facebook.com/KamalaHarris
Kamala's Threads: https://www.threads.net/@kamalaharris

#KamalaHarris #Harris2024 #shorts #youtubeshorts #election #election2024",29,235787,11395,1300.0,False,UNPLAYABLE,https://www.youtube.com/watch?v=qKhDYuj0ctE,2026-08-24T15:51:50+00:00,,donald trump should be here tonight to talk with the american people and answer their questions.,1,0,0,0,0,0,0,0,0,0,94,2024-10-21,0.048327515935993076,0.00551345069914796,12.370688375205196,-2.9801782100008563
FwCtLUuznaU,2024-10-23,Republican,party,rnc,GOP,UC3o7kbpTUQ5-0WTMIp8sVwA,UC3o7kbpTUQ5-0WTMIp8sVwA,79,YouTube Shorts,"""I was welcomed with such open arms and was made very comfortable very quickly by my father-in-law.""","RNC Co-Chair Lara Trump: ""I was welcomed with such open arms and was made very comfortable very quickly by my father-in-law.""",58,1289,107,1.0,False,UNPLAYABLE,https://www.youtube.com/watch?v=FwCtLUuznaU,2026-08-24T15:49:15+00:00,,"""i was welcomed with such open arms and was made very comfortable very quickly by my father-in-law.""",0,0,0,0,0,0,0,0,0,1,94,2024-10-21,0.08301008533747091,0.0007757951900698216,7.162397497355718,-2.3978952727983707
XQGrXrEcHUA,2024-10-23,Republican,party,rnc,GOP,UC3o7kbpTUQ5-0WTMIp8sVwA,UC3o7kbpTUQ5-0WTMIp8sVwA,80,YouTube Shorts,Kamala Harris is a hypocrite.,Kamala Harris is a hypocrite.,18,853,84,11.0,False,UNPLAYABLE,https://www.youtube.com/watch?v=XQGrXrEcHUA,2026-08-24T15:49:16+00:00,,kamala harris is a hypocrite.,1,0,1,1,0,0,0,0,0,0,94,2024-10-21,0.0984759671746776,0.012895662368112544,6.74993119378857,-2.208989418915806
ZS4TcvyqEIo,2024-10-23,Republican,party,rnc,GOP,UC3o7kbpTUQ5-0WTMIp8sVwA,UC3o7kbpTUQ5-0WTMIp8sVwA,78,YouTube Shorts,Kamala Harris WILL ban fracking,Kamala Harris WILL ban fracking,36,441,40,6.0,False,UNPLAYABLE,https://www.youtube.com/watch?v=ZS4TcvyqEIo,2026-08-24T15:49:15+00:00,,kamala harris will ban fracking,1,0,1,1,0,1,0,0,0,0,94,2024-10-21,0.09070294784580499,0.013605442176870748,6.091309882077698,-2.293905559274323
oQS8525JC48,2024-10-23,Republican,party,rnc,GOP,UC3o7kbpTUQ5-0WTMIp8sVwA,UC3o7kbpTUQ5-0WTMIp8sVwA,81,YouTube Shorts,WOMEN FOR TRUMP! 🇺🇸,WOMEN FOR TRUMP! 🇺🇸,32,967,110,6.0,False,UNPLAYABLE,https://www.youtube.com/watch?v=oQS8525JC48,2026-08-24T15:49:16+00:00,,women for trump! 🇺🇸,0,1,0,0,0,0,0,0,0,0,94,2024-10-21,0.11375387797311272,0.0062047569803516025,6.875232087276577,-2.0490056580822875
SbEDOz1_qlo,2024-10-23,Republican,candidate,trump,Donald J Trump,UCAql2DyGU2un1Ei2nMYsqOA,UCAql2DyGU2un1Ei2nMYsqOA,3,YouTube Shorts,"Welcome to the Party, Tulsi.",,75,125601,12025,1600.0,False,UNPLAYABLE,https://www.youtube.com/watch?v=SbEDOz1_qlo,2026-08-24T15:52:53+00:00,,"welcome to the party, tulsi.",0,0,0,0,0,0,0,1,0,0,94,2024-10-21,0.09573968360124521,0.012738752079999364,11.740873456456336,-2.2454472235211256
1OmY2c_8lGQ,2024-10-24,Democratic,candidate,harris,Kamala Harris,UC0XBsJpPhOLg0k4x9ZwrWzw,UC0XBsJpPhOLg0k4x9ZwrWzw,95,YouTube Shorts,"Georgia: make your plan to vote today, and encourage your friends and family to do the same.","Help Vice President Kamala Harris and Governor Tim Walz put policies in place that protect our fundamental freedoms and defeat Donald Trump and MAGA Republicans this election. Take action at https://go.kamalaharris.com.
--------------------------------------
Follow Vice President Kamala Harris!

Kamala's Twitter: https://twitter.com/KamalaHarris
Kamala's Tiktok: https://tiktok.com/@kamalaharris
Kamala’s Instagram: https://www.instagram.com/KamalaHarris  
Kamala's Twitch: https://www.twitch.tv/kamalaharris
Kamala's Facebook: https://www.facebook.com/KamalaHarris
Kamala's Threads: https://www.threads.net/@kamalaharris

#KamalaHarris #Harris2024 #shorts #youtubeshorts #election #election2024",23,2129847,34387,1200.0,False,UNPLAYABLE,https://www.youtube.com/watch?v=1OmY2c_8lGQ,2026-08-24T15:51:50+00:00,,"georgia: make your plan to vote today, and encourage your friends and family to do the same.",0,0,0,0,1,0,1,0,0,0,95,2024-10-21,0.01614529118758296,0.0005634207527582967,14.571561173636907,-4.1098354910202834
LxLcRZ63ahQ,2024-10-24,Democratic,candidate,harris,Kamala Harris,UC0XBsJpPhOLg0k4x9ZwrWzw,UC0XBsJpPhOLg0k4x9ZwrWzw,93,YouTube Shorts,"Thank you, Georgia.","Help Vice President Kamala Harris and Governor Tim Walz put policies in place that protect our fundamental freedoms and defeat Donald Trump and MAGA Republicans this election. Take action at https://go.kamalaharris.com.
--------------------------------------
Follow Vice President Kamala Harris!

Kamala's Twitter: https://twitter.com/KamalaHarris
Kamala's Tiktok: https://tiktok.com/@kamalaharris
Kamala’s Instagram: https://www.instagram.com/KamalaHarris  
Kamala's Twitch: https://www.twitch.tv/kamalaharris
Kamala's Facebook: https://www.facebook.com/KamalaHarris
Kamala's Threads: https://www.threads.net/@kamalaharris

#KamalaHarris #Harris2024",15,4576391,135555,4800.0,False,UNPLAYABLE,https://www.youtube.com/watch?v=LxLcRZ63ahQ,2026-08-24T15:51:50+00:00,,"thank you, georgia.",0,0,0,0,0,0,0,0,0,0,95,2024-10-21,0.029620502269146146,0.0010488614281428314,15.336421472708455,-3.489216888027017
gX7qaCG57S4,2024-10-24,Democratic,candidate,harris,Kamala Harris,UC0XBsJpPhOLg0k4x9ZwrWzw,UC0XBsJpPhOLg0k4x9ZwrWzw,96,YouTube Shorts,Donald Trump is simply exhausted.,"Help Vice President Kamala Harris and Governor Tim Walz put policies in place that protect our fundamental freedoms and defeat Donald Trump and MAGA Republicans this election. Take action at https://go.kamalaharris.com.
--------------------------------------
Follow Vice President Kamala Harris!

Kamala's Twitter: https://twitter.com/KamalaHarris
Kamala's Tiktok: https://tiktok.com/@kamalaharris
Kamala’s Instagram: https://www.instagram.com/KamalaHarris  
Kamala's Twitch: https://www.twitch.tv/kamalaharris
Kamala's Facebook: https://www.facebook.com/KamalaHarris
Kamala's Threads: https://www.threads.net/@kamalaharris

#KamalaHarris #Harris2024 #shorts #youtubeshorts #election #election2024",14,50732,3657,435.0,False,UNPLAYABLE,https://www.youtube.com/watch?v=gX7qaCG57S4,2026-08-24T15:51:50+00:00,,donald trump is simply exhausted.,1,0,0,0,0,0,0,0,0,0,95,2024-10-21,0.07208468028069069,0.008574469762674446,10.834331865417795,-2.554972841923579
tDLHxmAMg9w,2024-10-24,Democratic,candidate,harris,Kamala Harris,UC0XBsJpPhOLg0k4x9ZwrWzw,UC0XBsJpPhOLg0k4x9ZwrWzw,94,YouTube Shorts,Donald Trump’s plan would be a disaster for entrepreneurs and small business owners.,"Help Vice President Kamala Harris and Governor Tim Walz put policies in place that protect our fundamental freedoms and defeat Donald Trump and MAGA Republicans this election. Take action at https://go.kamalaharris.com.
--------------------------------------
Follow Vice President Kamala Harris!

Kamala's Twitter: https://twitter.com/KamalaHarris
Kamala's Tiktok: https://tiktok.com/@kamalaharris
Kamala’s Instagram: https://www.instagram.com/KamalaHarris  
Kamala's Twitch: https://www.twitch.tv/kamalaharris
Kamala's Facebook: https://www.facebook.com/KamalaHarris
Kamala's Threads: https://www.threads.net/@kamalaharris

#KamalaHarris #Harris2024",29,164230,7732,880.0,False,UNPLAYABLE,https://www.youtube.com/watch?v=tDLHxmAMg9w,2026-08-24T15:51:50+00:00,,donald trump's plan would be a disaster for entrepreneurs and small business owners.,1,0,1,1,0,1,0,0,0,0,95,2024-10-21,0.0470803141935091,0.0053583389149363695,12.009029252334562,-3.00761419969265
-N7R7euR9HQ,2024-10-24,Republican,party,rnc,GOP,UC3o7kbpTUQ5-0WTMIp8sVwA,UC3o7kbpTUQ5-0WTMIp8sVwA,75,YouTube Shorts,Kamala would be the Divider and Chief.,"Two-faced Kamala has been pushing hateful rhetoric for years! In one breath she attacks President Trump and Republicans and in the next, she calls for ""unity.""  

She would be the Divider and Chief.",47,417,33,9.0,False,UNPLAYABLE,https://www.youtube.com/watch?v=-N7R7euR9HQ,2026-08-24T15:49:12+00:00,,kamala would be the divider and chief.,1,0,0,0,0,0,0,0,0,0,95,2024-10-21,0.07913669064748201,0.02158273381294964,6.035481432524756,-2.4403983501146778
AeO5AjXMEK0,2024-10-24,Republican,party,rnc,GOP,UC3o7kbpTUQ5-0WTMIp8sVwA,UC3o7kbpTUQ5-0WTMIp8sVwA,76,YouTube Shorts,"""An undocumented immigrant is not a criminal."" -Kamala Harris","""An undocumented immigrant is not a criminal."" -Kamala Harris",62,636,61,18.0,False,UNPLAYABLE,https://www.youtube.com/watch?v=AeO5AjXMEK0,2026-08-24T15:49:13+00:00,,"""an undocumented immigrant is not a criminal."" -kamala harris",1,0,1,1,0,1,0,0,0,0,95,2024-10-21,0.0959119496855346,0.02830188679245283,6.456769655572163,-2.2362020533494653
F7lZSIcDv54,2024-10-24,Republican,party,rnc,GOP,UC3o7kbpTUQ5-0WTMIp8sVwA,UC3o7kbpTUQ5-0WTMIp8sVwA,77,YouTube Shorts,BLACK AMERICANS FOR TRUMP,Kamala Harris and Democrats have left Black Americans behind,48,2176,130,20.0,False,UNPLAYABLE,https://www.youtube.com/watch?v=F7lZSIcDv54,2026-08-24T15:49:13+00:00,,black americans for trump,0,1,0,0,0,0,0,0,0,0,95,2024-10-21,0.05974264705882353,0.009191176470588236,7.685703061234547,-2.7525130691697095
2p9JyiRNyuo,2024-10-25,Democratic,candidate,harris,Kamala Harris,UC0XBsJpPhOLg0k4x9ZwrWzw,UC0XBsJpPhOLg0k4x9ZwrWzw,92,YouTube Shorts,"Chef Rene, your cooking left me speechless.","Help Vice President Kamala Harris and Governor Tim Walz put policies in place that protect our fundamental freedoms and defeat Donald Trump and MAGA Republicans this election. Take action at https://go.kamalaharris.com.
--------------------------------------
Follow Vice President Kamala Harris!

Kamala's Twitter: https://twitter.com/KamalaHarris
Kamala's Tiktok: https://tiktok.com/@kamalaharris
Kamala’s Instagram: https://www.instagram.com/KamalaHarris  
Kamala's Twitch: https://www.twitch.tv/kamalaharris
Kamala's Facebook: https://www.facebook.com/KamalaHarris
Kamala's Threads: https://www.threads.net/@kamalaharris

#KamalaHarris #Harris2024",39,737893,50944,2100.0,False,UNPLAYABLE,https://www.youtube.com/watch?v=2p9JyiRNyuo,2026-08-24T15:51:47+00:00,,"chef rene, your cooking left me speechless.",0,0,0,0,0,0,0,0,0,1,96,2024-10-21,0.06903982013652386,0.0028459410781780012,13.511555461830312,-2.6015239766424347
AV1oK64lYsM,2024-10-25,Democratic,candidate,harris,Kamala Harris,UC0XBsJpPhOLg0k4x9ZwrWzw,UC0XBsJpPhOLg0k4x9ZwrWzw,90,YouTube Shorts,It was good to be back in Georgia. Polls are open—now get out and vote.,"Help Vice President Kamala Harris and Governor Tim Walz put policies in place that protect our fundamental freedoms and defeat Donald Trump and MAGA Republicans this election. Take action at https://go.kamalaharris.com.
--------------------------------------
Follow Vice President Kamala Harris!

Kamala's Twitter: https://twitter.com/KamalaHarris
Kamala's Tiktok: https://tiktok.com/@kamalaharris
Kamala’s Instagram: https://www.instagram.com/KamalaHarris  
Kamala's Twitch: https://www.twitch.tv/kamalaharris
Kamala's Facebook: https://www.facebook.com/KamalaHarris
Kamala's Threads: https://www.threads.net/@kamalaharris

#KamalaHarris #Harris2024",17,605386,26048,1500.0,False,UNPLAYABLE,https://www.youtube.com/watch?v=AV1oK64lYsM,2026-08-24T15:51:45+00:00,,it was good to be back in georgia. polls are open-now get out and vote.,0,0,0,0,1,0,0,1,0,0,96,2024-10-21,0.043027093457727796,0.0024777579924213644,13.313623201933186,-3.1019267504467556
CVUqJWSAF6Q,2024-10-25,Democratic,candidate,harris,Kamala Harris,UC0XBsJpPhOLg0k4x9ZwrWzw,UC0XBsJpPhOLg0k4x9ZwrWzw,91,YouTube Shorts,Donald Trump admires dictators—and he wants to be one on day one if given the chance.,"Our democracy is at stake. Help Vice President Kamala Harris and Governor Tim Walz put policies in place that protect our fundamental freedoms and defeat Donald Trump and MAGA Republicans this election. Take action at https://go.kamalaharris.com.
--------------------------------------
Follow Vice President Kamala Harris!

Kamala's Twitter: https://twitter.com/KamalaHarris
Kamala's Tiktok: https://tiktok.com/@kamalaharris
Kamala’s Instagram: https://www.instagram.com/KamalaHarris  
Kamala's Twitch: https://www.twitch.tv/kamalaharris
Kamala's Facebook: https://www.facebook.com/KamalaHarris
Kamala's Threads: https://www.threads.net/@kamalaharris

#KamalaHarris #Harris2024 #shorts #youtubeshorts #election #election2024",25,73064,3742,589.0,False,UNPLAYABLE,https://www.youtube.com/watch?v=CVUqJWSAF6Q,2026-08-24T15:51:47+00:00,,donald trump admires dictators-and he wants to be one on day one if given the chance.,1,0,0,0,0,0,0,0,0,0,96,2024-10-21,0.05121537282382569,0.008061425599474434,11.199104734908753,-2.919015691513259
H7lfiC5wE2s,2024-10-25,Democratic,candidate,harris,Kamala Harris,UC0XBsJpPhOLg0k4x9ZwrWzw,UC0XBsJpPhOLg0k4x9ZwrWzw,89,YouTube Shorts,"Thank you, @beyonce and @KellyRowland.","Help Vice President Kamala Harris and Governor Tim Walz put policies in place that protect our fundamental freedoms and defeat Donald Trump and MAGA Republicans this election. Take action at https://go.kamalaharris.com.
--------------------------------------
Follow Vice President Kamala Harris!

Kamala's Twitter: https://twitter.com/KamalaHarris
Kamala's Tiktok: https://tiktok.com/@kamalaharris
Kamala’s Instagram: https://www.instagram.com/KamalaHarris  
Kamala's Twitch: https://www.twitch.tv/kamalaharris
Kamala's Facebook: https://www.facebook.com/KamalaHarris
Kamala's Threads: https://www.threads.net/@kamalaharris

#KamalaHarris #Harris2024",22,722143,49023,3900.0,False,UNPLAYABLE,https://www.youtube.com/watch?v=H7lfiC5wE2s,2026-08-24T15:51:45+00:00,,"thank you, @beyonce and @kellyrowland.",0,0,0,0,0,0,0,0,0,0,96,2024-10-21,0.06788544651128654,0.00540059240344364,13.489979843971637,-2.6196245876715847
JpLq1bL9aRE,2024-10-25,Republican,party,rnc,GOP,UC3o7kbpTUQ5-0WTMIp8sVwA,UC3o7kbpTUQ5-0WTMIp8sVwA,74,YouTube Shorts,This is a blatant lie by Kamala Harris.,"As President Trump said, he will NOT impose a national sales tax. This is a blatant lie by Kamala Harris.",25,5026,189,41.0,False,UNPLAYABLE,https://www.youtube.com/watch?v=JpLq1bL9aRE,2026-08-24T15:49:12+00:00,,this is a blatant lie by kamala harris.,1,0,1,1,0,0,0,0,0,0,96,2024-10-21,0.037604456824512536,0.00815758058097891,8.522578663692576,-3.239764312815556
OB5-OJ6YRBg,2024-10-25,Republican,party,rnc,GOP,UC3o7kbpTUQ5-0WTMIp8sVwA,UC3o7kbpTUQ5-0WTMIp8sVwA,73,YouTube Shorts,UNITE AMERICA!,,105,598,45,20.0,False,UNPLAYABLE,https://www.youtube.com/watch?v=OB5-OJ6YRBg,2026-08-24T15:49:11+00:00,,unite america!,0,0,0,0,0,0,0,0,0,0,96,2024-10-21,0.07525083612040134,0.033444816053511704,6.395261598115449,-2.498549426191787
0xUHfRjcilA,2024-10-26,Democratic,candidate,harris,Kamala Harris,UC0XBsJpPhOLg0k4x9ZwrWzw,UC0XBsJpPhOLg0k4x9ZwrWzw,87,YouTube Shorts,"Gen Z, are you ready to have your voices heard?","Help Vice President Kamala Harris and Governor Tim Walz put policies in place that protect our fundamental freedoms and defeat Donald Trump and MAGA Republicans this election. Take action at https://go.kamalaharris.com.
--------------------------------------
Follow Vice President Kamala Harris!

Kamala's Twitter: https://twitter.com/KamalaHarris
Kamala's Tiktok: https://tiktok.com/@kamalaharris
Kamala’s Instagram: https://www.instagram.com/KamalaHarris  
Kamala's Twitch: https://www.twitch.tv/kamalaharris
Kamala's Facebook: https://www.facebook.com/KamalaHarris
Kamala's Threads: https://www.threads.net/@kamalaharris

#KamalaHarris #Harris2024",35,650495,24256,1300.0,False,UNPLAYABLE,https://www.youtube.com/watch?v=0xUHfRjcilA,2026-08-24T15:51:45+00:00,,"gen z, are you ready to have your voices heard?",0,0,0,0,0,0,0,0,0,0,97,2024-10-21,0.03728852642987263,0.0019984780820759577,13.385490427799727,-3.251048263087479
4o6V4dThDhU,2024-10-26,Democratic,candidate,harris,Kamala Harris,UC0XBsJpPhOLg0k4x9ZwrWzw,UC0XBsJpPhOLg0k4x9ZwrWzw,86,YouTube Shorts,On the trail with the Boss (and President Obama).,"Help Vice President Kamala Harris and Governor Tim Walz put policies in place that protect our fundamental freedoms and defeat Donald Trump and MAGA Republicans this election. Take action at https://go.kamalaharris.com.
--------------------------------------
Follow Vice President Kamala Harris!

Kamala's Twitter: https://twitter.com/KamalaHarris
Kamala's Tiktok: https://tiktok.com/@kamalaharris
Kamala’s Instagram: https://www.instagram.com/KamalaHarris  
Kamala's Twitch: https://www.twitch.tv/kamalaharris
Kamala's Facebook: https://www.facebook.com/KamalaHarris
Kamala's Threads: https://www.threads.net/@kamalaharris

#KamalaHarris #Harris2024",32,5022526,115823,6500.0,False,UNPLAYABLE,https://www.youtube.com/watch?v=4o6V4dThDhU,2026-08-24T15:51:44+00:00,,on the trail with the boss (and president obama).,0,0,0,0,0,0,0,1,0,0,97,2024-10-21,0.023060706903259436,0.0012941695075346549,15.429443751465637,-3.746290129733191
UNm57-MJbVU,2024-10-26,Democratic,candidate,harris,Kamala Harris,UC0XBsJpPhOLg0k4x9ZwrWzw,UC0XBsJpPhOLg0k4x9ZwrWzw,88,YouTube Shorts,Donald Trump calls our country a garbage can.,"Help Vice President Kamala Harris and Governor Tim Walz put policies in place that protect our fundamental freedoms and defeat Donald Trump and MAGA Republicans this election. Take action at https://go.kamalaharris.com.
--------------------------------------
Follow Vice President Kamala Harris!

Kamala's Twitter: https://twitter.com/KamalaHarris
Kamala's Tiktok: https://tiktok.com/@kamalaharris
Kamala’s Instagram: https://www.instagram.com/KamalaHarris  
Kamala's Twitch: https://www.twitch.tv/kamalaharris
Kamala's Facebook: https://www.facebook.com/KamalaHarris
Kamala's Threads: https://www.threads.net/@kamalaharris

#KamalaHarris #Harris2024",11,368562,8699,957.0,False,UNPLAYABLE,https://www.youtube.com/watch?v=UNm57-MJbVU,2026-08-24T15:51:45+00:00,,donald trump calls our country a garbage can.,1,0,0,0,0,0,0,0,0,1,97,2024-10-21,0.02360254177044839,0.002596578051996679,12.817366939363952,-3.722459240136999
bGB775oKdaA,2024-10-26,Democratic,candidate,harris,Kamala Harris,UC0XBsJpPhOLg0k4x9ZwrWzw,UC0XBsJpPhOLg0k4x9ZwrWzw,85,YouTube Shorts,"On Nov. 5, women will show Trump how they feel about him and his attacks on their freedoms.","Help Vice President Kamala Harris and Governor Tim Walz put policies in place that protect our fundamental freedoms and defeat Donald Trump and MAGA Republicans this election. Take action at https://go.kamalaharris.com.
--------------------------------------
Follow Vice President Kamala Harris!

Kamala's Twitter: https://twitter.com/KamalaHarris
Kamala's Tiktok: https://tiktok.com/@kamalaharris
Kamala’s Instagram: https://www.instagram.com/KamalaHarris  
Kamala's Twitch: https://www.twitch.tv/kamalaharris
Kamala's Facebook: https://www.facebook.com/KamalaHarris
Kamala's Threads: https://www.threads.net/@kamalaharris

#KamalaHarris #Harris2024",33,148031,8708,608.0,False,UNPLAYABLE,https://www.youtube.com/watch?v=bGB775oKdaA,2026-08-24T15:51:44+00:00,,"on nov. 5, women will show trump how they feel about him and his attacks on their freedoms.",1,0,0,0,0,0,0,0,0,0,97,2024-10-21,0.05882551627699603,0.004107247806202755,11.905183745591112,-2.772499007013791
fJ9E_J2yFsU,2024-10-26,Republican,party,rnc,GOP,UC3o7kbpTUQ5-0WTMIp8sVwA,UC3o7kbpTUQ5-0WTMIp8sVwA,71,YouTube Shorts,Kamala Harris wants to abolish ICE,FLASHBACK: Kamala Harris wants to abolish ICE,32,1422,54,11.0,False,UNPLAYABLE,https://www.youtube.com/watch?v=fJ9E_J2yFsU,2026-08-24T15:49:11+00:00,,kamala harris wants to abolish ice,1,0,0,0,0,0,0,0,0,0,97,2024-10-21,0.0379746835443038,0.007735583684950774,7.260522598089852,-3.2232698268115354
wlBSs2NMuGE,2024-10-26,Republican,party,rnc,GOP,UC3o7kbpTUQ5-0WTMIp8sVwA,UC3o7kbpTUQ5-0WTMIp8sVwA,72,YouTube Shorts,"With only 10 days left, let your voice be heard!","YOUR VOTE IS YOUR VOICE! 🇺🇸 

With only 10 days left, let your voice be heard! 📢",34,749,60,11.0,False,UNPLAYABLE,https://www.youtube.com/watch?v=wlBSs2NMuGE,2026-08-24T15:49:11+00:00,,"with only 10 days left, let your voice be heard!",0,0,0,0,0,0,0,0,0,0,97,2024-10-21,0.0801068090787717,0.014686248331108143,6.620073206530356,-2.4333233321965606
AIwjO4UXhm8,2024-10-27,Democratic,candidate,harris,Kamala Harris,UC0XBsJpPhOLg0k4x9ZwrWzw,UC0XBsJpPhOLg0k4x9ZwrWzw,82,YouTube Shorts,It's time to make your plan to vote.,"Help Vice President Kamala Harris and Governor Tim Walz put policies in place that protect our fundamental freedoms and defeat Donald Trump and MAGA Republicans this election. Take action at https://go.kamalaharris.com.
--------------------------------------
Follow Vice President Kamala Harris!

Kamala's Twitter: https://twitter.com/KamalaHarris
Kamala's Tiktok: https://tiktok.com/@kamalaharris
Kamala’s Instagram: https://www.instagram.com/KamalaHarris  
Kamala's Twitch: https://www.twitch.tv/kamalaharris
Kamala's Facebook: https://www.facebook.com/KamalaHarris
Kamala's Threads: https://www.threads.net/@kamalaharris

#KamalaHarris #Harris2024",6,2304232,46787,3900.0,False,UNPLAYABLE,https://www.youtube.com/watch?v=AIwjO4UXhm8,2026-08-24T15:51:44+00:00,,it's time to make your plan to vote.,0,0,0,0,1,0,0,0,0,0,98,2024-10-21,0.020304813057018565,0.0016925379041693718,14.650258424157002,-3.8763730700194534
HujxuTdZTlU,2024-10-27,Democratic,candidate,harris,Kamala Harris,UC0XBsJpPhOLg0k4x9ZwrWzw,UC0XBsJpPhOLg0k4x9ZwrWzw,84,YouTube Shorts,I am a former prosecutor. Donald Trump’s DNA is all over Project 2025.,"Help Vice President Kamala Harris and Governor Tim Walz put policies in place that protect our fundamental freedoms and defeat Donald Trump and MAGA Republicans this election. Take action at https://go.kamalaharris.com.
--------------------------------------
Follow Vice President Kamala Harris!

Kamala's Twitter: https://twitter.com/KamalaHarris
Kamala's Tiktok: https://tiktok.com/@kamalaharris
Kamala’s Instagram: https://www.instagram.com/KamalaHarris  
Kamala's Twitch: https://www.twitch.tv/kamalaharris
Kamala's Facebook: https://www.facebook.com/KamalaHarris
Kamala's Threads: https://www.threads.net/@kamalaharris

#KamalaHarris #Harris2024",31,311250,15944,1700.0,False,UNPLAYABLE,https://www.youtube.com/watch?v=HujxuTdZTlU,2026-08-24T15:51:43+00:00,,i am a former prosecutor. donald trump's dna is all over project 2025.,1,0,0,0,0,1,0,0,0,1,98,2024-10-21,0.05122570281124498,0.005461847389558233,12.648354939607298,-2.9188998578433982
vD5WHwprKLw,2024-10-27,Democratic,candidate,harris,Kamala Harris,UC0XBsJpPhOLg0k4x9ZwrWzw,UC0XBsJpPhOLg0k4x9ZwrWzw,83,YouTube Shorts,"Michelle, you are an inspiration.","Help Vice President Kamala Harris and Governor Tim Walz put policies in place that protect our fundamental freedoms and defeat Donald Trump and MAGA Republicans this election. Take action at https://go.kamalaharris.com.
--------------------------------------
Follow Vice President Kamala Harris!

Kamala's Twitter: https://twitter.com/KamalaHarris
Kamala's Tiktok: https://tiktok.com/@kamalaharris
Kamala’s Instagram: https://www.instagram.com/KamalaHarris  
Kamala's Twitch: https://www.twitch.tv/kamalaharris
Kamala's Facebook: https://www.facebook.com/KamalaHarris
Kamala's Threads: https://www.threads.net/@kamalaharris

#KamalaHarris #Harris2024",24,1620184,54249,2600.0,False,UNPLAYABLE,https://www.youtube.com/watch?v=vD5WHwprKLw,2026-08-24T15:51:41+00:00,,"michelle, you are an inspiration.",0,0,0,0,0,0,0,1,0,0,98,2024-10-21,0.033483234003051504,0.001604756003021879,14.298050898219389,-3.3626449121748125
MJm6zClQ0Zw,2024-10-27,Republican,party,rnc,GOP,UC3o7kbpTUQ5-0WTMIp8sVwA,UC3o7kbpTUQ5-0WTMIp8sVwA,70,YouTube Shorts,President Trump has always put the American people first!,"RNC Co-Chair Lara Trump: President Trump is ""the only President to come out of the White House with less money than he went into the White House.""

President Trump has always put the American people first!",56,1680,97,27.0,False,UNPLAYABLE,https://www.youtube.com/watch?v=MJm6zClQ0Zw,2026-08-24T15:49:10+00:00,,president trump has always put the american people first!,0,1,0,0,0,0,0,0,0,0,98,2024-10-21,0.05773809523809524,0.01607142857142857,7.427144133408616,-2.787540487974893
9KhzjmcIcp8,2024-10-28,Democratic,candidate,harris,Kamala Harris,UC0XBsJpPhOLg0k4x9ZwrWzw,UC0XBsJpPhOLg0k4x9ZwrWzw,80,YouTube Shorts,This election is going to be close. It's time to get out and vote!,"This election is going to be close. It's time to get out and vote! https://iwillvote.com/
Help Vice President Kamala Harris and Governor Tim Walz put policies in place that protect our fundamental freedoms and defeat Donald Trump and MAGA Republicans this election. Take action at https://go.kamalaharris.com.--------------------------------------
Follow Vice President Kamala Harris!

Kamala's Twitter: https://twitter.com/KamalaHarris
Kamala's Tiktok: https://tiktok.com/@kamalaharris
Kamala’s Instagram: https://www.instagram.com/KamalaHarris  
Kamala's Twitch: https://www.twitch.tv/kamalaharris
Kamala's Facebook: https://www.facebook.com/KamalaHarris
Kamala's Threads: https://www.threads.net/@kamalaharris

#KamalaHarris #Harris2024 #shorts #youtubeshorts",12,1392090,40235,7500.0,False,UNPLAYABLE,https://www.youtube.com/watch?v=9KhzjmcIcp8,2026-08-24T15:51:39+00:00,,this election is going to be close. it's time to get out and vote!,0,0,0,0,1,0,0,0,0,0,99,2024-10-28,0.02890258532135135,0.005387582699394436,14.146317491302963,-3.5144836816804426
UGQFadGCQtE,2024-10-28,Democratic,candidate,harris,Kamala Harris,UC0XBsJpPhOLg0k4x9ZwrWzw,UC0XBsJpPhOLg0k4x9ZwrWzw,81,YouTube Shorts,"@steviewonder sang me ""Happy Birthday."" It was a bucket list moment. @ClubShayShay","Help Vice President Kamala Harris and Governor Tim Walz put policies in place that protect our fundamental freedoms and defeat Donald Trump and MAGA Republicans this election. Take action at https://go.kamalaharris.com.
--------------------------------------
Follow Vice President Kamala Harris!

Kamala's Twitter: https://twitter.com/KamalaHarris
Kamala's Tiktok: https://tiktok.com/@kamalaharris
Kamala’s Instagram: https://www.instagram.com/KamalaHarris  
Kamala's Twitch: https://www.twitch.tv/kamalaharris
Kamala's Facebook: https://www.facebook.com/KamalaHarris
Kamala's Threads: https://www.threads.net/@kamalaharris

#KamalaHarris #Harris2024 #shorts #youtubeshorts #election #election2024",60,521532,30331,989.0,False,UNPLAYABLE,https://www.youtube.com/watch?v=UGQFadGCQtE,2026-08-24T15:51:52+00:00,,"@steviewonder sang me ""happy birthday."" it was a bucket list moment. @clubshayshay",0,0,0,0,0,0,0,0,0,1,99,2024-10-28,0.05815750519622957,0.0018963361787963154,13.16452783042381,-2.7846676541124413
xPY9ohej4qc,2024-10-28,Republican,party,rnc,GOP,UC3o7kbpTUQ5-0WTMIp8sVwA,UC3o7kbpTUQ5-0WTMIp8sVwA,69,YouTube Shorts,We Will Never Give Up!,"We are one people

We are one family 

We are one glorious nation under God

We will be excited again about the future of our country...

Together we will FIGHT, FIGHT, FIGHT and we will WIN, WIN, WIN!",36,1708,190,16.0,False,UNPLAYABLE,https://www.youtube.com/watch?v=xPY9ohej4qc,2026-08-24T15:49:09+00:00,,we will never give up!,0,0,0,0,0,0,0,0,0,1,99,2024-10-28,0.11124121779859485,0.00936768149882904,7.443663683115591,-2.075826089919048
1pbckrWQoMc,2024-10-29,Democratic,candidate,harris,Kamala Harris,UC0XBsJpPhOLg0k4x9ZwrWzw,UC0XBsJpPhOLg0k4x9ZwrWzw,79,YouTube Shorts,"I chose to put Lady Justice on my presidential challenge coin. For the people, always.","Help Vice President Kamala Harris and Governor Tim Walz put policies in place that protect our fundamental freedoms and defeat Donald Trump and MAGA Republicans this election. Take action at https://go.kamalaharris.com.
--------------------------------------
Follow Vice President Kamala Harris!

Kamala's Twitter: https://twitter.com/KamalaHarris
Kamala's Tiktok: https://tiktok.com/@kamalaharris
Kamala’s Instagram: https://www.instagram.com/KamalaHarris  
Kamala's Twitch: https://www.twitch.tv/kamalaharris
Kamala's Facebook: https://www.facebook.com/KamalaHarris
Kamala's Threads: https://www.threads.net/@kamalaharris

#KamalaHarris #Harris2024 #shorts #youtubeshorts #election #election2024",19,399865,26137,1600.0,False,UNPLAYABLE,https://www.youtube.com/watch?v=1pbckrWQoMc,2026-08-24T15:51:39+00:00,,"i chose to put lady justice on my presidential challenge coin. for the people, always.",0,0,0,0,0,0,0,0,0,1,100,2024-10-28,0.06536456053918198,0.004001350455778825,12.898884769965084,-2.6601585332119013
DLOn-hNcsSA,2024-10-29,Democratic,candidate,harris,Kamala Harris,UC0XBsJpPhOLg0k4x9ZwrWzw,UC0XBsJpPhOLg0k4x9ZwrWzw,77,YouTube Shorts,It's great to be back in Michigan. Go Blue!,"Help Vice President Kamala Harris and Governor Tim Walz put policies in place that protect our fundamental freedoms and defeat Donald Trump and MAGA Republicans this election. Take action at https://go.kamalaharris.com.
--------------------------------------
Follow Vice President Kamala Harris!

Kamala's Twitter: https://twitter.com/KamalaHarris
Kamala's Tiktok: https://tiktok.com/@kamalaharris
Kamala’s Instagram: https://www.instagram.com/KamalaHarris  
Kamala's Twitch: https://www.twitch.tv/kamalaharris
Kamala's Facebook: https://www.facebook.com/KamalaHarris
Kamala's Threads: https://www.threads.net/@kamalaharris

#KamalaHarris #Harris2024 #shorts #youtubeshorts #election #election2024",14,1614932,35696,1900.0,False,UNPLAYABLE,https://www.youtube.com/watch?v=DLOn-hNcsSA,2026-08-24T15:51:39+00:00,,it's great to be back in michigan. go blue!,0,0,0,0,0,0,0,1,0,0,100,2024-10-28,0.02210371706053258,0.0011765201259248067,14.294804027710212,-3.789644136616959
OwdzTItujsw,2024-10-29,Democratic,candidate,harris,Kamala Harris,UC0XBsJpPhOLg0k4x9ZwrWzw,UC0XBsJpPhOLg0k4x9ZwrWzw,78,YouTube Shorts,"Dr. Roque, thank you for your commitment to providing reproductive health care.","You are making a difference by not giving up. Help Vice President Kamala Harris and Governor Tim Walz put policies in place that protect our fundamental freedoms and defeat Donald Trump and MAGA Republicans this election. Take action at https://go.kamalaharris.com.
--------------------------------------
Follow Vice President Kamala Harris!

Kamala's Twitter: https://twitter.com/KamalaHarris
Kamala's Tiktok: https://tiktok.com/@kamalaharris
Kamala’s Instagram: https://www.instagram.com/KamalaHarris  
Kamala's Twitch: https://www.twitch.tv/kamalaharris
Kamala's Facebook: https://www.facebook.com/KamalaHarris
Kamala's Threads: https://www.threads.net/@kamalaharris

#KamalaHarris #Harris2024 #shorts #youtubeshorts #election #election2024",39,397821,30472,1400.0,False,UNPLAYABLE,https://www.youtube.com/watch?v=OwdzTItujsw,2026-08-24T15:51:39+00:00,,"dr. roque, thank you for your commitment to providing reproductive health care.",0,0,0,0,0,1,0,0,0,0,100,2024-10-28,0.07659726359342518,0.0035191706822917846,12.89375994804574,-2.489489073417737
XZH_QRMW39o,2024-10-29,Democratic,candidate,harris,Kamala Harris,UC0XBsJpPhOLg0k4x9ZwrWzw,UC0XBsJpPhOLg0k4x9ZwrWzw,75,YouTube Shorts,"Good evening, America.","Help Vice President Kamala Harris and Governor Tim Walz put policies in place that protect our fundamental freedoms and defeat Donald Trump and MAGA Republicans this election. Take action at https://go.kamalaharris.com.
--------------------------------------
Follow Vice President Kamala Harris!

Kamala's Twitter: https://twitter.com/KamalaHarris
Kamala's Tiktok: https://tiktok.com/@kamalaharris
Kamala’s Instagram: https://www.instagram.com/KamalaHarris  
Kamala's Twitch: https://www.twitch.tv/kamalaharris
Kamala's Facebook: https://www.facebook.com/KamalaHarris
Kamala's Threads: https://www.threads.net/@kamalaharris

#KamalaHarris #Harris2024 #shorts #youtubeshorts #election #election2024",15,138573,11463,843.0,False,UNPLAYABLE,https://www.youtube.com/watch?v=XZH_QRMW39o,2026-08-24T15:51:37+00:00,,"good evening, america.",0,0,0,0,0,0,0,0,0,0,100,2024-10-28,0.08272174233075708,0.006083436167218723,11.83915975795311,-2.4058887121190793
huHJ4pDgHdE,2024-10-29,Democratic,candidate,harris,Kamala Harris,UC0XBsJpPhOLg0k4x9ZwrWzw,UC0XBsJpPhOLg0k4x9ZwrWzw,76,YouTube Shorts,You know what to do.,"Make your plan to vote: https://iwillvote.com

Help Vice President Kamala Harris and Governor Tim Walz put policies in place that protect our fundamental freedoms and defeat Donald Trump and MAGA Republicans this election. Take action at https://go.kamalaharris.com.

--------------------------------------
Follow Vice President Kamala Harris!

Kamala's Twitter: https://twitter.com/KamalaHarris
Kamala's Tiktok: https://tiktok.com/@kamalaharris
Kamala’s Instagram: https://www.instagram.com/KamalaHarris  
Kamala's Twitch: https://www.twitch.tv/kamalaharris
Kamala's Facebook: https://www.facebook.com/KamalaHarris
Kamala's Threads: https://www.threads.net/@kamalaharris

#KamalaHarris #Harris2024 #shorts #youtubeshorts #election2024 #election",6,322811,17839,2000.0,False,UNPLAYABLE,https://www.youtube.com/watch?v=huHJ4pDgHdE,2026-08-24T15:51:38+00:00,,you know what to do.,0,0,0,0,0,0,0,0,0,0,100,2024-10-28,0.05526143780726184,0.00619557573936452,12.684825389408157,-2.838806508754701
y6jib-IE2PM,2024-10-29,Democratic,candidate,harris,Kamala Harris,UC0XBsJpPhOLg0k4x9ZwrWzw,UC0XBsJpPhOLg0k4x9ZwrWzw,74,YouTube Shorts,Tracee was the first person in line for our rally tonight. Thank you so much for being here with me.,"Help Vice President Kamala Harris and Governor Tim Walz put policies in place that protect our fundamental freedoms and defeat Donald Trump and MAGA Republicans this election. Take action at https://go.kamalaharris.com.
--------------------------------------
Follow Vice President Kamala Harris!

Kamala's Twitter: https://twitter.com/KamalaHarris
Kamala's Tiktok: https://tiktok.com/@kamalaharris
Kamala’s Instagram: https://www.instagram.com/KamalaHarris  
Kamala's Twitch: https://www.twitch.tv/kamalaharris
Kamala's Facebook: https://www.facebook.com/KamalaHarris
Kamala's Threads: https://www.threads.net/@kamalaharris

#KamalaHarris #Harris2024 #shorts #youtubeshorts #election #election2024",59,625754,59546,2500.0,False,UNPLAYABLE,https://www.youtube.com/watch?v=y6jib-IE2PM,2026-08-24T15:51:36+00:00,,tracee was the first person in line for our rally tonight. thank you so much for being here with me.,0,0,0,0,0,0,0,0,0,1,100,2024-10-28,0.09515880042316949,0.00399518021458912,13.346714199673604,-2.2522048649935744
2X87wz7_9Uk,2024-10-29,Republican,party,rnc,GOP,UC3o7kbpTUQ5-0WTMIp8sVwA,UC3o7kbpTUQ5-0WTMIp8sVwA,68,YouTube Shorts,Join the team to Save America! Make your plan to vote for President Trump today!,WATCH: Vianca Rodriguez wants you to join the team to Save America! Make your plan to vote for President Trump today!,69,412,37,16.0,False,UNPLAYABLE,https://www.youtube.com/watch?v=2X87wz7_9Uk,2026-08-24T15:49:09+00:00,,join the team to save america! make your plan to vote for president trump today!,0,1,0,0,1,0,0,0,0,0,100,2024-10-28,0.08980582524271845,0.038834951456310676,6.023447592961033,-2.3039175382278243
lQuKyUvX6Os,2024-10-29,Republican,party,rnc,GOP,UC3o7kbpTUQ5-0WTMIp8sVwA,UC3o7kbpTUQ5-0WTMIp8sVwA,67,YouTube Shorts,Only one week left to Make America Great Again! 🇺🇸,Only one week left to Make America Great Again! 🇺🇸,35,818,51,10.0,False,UNPLAYABLE,https://www.youtube.com/watch?v=lQuKyUvX6Os,2026-08-24T15:49:08+00:00,,only one week left to make america great again! 🇺🇸,0,0,0,0,0,0,0,0,0,0,100,2024-10-28,0.06234718826405868,0.012224938875305624,6.70808408385307,-2.701556671791662
0hgi6fhXU88,2024-10-30,Democratic,candidate,harris,Kamala Harris,UC0XBsJpPhOLg0k4x9ZwrWzw,UC0XBsJpPhOLg0k4x9ZwrWzw,68,YouTube Shorts,"When my mother was diagnosed with cancer, I took care of her.","I cooked her meals and found little things that put a smile on her face. It was about love and dignity. Here’s how, as president, I will ensure more of our seniors can live life with dignity.

Help Vice President Kamala Harris and Governor Tim Walz put policies in place that protect our fundamental freedoms and defeat Donald Trump and MAGA Republicans this election. Take action at https://go.kamalaharris.com.--------------------------------------
Follow Vice President Kamala Harris!

Kamala's Twitter: https://twitter.com/KamalaHarris
Kamala's Tiktok: https://tiktok.com/@kamalaharris
Kamala’s Instagram: https://www.instagram.com/KamalaHarris  
Kamala's Twitch: https://www.twitch.tv/kamalaharris
Kamala's Facebook: https://www.facebook.com/KamalaHarris
Kamala's Threads: https://www.threads.net/@kamalaharris

#KamalaHarris #Harris2024 #shorts #youtubeshorts #election #election2024",48,199442,12369,577.0,False,UNPLAYABLE,https://www.youtube.com/watch?v=0hgi6fhXU88,2026-08-24T15:51:32+00:00,,"when my mother was diagnosed with cancer, i took care of her.",0,0,0,0,0,0,0,0,0,1,101,2024-10-28,0.06201803030454969,0.0028930716699591863,12.203283760202238,-2.7162678225441437
ITVhPXsrxrs,2024-10-30,Democratic,candidate,harris,Kamala Harris,UC0XBsJpPhOLg0k4x9ZwrWzw,UC0XBsJpPhOLg0k4x9ZwrWzw,67,YouTube Shorts,I love our country—and I pledge to be a president for all Americans.,"Help Vice President Kamala Harris and Governor Tim Walz put policies in place that protect our fundamental freedoms and defeat Donald Trump and MAGA Republicans this election. Take action at https://go.kamalaharris.com.
--------------------------------------
Follow Vice President Kamala Harris!

Kamala's Twitter: https://twitter.com/KamalaHarris
Kamala's Tiktok: https://tiktok.com/@kamalaharris
Kamala’s Instagram: https://www.instagram.com/KamalaHarris  
Kamala's Twitch: https://www.twitch.tv/kamalaharris
Kamala's Facebook: https://www.facebook.com/KamalaHarris
Kamala's Threads: https://www.threads.net/@kamalaharris

#KamalaHarris #Harris2024",13,111670,7339,635.0,False,UNPLAYABLE,https://www.youtube.com/watch?v=ITVhPXsrxrs,2026-08-24T15:51:31+00:00,,i love our country-and i pledge to be a president for all americans.,0,0,0,0,0,0,0,0,0,1,101,2024-10-28,0.06572042625593266,0.005686397420972508,11.623312327356311,-2.6543026094175213
IU9kHyudcEo,2024-10-30,Democratic,candidate,harris,Kamala Harris,UC0XBsJpPhOLg0k4x9ZwrWzw,UC0XBsJpPhOLg0k4x9ZwrWzw,71,YouTube Shorts,Listen to @maggierogersmusic and @TimWalz: Make your plan to vote! Let’s win this thing.,"Help Vice President Kamala Harris and Governor Tim Walz put policies in place that protect our fundamental freedoms and defeat Donald Trump and MAGA Republicans this election. Take action at https://go.kamalaharris.com.
--------------------------------------
Follow Vice President Kamala Harris!

Kamala's Twitter: https://twitter.com/KamalaHarris
Kamala's Tiktok: https://tiktok.com/@kamalaharris
Kamala’s Instagram: https://www.instagram.com/KamalaHarris  
Kamala's Twitch: https://www.twitch.tv/kamalaharris
Kamala's Facebook: https://www.facebook.com/KamalaHarris
Kamala's Threads: https://www.threads.net/@kamalaharris

#KamalaHarris #Harris2024 #shorts #youtubeshorts #election #election2024",16,203890,9879,825.0,False,UNPLAYABLE,https://www.youtube.com/watch?v=IU9kHyudcEo,2026-08-24T15:51:34+00:00,,listen to @maggierogersmusic and @timwalz: make your plan to vote! let's win this thing.,0,0,0,0,1,0,0,1,0,0,101,2024-10-28,0.048452596988572266,0.00404629947520722,12.225340816304417,-2.9774555324652163
_6gJVRVftxs,2024-10-30,Democratic,candidate,harris,Kamala Harris,UC0XBsJpPhOLg0k4x9ZwrWzw,UC0XBsJpPhOLg0k4x9ZwrWzw,70,YouTube Shorts,"Surround yourself with people who know that you are bright, you are smart, and you are a leader.","Help Vice President Kamala Harris and Governor Tim Walz put policies in place that protect our fundamental freedoms and defeat Donald Trump and MAGA Republicans this election. Take action at https://go.kamalaharris.com.
--------------------------------------
Follow Vice President Kamala Harris!

Kamala's Twitter: https://twitter.com/KamalaHarris
Kamala's Tiktok: https://tiktok.com/@kamalaharris
Kamala’s Instagram: https://www.instagram.com/KamalaHarris  
Kamala's Twitch: https://www.twitch.tv/kamalaharris
Kamala's Facebook: https://www.facebook.com/KamalaHarris
Kamala's Threads: https://www.threads.net/@kamalaharris

#KamalaHarris #Harris2024 #shorts #youtubeshorts #election #election2024",47,454586,32387,957.0,False,UNPLAYABLE,https://www.youtube.com/watch?v=_6gJVRVftxs,2026-08-24T15:51:33+00:00,,"surround yourself with people who know that you are bright, you are smart, and you are a leader.",0,0,0,0,0,0,0,0,0,0,101,2024-10-28,0.07124504494199117,0.002105212215070416,13.027144593423278,-2.567705405252434
bMrWA7QEHFU,2024-10-30,Democratic,candidate,harris,Kamala Harris,UC0XBsJpPhOLg0k4x9ZwrWzw,UC0XBsJpPhOLg0k4x9ZwrWzw,72,YouTube Shorts,"Our campaign is charting a new way forward with hope, joy, and action.","This road has taken us across the country, meeting voters where they are. And we aren’t done yet. We have 6 days left to make our voices heard in this election. Join us: https://iwillvote.com/Help Vice President Kamala Harris and Governor Tim Walz put policies in place that protect our fundamental freedoms and defeat Donald Trump and MAGA Republicans this election. Take action at https://go.kamalaharris.com.
--------------------------------------
Follow Vice President Kamala Harris!

Kamala's Twitter: https://twitter.com/KamalaHarris
Kamala's Tiktok: https://tiktok.com/@kamalaharris
Kamala’s Instagram: https://www.instagram.com/KamalaHarris  
Kamala's Twitch: https://www.twitch.tv/kamalaharris
Kamala's Facebook: https://www.facebook.com/KamalaHarris
Kamala's Threads: https://www.threads.net/@kamalaharris

#KamalaHarris #Harris2024 #shorts #youtubeshorts #election #election2024",19,149110,9373,644.0,False,UNPLAYABLE,https://www.youtube.com/watch?v=bMrWA7QEHFU,2026-08-24T15:51:34+00:00,,"our campaign is charting a new way forward with hope, joy, and action.",0,0,0,0,0,0,0,0,0,1,101,2024-10-28,0.06285963382737576,0.004318959157668835,11.912446274020784,-2.701879103541335
ra1L5gAWIQc,2024-10-30,Democratic,candidate,harris,Kamala Harris,UC0XBsJpPhOLg0k4x9ZwrWzw,UC0XBsJpPhOLg0k4x9ZwrWzw,66,YouTube Shorts,Whether you like it or not.,"Help Vice President Kamala Harris and Governor Tim Walz put policies in place that protect our fundamental freedoms and defeat Donald Trump and MAGA Republicans this election. Take action at https://go.kamalaharris.com.
--------------------------------------
Follow Vice President Kamala Harris!

Kamala's Twitter: https://twitter.com/KamalaHarris
Kamala's Tiktok: https://tiktok.com/@kamalaharris
Kamala’s Instagram: https://www.instagram.com/KamalaHarris  
Kamala's Twitch: https://www.twitch.tv/kamalaharris
Kamala's Facebook: https://www.facebook.com/KamalaHarris
Kamala's Threads: https://www.threads.net/@kamalaharris

#KamalaHarris #Harris2024",11,56494,1842,473.0,False,UNPLAYABLE,https://www.youtube.com/watch?v=ra1L5gAWIQc,2026-08-24T15:51:32+00:00,,whether you like it or not.,0,0,0,0,0,0,0,0,0,0,101,2024-10-28,0.03260523241406167,0.008372570538464262,10.941907417643346,-3.3898716141490555
s28CVBS6UpY,2024-10-30,Democratic,candidate,harris,Kamala Harris,UC0XBsJpPhOLg0k4x9ZwrWzw,UC0XBsJpPhOLg0k4x9ZwrWzw,73,YouTube Shorts,"Vegas: When we vote, we win.","Help Vice President Kamala Harris and Governor Tim Walz put policies in place that protect our fundamental freedoms and defeat Donald Trump and MAGA Republicans this election. Take action at https://go.kamalaharris.com.
--------------------------------------
Follow Vice President Kamala Harris!

Kamala's Twitter: https://twitter.com/KamalaHarris
Kamala's Tiktok: https://tiktok.com/@kamalaharris
Kamala’s Instagram: https://www.instagram.com/KamalaHarris  
Kamala's Twitch: https://www.twitch.tv/kamalaharris
Kamala's Facebook: https://www.facebook.com/KamalaHarris
Kamala's Threads: https://www.threads.net/@kamalaharris

#KamalaHarris #Harris2024 #shorts #youtubeshorts #election #election2024",30,231474,28119,1500.0,False,UNPLAYABLE,https://www.youtube.com/watch?v=s28CVBS6UpY,2026-08-24T15:51:34+00:00,,"vegas: when we vote, we win.",0,0,0,0,1,0,0,0,0,1,101,2024-10-28,0.12147800616915938,0.0064802094403691125,12.352227155316248,-1.978492393105287
ytYwAjX94VM,2024-10-30,Democratic,candidate,harris,Kamala Harris,UC0XBsJpPhOLg0k4x9ZwrWzw,UC0XBsJpPhOLg0k4x9ZwrWzw,69,YouTube Shorts,Freedom is what we are fighting for.,"Help Vice President Kamala Harris and Governor Tim Walz put policies in place that protect our fundamental freedoms and defeat Donald Trump and MAGA Republicans this election. Take action at https://go.kamalaharris.com.
--------------------------------------
Follow Vice President Kamala Harris!

Kamala's Twitter: https://twitter.com/KamalaHarris
Kamala's Tiktok: https://tiktok.com/@kamalaharris
Kamala’s Instagram: https://www.instagram.com/KamalaHarris  
Kamala's Twitch: https://www.twitch.tv/kamalaharris
Kamala's Facebook: https://www.facebook.com/KamalaHarris
Kamala's Threads: https://www.threads.net/@kamalaharris

#KamalaHarris #Harris2024 #shorts #youtubeshorts #election #election2024",15,143477,9605,510.0,False,UNPLAYABLE,https://www.youtube.com/watch?v=ytYwAjX94VM,2026-08-24T15:51:51+00:00,,freedom is what we are fighting for.,0,0,0,0,0,1,0,0,0,1,101,2024-10-28,0.06694452769433429,0.0035545766917345636,11.873936992324088,-2.6345520033708674
bucyYczLUck,2024-10-30,Republican,party,rnc,GOP,UC3o7kbpTUQ5-0WTMIp8sVwA,UC3o7kbpTUQ5-0WTMIp8sVwA,66,YouTube Shorts,"""You can't lead America if you don't love Americans."" -President Trump","""You can't lead America if you don't love Americans."" -President Trump",23,3347,133,17.0,False,UNPLAYABLE,https://www.youtube.com/watch?v=bucyYczLUck,2026-08-24T15:49:08+00:00,,"""you can't lead america if you don't love americans."" -president trump",0,1,1,0,0,0,0,0,0,0,101,2024-10-28,0.039737077980280845,0.005079175380938153,8.116118431609365,-3.181325625741437
LRusncSLrRQ,2024-10-31,Democratic,candidate,harris,Kamala Harris,UC0XBsJpPhOLg0k4x9ZwrWzw,UC0XBsJpPhOLg0k4x9ZwrWzw,63,YouTube Shorts,"When we fight, we win.","Help Vice President Kamala Harris and Governor Tim Walz put policies in place that protect our fundamental freedoms and defeat Donald Trump and MAGA Republicans this election. Take action at https://go.kamalaharris.com.
--------------------------------------
Follow Vice President Kamala Harris!

Kamala's Twitter: https://twitter.com/KamalaHarris
Kamala's Tiktok: https://tiktok.com/@kamalaharris
Kamala’s Instagram: https://www.instagram.com/KamalaHarris  
Kamala's Twitch: https://www.twitch.tv/kamalaharris
Kamala's Facebook: https://www.facebook.com/KamalaHarris
Kamala's Threads: https://www.threads.net/@kamalaharris

#KamalaHarris #Harris2024",38,182291,7585,729.0,False,UNPLAYABLE,https://www.youtube.com/watch?v=LRusncSLrRQ,2026-08-24T15:51:36+00:00,,"when we fight, we win.",0,0,0,0,0,0,0,0,0,1,102,2024-10-28,0.04160929502827896,0.003999100339566956,12.113365075995663,-3.136868892881805
abz_yC9TWNg,2024-10-31,Democratic,candidate,harris,Kamala Harris,UC0XBsJpPhOLg0k4x9ZwrWzw,UC0XBsJpPhOLg0k4x9ZwrWzw,65,YouTube Shorts,"I'm honored you brought your rings out for me, Badgers!","Help Vice President Kamala Harris and Governor Tim Walz put policies in place that protect our fundamental freedoms and defeat Donald Trump and MAGA Republicans this election. Take action at https://go.kamalaharris.com.
--------------------------------------
Follow Vice President Kamala Harris!

Kamala's Twitter: https://twitter.com/KamalaHarris
Kamala's Tiktok: https://tiktok.com/@kamalaharris
Kamala’s Instagram: https://www.instagram.com/KamalaHarris  
Kamala's Twitch: https://www.twitch.tv/kamalaharris
Kamala's Facebook: https://www.facebook.com/KamalaHarris
Kamala's Threads: https://www.threads.net/@kamalaharris

#KamalaHarris #Harris2024 #shorts #youtubeshorts #election #election2024",31,569282,21614,570.0,False,UNPLAYABLE,https://www.youtube.com/watch?v=abz_yC9TWNg,2026-08-24T15:51:31+00:00,,"i'm honored you brought your rings out for me, badgers!",0,0,0,0,0,0,0,0,0,1,102,2024-10-28,0.03796712349942559,0.0010012612378399457,13.252132953260224,-3.2323057911307087
f1ZwUQZcC7w,2024-10-31,Democratic,candidate,harris,Kamala Harris,UC0XBsJpPhOLg0k4x9ZwrWzw,UC0XBsJpPhOLg0k4x9ZwrWzw,62,YouTube Shorts,No. ❤️,"Help Vice President Kamala Harris and Governor Tim Walz put policies in place that protect our fundamental freedoms and defeat Donald Trump and MAGA Republicans this election. Take action at https://go.kamalaharris.com.
--------------------------------------
Follow Vice President Kamala Harris!

Kamala's Twitter: https://twitter.com/KamalaHarris
Kamala's Tiktok: https://tiktok.com/@kamalaharris
Kamala’s Instagram: https://www.instagram.com/KamalaHarris  
Kamala's Twitch: https://www.twitch.tv/kamalaharris
Kamala's Facebook: https://www.facebook.com/KamalaHarris
Kamala's Threads: https://www.threads.net/@kamalaharris

#KamalaHarris #Harris2024",14,40225,1319,208.0,False,UNPLAYABLE,https://www.youtube.com/watch?v=f1ZwUQZcC7w,2026-08-24T15:51:30+00:00,,no. ❤️,0,0,0,0,0,0,0,0,0,0,102,2024-10-28,0.0327905531385954,0.005170913610938471,10.602268831713166,-3.383908454820006
v8JiVk7HQiU,2024-10-31,Democratic,candidate,harris,Kamala Harris,UC0XBsJpPhOLg0k4x9ZwrWzw,UC0XBsJpPhOLg0k4x9ZwrWzw,64,YouTube Shorts,Listen to people when they tell you who they are.,"Help Vice President Kamala Harris and Governor Tim Walz put policies in place that protect our fundamental freedoms and defeat Donald Trump and MAGA Republicans this election. Take action at https://go.kamalaharris.com.
--------------------------------------
Follow Vice President Kamala Harris!

Kamala's Twitter: https://twitter.com/KamalaHarris
Kamala's Tiktok: https://tiktok.com/@kamalaharris
Kamala’s Instagram: https://www.instagram.com/KamalaHarris  
Kamala's Twitch: https://www.twitch.tv/kamalaharris
Kamala's Facebook: https://www.facebook.com/KamalaHarris
Kamala's Threads: https://www.threads.net/@kamalaharris

#KamalaHarris #Harris2024",51,935514,24634,959.0,False,UNPLAYABLE,https://www.youtube.com/watch?v=v8JiVk7HQiU,2026-08-24T15:51:31+00:00,,listen to people when they tell you who they are.,0,0,0,0,0,0,0,1,0,0,102,2024-10-28,0.026332048478162808,0.0010251049155865118,13.748852458774042,-3.610263814658759
1A4TJ-zWn8w,2024-10-31,Republican,party,rnc,GOP,UC3o7kbpTUQ5-0WTMIp8sVwA,UC3o7kbpTUQ5-0WTMIp8sVwA,61,YouTube Shorts,Happy MAGAween! 🎃 🍬,"Happy MAGAween! 🎃 🍬

Let's vote Kamala out and ensure our prices aren't as spooky anymore!",49,1068,91,9.0,False,UNPLAYABLE,https://www.youtube.com/watch?v=1A4TJ-zWn8w,2026-08-24T15:49:04+00:00,,happy magaween! 🎃 🍬,0,0,0,0,0,0,0,0,0,0,102,2024-10-28,0.0852059925093633,0.008426966292134831,6.974478911025045,-2.368659319578045
7lCgLYuaN8E,2024-10-31,Republican,party,rnc,GOP,UC3o7kbpTUQ5-0WTMIp8sVwA,UC3o7kbpTUQ5-0WTMIp8sVwA,62,YouTube Shorts,"Bucks County, PA early vote has been extended till Friday Nov. 1st!","Get out and vote!

Bucks County, PA early vote has been extended till Friday Nov. 1st!",49,712,58,6.0,False,UNPLAYABLE,https://www.youtube.com/watch?v=7lCgLYuaN8E,2026-08-24T15:49:06+00:00,,"bucks county, pa early vote has been extended till friday nov. 1st!",0,0,0,0,1,0,0,0,0,0,102,2024-10-28,0.08146067415730338,0.008426966292134831,6.569481420414296,-2.414844831112144
Xr-rCTjp3zo,2024-10-31,Republican,party,rnc,GOP,UC3o7kbpTUQ5-0WTMIp8sVwA,UC3o7kbpTUQ5-0WTMIp8sVwA,64,YouTube Shorts,The clock is ticking! 5 days left until we fire Kamala and Make America Great Again! 🇺🇸,The clock is ticking! 5 days left until we fire Kamala and Make America Great Again! 🇺🇸,38,843,58,7.0,False,UNPLAYABLE,https://www.youtube.com/watch?v=Xr-rCTjp3zo,2026-08-24T15:49:08+00:00,,the clock is ticking! 5 days left until we fire kamala and make america great again! 🇺🇸,1,0,0,0,0,0,0,0,0,1,102,2024-10-28,0.06880189798339265,0.00830367734282325,6.738152494595957,-2.597293703457865
jp6lt_RT8PE,2024-10-31,Republican,party,rnc,GOP,UC3o7kbpTUQ5-0WTMIp8sVwA,UC3o7kbpTUQ5-0WTMIp8sVwA,63,YouTube Shorts,"""I support President Donald Trump because President Trump supports us.""","""I support President Donald Trump because President Trump supports us.""",68,873,69,13.0,False,UNPLAYABLE,https://www.youtube.com/watch?v=jp6lt_RT8PE,2026-08-24T15:49:07+00:00,,"""i support president donald trump because president trump supports us.""",0,1,0,0,0,0,0,1,0,1,102,2024-10-28,0.07903780068728522,0.014891179839633447,6.773080375655535,-2.4488942138616916
rTHGWLnr5qI,2024-10-31,Republican,party,rnc,GOP,UC3o7kbpTUQ5-0WTMIp8sVwA,UC3o7kbpTUQ5-0WTMIp8sVwA,65,YouTube Shorts,The joy is gone.,The joy is gone.,8,1068,42,7.0,False,UNPLAYABLE,https://www.youtube.com/watch?v=rTHGWLnr5qI,2026-08-24T15:49:08+00:00,,the joy is gone.,0,0,0,0,0,0,0,0,0,0,102,2024-10-28,0.03932584269662921,0.006554307116104869,6.974478911025045,-3.184406160528617
OQib1elusJI,2024-10-31,Republican,candidate,trump,Donald J Trump,UCAql2DyGU2un1Ei2nMYsqOA,UCAql2DyGU2un1Ei2nMYsqOA,2,YouTube Shorts,Raging,,15,368434,18522,2600.0,False,UNPLAYABLE,https://www.youtube.com/watch?v=OQib1elusJI,2026-08-24T15:52:53+00:00,,raging,0,0,1,0,0,0,0,0,1,0,102,2024-10-28,0.05027223329008723,0.007056894857695001,12.817019584279441,-2.9386969139195753
VJpOIBSJUjs,2024-11-01,Democratic,candidate,harris,Kamala Harris,UC0XBsJpPhOLg0k4x9ZwrWzw,UC0XBsJpPhOLg0k4x9ZwrWzw,59,YouTube Shorts,Congratulations @Dodgers!,"Help Vice President Kamala Harris and Governor Tim Walz put policies in place that protect our fundamental freedoms and defeat Donald Trump and MAGA Republicans this election. Take action at https://go.kamalaharris.com.
--------------------------------------
Follow Vice President Kamala Harris!

Kamala's Twitter: https://twitter.com/KamalaHarris
Kamala's Tiktok: https://tiktok.com/@kamalaharris
Kamala’s Instagram: https://www.instagram.com/KamalaHarris  
Kamala's Twitch: https://www.twitch.tv/kamalaharris
Kamala's Facebook: https://www.facebook.com/KamalaHarris
Kamala's Threads: https://www.threads.net/@kamalaharris

#KamalaHarris #Harris2024 #shorts #dodgers #mlb #youtubeshorts",58,522205,23118,959.0,False,UNPLAYABLE,https://www.youtube.com/watch?v=VJpOIBSJUjs,2026-08-24T15:51:36+00:00,,congratulations @dodgers!,0,0,0,0,0,0,0,0,0,0,103,2024-10-28,0.044269970605413586,0.0018364435422870329,13.16581742503179,-3.0721482682740673
Y07gTu2RCQ8,2024-11-01,Democratic,candidate,harris,Kamala Harris,UC0XBsJpPhOLg0k4x9ZwrWzw,UC0XBsJpPhOLg0k4x9ZwrWzw,58,YouTube Shorts,"Thank you, Adrien and @cardib, for joining me in Milwaukee.","Help Vice President Kamala Harris and Governor Tim Walz put policies in place that protect our fundamental freedoms and defeat Donald Trump and MAGA Republicans this election. Take action at https://go.kamalaharris.com.
--------------------------------------
Follow Vice President Kamala Harris!

Kamala's Twitter: https://twitter.com/KamalaHarris
Kamala's Tiktok: https://tiktok.com/@kamalaharris
Kamala’s Instagram: https://www.instagram.com/KamalaHarris  
Kamala's Twitch: https://www.twitch.tv/kamalaharris
Kamala's Facebook: https://www.facebook.com/KamalaHarris
Kamala's Threads: https://www.threads.net/@kamalaharris

#KamalaHarris #Harris2024 #cardib #shorts #youtubeshorts",21,695052,27141,1700.0,False,UNPLAYABLE,https://www.youtube.com/watch?v=Y07gTu2RCQ8,2026-08-24T15:51:26+00:00,,"thank you, adrien and @cardib, for joining me in milwaukee.",0,0,0,0,0,0,0,0,0,1,103,2024-10-28,0.03904887691856149,0.002445860165858094,13.451743380632166,-3.2030917578746574
olyNJ_wKkhI,2024-11-01,Democratic,candidate,harris,Kamala Harris,UC0XBsJpPhOLg0k4x9ZwrWzw,UC0XBsJpPhOLg0k4x9ZwrWzw,60,YouTube Shorts,Listen to @JenniferLopez: Your vote is your voice. Let’s get loud.,"Help Vice President Kamala Harris and Governor Tim Walz put policies in place that protect our fundamental freedoms and defeat Donald Trump and MAGA Republicans this election. Take action at https://go.kamalaharris.com.
--------------------------------------
Follow Vice President Kamala Harris!

Kamala's Twitter: https://twitter.com/KamalaHarris
Kamala's Tiktok: https://tiktok.com/@kamalaharris
Kamala’s Instagram: https://www.instagram.com/KamalaHarris  
Kamala's Twitch: https://www.twitch.tv/kamalaharris
Kamala's Facebook: https://www.facebook.com/KamalaHarris
Kamala's Threads: https://www.threads.net/@kamalaharris

#KamalaHarris #Harris2024 #jlo #shorts #youtubeshorts",19,2050865,44519,10000.0,False,UNPLAYABLE,https://www.youtube.com/watch?v=olyNJ_wKkhI,2026-08-24T15:51:30+00:00,,listen to @jenniferlopez: your vote is your voice. let's get loud.,0,0,0,0,1,0,0,1,0,0,103,2024-10-28,0.02170742589102647,0.0048759913499913455,14.533772700936737,-3.808143389973227
qolcyOnnjjo,2024-11-01,Democratic,candidate,harris,Kamala Harris,UC0XBsJpPhOLg0k4x9ZwrWzw,UC0XBsJpPhOLg0k4x9ZwrWzw,61,YouTube Shorts,"Thank you, Nevada—and thank you, J Lo.","Help Vice President Kamala Harris and Governor Tim Walz put policies in place that protect our fundamental freedoms and defeat Donald Trump and MAGA Republicans this election. Take action at https://go.kamalaharris.com.
--------------------------------------
Follow Vice President Kamala Harris!

Kamala's Twitter: https://twitter.com/KamalaHarris
Kamala's Tiktok: https://tiktok.com/@kamalaharris
Kamala’s Instagram: https://www.instagram.com/KamalaHarris  
Kamala's Twitch: https://www.twitch.tv/kamalaharris
Kamala's Facebook: https://www.facebook.com/KamalaHarris
Kamala's Threads: https://www.threads.net/@kamalaharris

#KamalaHarris #Harris2024",29,1465364,45134,3200.0,False,UNPLAYABLE,https://www.youtube.com/watch?v=qolcyOnnjjo,2026-08-24T15:51:29+00:00,,"thank you, nevada-and thank you, j lo.",0,0,0,0,0,0,0,1,0,0,103,2024-10-28,0.030800538296286793,0.0021837577557521546,14.197614916159084,-3.448927540554583
zUj8YILMz00,2024-11-01,Republican,party,rnc,GOP,UC3o7kbpTUQ5-0WTMIp8sVwA,UC3o7kbpTUQ5-0WTMIp8sVwA,60,YouTube Shorts,"If you're in line, stay in line!","🚨 BUCKS COUNTY, PA today is the last day for early voting!

If you're in line, stay in line!",14,864,66,8.0,False,UNPLAYABLE,https://www.youtube.com/watch?v=zUj8YILMz00,2026-08-24T15:49:02+00:00,,"if you're in line, stay in line!",0,0,0,0,0,0,0,0,0,0,103,2024-10-28,0.0763888888888889,0.009259259259259259,6.762729506931879,-2.485533019993259
VVU7pYq3WHw,2024-11-01,Republican,candidate,trump,Donald J Trump,UCAql2DyGU2un1Ei2nMYsqOA,UCAql2DyGU2un1Ei2nMYsqOA,1,YouTube Shorts,Kamala is for they/them. I am for you.,,30,655544,22280,5000.0,False,UNPLAYABLE,https://www.youtube.com/watch?v=VVU7pYq3WHw,2026-08-24T15:52:51+00:00,,kamala is for they/them. i am for you.,1,0,0,0,0,0,0,0,0,1,103,2024-10-28,0.033987039771548516,0.007627253090562953,13.39322222971518,-3.34717632991036
1RaeebB0I4k,2024-11-02,Democratic,candidate,harris,Kamala Harris,UC0XBsJpPhOLg0k4x9ZwrWzw,UC0XBsJpPhOLg0k4x9ZwrWzw,53,YouTube Shorts,"Live from New York, it's Saturday night.","Help Vice President Kamala Harris and Governor Tim Walz put policies in place that protect our fundamental freedoms and defeat Donald Trump and MAGA Republicans this election. Take action at https://go.kamalaharris.com.
--------------------------------------
Follow Vice President Kamala Harris!

Kamala's Twitter: https://twitter.com/KamalaHarris
Kamala's Tiktok: https://tiktok.com/@kamalaharris
Kamala’s Instagram: https://www.instagram.com/KamalaHarris  
Kamala's Twitch: https://www.twitch.tv/kamalaharris
Kamala's Facebook: https://www.facebook.com/KamalaHarris
Kamala's Threads: https://www.threads.net/@kamalaharris

#KamalaHarris #Harris2024",55,1392838,83539,3600.0,False,UNPLAYABLE,https://www.youtube.com/watch?v=1RaeebB0I4k,2026-08-24T15:51:24+00:00,,"live from new york, it's saturday night.",0,0,0,0,0,0,0,0,0,0,104,2024-10-28,0.059977542255452536,0.0025846509069970807,14.146854668192857,-2.7519279664558782
LWtZB0KHmmk,2024-11-02,Democratic,candidate,harris,Kamala Harris,UC0XBsJpPhOLg0k4x9ZwrWzw,UC0XBsJpPhOLg0k4x9ZwrWzw,56,YouTube Shorts,"Our nation’s housing supply is too low, and your rent is too high. My plan will fix it.","I’ll work to cut red tape to build more homes and crack down on corporate landlords. Help Vice President Kamala Harris and Governor Tim Walz put policies in place that protect our fundamental freedoms and defeat Donald Trump and MAGA Republicans this election. Take action at https://go.kamalaharris.com.
--------------------------------------
Follow Vice President Kamala Harris!

Kamala's Twitter: https://twitter.com/KamalaHarris
Kamala's Tiktok: https://tiktok.com/@kamalaharris
Kamala’s Instagram: https://www.instagram.com/KamalaHarris  
Kamala's Twitch: https://www.twitch.tv/kamalaharris
Kamala's Facebook: https://www.facebook.com/KamalaHarris
Kamala's Threads: https://www.threads.net/@kamalaharris

#KamalaHarris #Harris2024 #shorts #youtubeshorts #election #election2024",30,59455,4927,447.0,False,UNPLAYABLE,https://www.youtube.com/watch?v=LWtZB0KHmmk,2026-08-24T15:51:25+00:00,,"our nation's housing supply is too low, and your rent is too high. my plan will fix it.",0,0,0,0,0,0,0,0,0,1,104,2024-10-28,0.08286939702295854,0.007518291144563115,10.99299182217351,-2.403891740721011
NJ_RRBoNbho,2024-11-02,Democratic,candidate,harris,Kamala Harris,UC0XBsJpPhOLg0k4x9ZwrWzw,UC0XBsJpPhOLg0k4x9ZwrWzw,54,YouTube Shorts,I trust the women of America to make decisions about their own bodies. Trump does not.,"Help Vice President Kamala Harris and Governor Tim Walz put policies in place that protect our fundamental freedoms and defeat Donald Trump and MAGA Republicans this election. Take action at https://go.kamalaharris.com.
--------------------------------------
Follow Vice President Kamala Harris!

Kamala's Twitter: https://twitter.com/KamalaHarris
Kamala's Tiktok: https://tiktok.com/@kamalaharris
Kamala’s Instagram: https://www.instagram.com/KamalaHarris  
Kamala's Twitch: https://www.twitch.tv/kamalaharris
Kamala's Facebook: https://www.facebook.com/KamalaHarris
Kamala's Threads: https://www.threads.net/@kamalaharris

#KamalaHarris #Harris2024 #election #shorts #youtubeshorts #election2024",13,78462,4302,355.0,False,UNPLAYABLE,https://www.youtube.com/watch?v=NJ_RRBoNbho,2026-08-24T15:51:24+00:00,,i trust the women of america to make decisions about their own bodies. trump does not.,1,0,0,0,0,0,0,0,0,1,104,2024-10-28,0.054829089240651524,0.004524483189314573,11.270382455076408,-2.847035414310386
VCcIQDWq6NU,2024-11-02,Democratic,candidate,harris,Kamala Harris,UC0XBsJpPhOLg0k4x9ZwrWzw,UC0XBsJpPhOLg0k4x9ZwrWzw,55,YouTube Shorts,"It's either Trump walking into the Oval Office with his enemies list, or me with my to-do list.","And I'm a hard worker. Help Vice President Kamala Harris and Governor Tim Walz put policies in place that protect our fundamental freedoms and defeat Donald Trump and MAGA Republicans this election. Take action at https://go.kamalaharris.com.
--------------------------------------
Follow Vice President Kamala Harris!

Kamala's Twitter: https://twitter.com/KamalaHarris
Kamala's Tiktok: https://tiktok.com/@kamalaharris
Kamala’s Instagram: https://www.instagram.com/KamalaHarris  
Kamala's Twitch: https://www.twitch.tv/kamalaharris
Kamala's Facebook: https://www.facebook.com/KamalaHarris
Kamala's Threads: https://www.threads.net/@kamalaharris

#KamalaHarris #Harris2024 #shorts #youtubeshorts #election #election2024",44,190719,9116,940.0,False,UNPLAYABLE,https://www.youtube.com/watch?v=VCcIQDWq6NU,2026-08-24T15:51:27+00:00,,"it's either trump walking into the oval office with his enemies list, or me with my to-do list.",1,0,0,0,0,0,0,0,0,1,104,2024-10-28,0.0477980694110183,0.004928717117854016,12.158561662859123,-2.9917397806120998
hMPs713j6SY,2024-11-02,Democratic,candidate,harris,Kamala Harris,UC0XBsJpPhOLg0k4x9ZwrWzw,UC0XBsJpPhOLg0k4x9ZwrWzw,57,YouTube Shorts,"Thank you for your support and for spreading the word, @cardib","There's still time to make a plan to vote. Help Vice President Kamala Harris and Governor Tim Walz put policies in place that protect our fundamental freedoms and defeat Donald Trump and MAGA Republicans this election. Take action at https://go.kamalaharris.com.
--------------------------------------
Follow Vice President Kamala Harris!

Kamala's Twitter: https://twitter.com/KamalaHarris
Kamala's Tiktok: https://tiktok.com/@kamalaharris
Kamala’s Instagram: https://www.instagram.com/KamalaHarris  
Kamala's Twitch: https://www.twitch.tv/kamalaharris
Kamala's Facebook: https://www.facebook.com/KamalaHarris
Kamala's Threads: https://www.threads.net/@kamalaharris

#KamalaHarris #Harris2024 #cardib #shorts #youtubeshorts",27,166030,11012,1100.0,False,UNPLAYABLE,https://www.youtube.com/watch?v=hMPs713j6SY,2026-08-24T15:51:26+00:00,,"thank you for your support and for spreading the word, @cardib",0,0,0,0,0,0,0,1,0,0,104,2024-10-28,0.06632536288622538,0.00662530867915437,12.019929796891583,-2.6445134733734363
6D8wIYp2D9o,2024-11-02,Republican,party,rnc,GOP,UC3o7kbpTUQ5-0WTMIp8sVwA,UC3o7kbpTUQ5-0WTMIp8sVwA,58,YouTube Shorts,"""They can never shut down our voice.""","Get out and vote!

""They can never shut down our voice."" - Pennsylvania Rep. Guy Reschenthaler",28,1182,70,3.0,False,UNPLAYABLE,https://www.youtube.com/watch?v=6D8wIYp2D9o,2026-08-24T15:49:14+00:00,,"""they can never shut down our voice.""",0,0,0,0,0,0,0,0,0,1,104,2024-10-28,0.05922165820642978,0.0025380710659898475,7.075808863978387,-2.758752304222172
OC1gyoKERDo,2024-11-02,Republican,party,rnc,GOP,UC3o7kbpTUQ5-0WTMIp8sVwA,UC3o7kbpTUQ5-0WTMIp8sVwA,57,YouTube Shorts,Kamala will only bring more of the same failed policies,Kamala will only bring more of the same failed policies Americans have face over the past 4 years.,19,1311,90,11.0,False,UNPLAYABLE,https://www.youtube.com/watch?v=OC1gyoKERDo,2026-08-24T15:49:05+00:00,,kamala will only bring more of the same failed policies,1,0,1,1,0,0,0,0,0,0,104,2024-10-28,0.06864988558352403,0.008390541571319604,7.179307969504034,-2.602485039991915
xSKdCgIlFT8,2024-11-02,Republican,party,rnc,GOP,UC3o7kbpTUQ5-0WTMIp8sVwA,UC3o7kbpTUQ5-0WTMIp8sVwA,59,YouTube Shorts,Kamala wants to talk about manufacturing,"Kamala wants to talk about manufacturing - so let's talk about the 46,000 factory jobs that were lost under her watch last month",12,1400,53,10.0,False,UNPLAYABLE,https://www.youtube.com/watch?v=xSKdCgIlFT8,2026-08-24T15:49:02+00:00,,kamala wants to talk about manufacturing,1,0,0,0,0,0,0,0,0,0,104,2024-10-28,0.03785714285714286,0.007142857142857143,7.244941546337007,-3.2263246488811914
DWFFYqleELs,2024-11-03,Democratic,candidate,harris,Kamala Harris,UC0XBsJpPhOLg0k4x9ZwrWzw,UC0XBsJpPhOLg0k4x9ZwrWzw,52,YouTube Shorts,Trump is unhinged.,"Help Vice President Kamala Harris and Governor Tim Walz put policies in place that protect our fundamental freedoms and defeat Donald Trump and MAGA Republicans this election. Take action at https://go.kamalaharris.com.
--------------------------------------
Follow Vice President Kamala Harris!

Kamala's Twitter: https://twitter.com/KamalaHarris
Kamala's Tiktok: https://tiktok.com/@kamalaharris
Kamala’s Instagram: https://www.instagram.com/KamalaHarris  
Kamala's Twitch: https://www.twitch.tv/kamalaharris
Kamala's Facebook: https://www.facebook.com/KamalaHarris
Kamala's Threads: https://www.threads.net/@kamalaharris

#KamalaHarris #Harris2024 #shorts #youtubeshorts #election #election2024",32,114832,5411,536.0,False,UNPLAYABLE,https://www.youtube.com/watch?v=DWFFYqleELs,2026-08-24T15:51:22+00:00,,trump is unhinged.,1,0,1,1,0,0,0,0,0,0,105,2024-10-28,0.047121011564720636,0.004667688449212763,11.651234178005907,-3.006681078434239
KsqHX9QfUqs,2024-11-03,Democratic,candidate,harris,Kamala Harris,UC0XBsJpPhOLg0k4x9ZwrWzw,UC0XBsJpPhOLg0k4x9ZwrWzw,49,YouTube Shorts,The Michigan “I Voted” sticker is interesting. Go vote today and get your own.,"Help Vice President Kamala Harris and Governor Tim Walz put policies in place that protect our fundamental freedoms and defeat Donald Trump and MAGA Republicans this election. Take action at https://go.kamalaharris.com.
--------------------------------------
Follow Vice President Kamala Harris!

Kamala's Twitter: https://twitter.com/KamalaHarris
Kamala's Tiktok: https://tiktok.com/@kamalaharris
Kamala’s Instagram: https://www.instagram.com/KamalaHarris  
Kamala's Twitch: https://www.twitch.tv/kamalaharris
Kamala's Facebook: https://www.facebook.com/KamalaHarris
Kamala's Threads: https://www.threads.net/@kamalaharris

#KamalaHarris #Harris2024 #shorts #election #youtubeshorts #election2024",12,626773,18149,894.0,False,UNPLAYABLE,https://www.youtube.com/watch?v=KsqHX9QfUqs,2026-08-24T15:51:21+00:00,,the michigan “i voted” sticker is interesting. go vote today and get your own.,0,0,0,0,1,0,0,0,0,1,105,2024-10-28,0.028956256890453162,0.0014263537197677627,13.348341308067605,-3.512558480856566
Q-c8rrkA8t4,2024-11-03,Democratic,candidate,harris,Kamala Harris,UC0XBsJpPhOLg0k4x9ZwrWzw,UC0XBsJpPhOLg0k4x9ZwrWzw,47,YouTube Shorts,"Georgia, every single vote makes a difference.","Help Vice President Kamala Harris and Governor Tim Walz put policies in place that protect our fundamental freedoms and defeat Donald Trump and MAGA Republicans this election. Take action at https://go.kamalaharris.com.
--------------------------------------
Follow Vice President Kamala Harris!

Kamala's Twitter: https://twitter.com/KamalaHarris
Kamala's Tiktok: https://tiktok.com/@kamalaharris
Kamala’s Instagram: https://www.instagram.com/KamalaHarris  
Kamala's Twitch: https://www.twitch.tv/kamalaharris
Kamala's Facebook: https://www.facebook.com/KamalaHarris
Kamala's Threads: https://www.threads.net/@kamalaharris

#KamalaHarris #Harris2024 #shorts #election #youtubeshorts #election2024",12,50171,3861,329.0,False,UNPLAYABLE,https://www.youtube.com/watch?v=Q-c8rrkA8t4,2026-08-24T15:51:20+00:00,,"georgia, every single vote makes a difference.",0,0,0,0,1,0,0,0,0,0,105,2024-10-28,0.07695680771760578,0.006557573099998007,10.823212381144565,-2.4843130082113403
STXweNWI6_U,2024-11-03,Democratic,candidate,harris,Kamala Harris,UC0XBsJpPhOLg0k4x9ZwrWzw,UC0XBsJpPhOLg0k4x9ZwrWzw,50,YouTube Shorts,"We are fighting for the future—and when we fight, we win. Thank you for the warm welcome, Arizona.","Help Vice President Kamala Harris and Governor Tim Walz put policies in place that protect our fundamental freedoms and defeat Donald Trump and MAGA Republicans this election. Take action at https://go.kamalaharris.com.
--------------------------------------
Follow Vice President Kamala Harris!

Kamala's Twitter: https://twitter.com/KamalaHarris
Kamala's Tiktok: https://tiktok.com/@kamalaharris
Kamala’s Instagram: https://www.instagram.com/KamalaHarris  
Kamala's Twitch: https://www.twitch.tv/kamalaharris
Kamala's Facebook: https://www.facebook.com/KamalaHarris
Kamala's Threads: https://www.threads.net/@kamalaharris

#KamalaHarris #Harris2024 #shorts #election #youtubeshorts #election2024",22,26666,1900,108.0,False,UNPLAYABLE,https://www.youtube.com/watch?v=STXweNWI6_U,2026-08-24T15:51:21+00:00,,"we are fighting for the future-and when we fight, we win. thank you for the warm welcome, arizona.",0,0,0,0,0,0,0,0,0,1,105,2024-10-28,0.07125178129453236,0.004050101252531313,10.191182124909785,-2.5673749241106933
ezfUhNNsLW8,2024-11-03,Democratic,candidate,harris,Kamala Harris,UC0XBsJpPhOLg0k4x9ZwrWzw,UC0XBsJpPhOLg0k4x9ZwrWzw,46,YouTube Shorts,Experts agree: My economic plan will strengthen America’s economy. Trump's will hurt it.,"Help Vice President Kamala Harris and Governor Tim Walz put policies in place that protect our fundamental freedoms and defeat Donald Trump and MAGA Republicans this election. Take action at https://go.kamalaharris.com.
--------------------------------------
Follow Vice President Kamala Harris!

Kamala's Twitter: https://twitter.com/KamalaHarris
Kamala's Tiktok: https://tiktok.com/@kamalaharris
Kamala’s Instagram: https://www.instagram.com/KamalaHarris  
Kamala's Twitch: https://www.twitch.tv/kamalaharris
Kamala's Facebook: https://www.facebook.com/KamalaHarris
Kamala's Threads: https://www.threads.net/@kamalaharris

#KamalaHarris #Harris2024",13,136734,4071,589.0,False,UNPLAYABLE,https://www.youtube.com/watch?v=ezfUhNNsLW8,2026-08-24T15:51:20+00:00,,experts agree: my economic plan will strengthen america's economy. trump's will hurt it.,1,0,0,0,0,1,0,0,0,1,105,2024-10-28,0.02977313616218351,0.004307633799932716,11.825800025054033,-3.483804365059668
noQ-9Cn8_Ik,2024-11-03,Democratic,candidate,harris,Kamala Harris,UC0XBsJpPhOLg0k4x9ZwrWzw,UC0XBsJpPhOLg0k4x9ZwrWzw,51,YouTube Shorts,"Election Day is Tuesday, November 5. Your voice is your vote, and your vote is your power.","Help Vice President Kamala Harris and Governor Tim Walz put policies in place that protect our fundamental freedoms and defeat Donald Trump and MAGA Republicans this election. Take action at https://go.kamalaharris.com.
--------------------------------------
Follow Vice President Kamala Harris!

Kamala's Twitter: https://twitter.com/KamalaHarris
Kamala's Tiktok: https://tiktok.com/@kamalaharris
Kamala’s Instagram: https://www.instagram.com/KamalaHarris  
Kamala's Twitch: https://www.twitch.tv/kamalaharris
Kamala's Facebook: https://www.facebook.com/KamalaHarris
Kamala's Threads: https://www.threads.net/@kamalaharris

#KamalaHarris #Harris2024",35,198268,9996,1100.0,False,UNPLAYABLE,https://www.youtube.com/watch?v=noQ-9Cn8_Ik,2026-08-24T15:51:23+00:00,,"election day is tuesday, november 5. your voice is your vote, and your vote is your power.",0,0,0,0,1,0,0,0,0,0,105,2024-10-28,0.050416607823753706,0.005548046079044525,12.197379973492513,-2.9356553497204287
xFh-YDKwwRM,2024-11-03,Democratic,candidate,harris,Kamala Harris,UC0XBsJpPhOLg0k4x9ZwrWzw,UC0XBsJpPhOLg0k4x9ZwrWzw,48,YouTube Shorts,I believe in the promise of America.,"Help Vice President Kamala Harris and Governor Tim Walz put policies in place that protect our fundamental freedoms and defeat Donald Trump and MAGA Republicans this election. Take action at https://go.kamalaharris.com.
--------------------------------------
Follow Vice President Kamala Harris!

Kamala's Twitter: https://twitter.com/KamalaHarris
Kamala's Tiktok: https://tiktok.com/@kamalaharris
Kamala’s Instagram: https://www.instagram.com/KamalaHarris  
Kamala's Twitch: https://www.twitch.tv/kamalaharris
Kamala's Facebook: https://www.facebook.com/KamalaHarris
Kamala's Threads: https://www.threads.net/@kamalaharris

#KamalaHarris #Harris2024 #shorts #election #youtubeshorts #election2024",15,133638,7793,660.0,False,UNPLAYABLE,https://www.youtube.com/watch?v=xFh-YDKwwRM,2026-08-24T15:51:34+00:00,,i believe in the promise of america.,0,0,0,0,0,0,0,0,0,1,105,2024-10-28,0.058314251934330055,0.004938715036142414,11.802897413653113,-2.781764911141668
CWKwe--5-Ao,2024-11-04,Democratic,candidate,harris,Kamala Harris,UC0XBsJpPhOLg0k4x9ZwrWzw,UC0XBsJpPhOLg0k4x9ZwrWzw,42,YouTube Shorts,"Pennsylvania, we are fighting out of love for our country.","Help Vice President Kamala Harris and Governor Tim Walz put policies in place that protect our fundamental freedoms and defeat Donald Trump and MAGA Republicans this election. Take action at https://go.kamalaharris.com.
--------------------------------------
Follow Vice President Kamala Harris!

Kamala's Twitter: https://twitter.com/KamalaHarris
Kamala's Tiktok: https://tiktok.com/@kamalaharris
Kamala’s Instagram: https://www.instagram.com/KamalaHarris  
Kamala's Twitch: https://www.twitch.tv/kamalaharris
Kamala's Facebook: https://www.facebook.com/KamalaHarris
Kamala's Threads: https://www.threads.net/@kamalaharris

#KamalaHarris #Harris2024 #shorts #election #youtubeshorts #election2024",25,68727,4800,292.0,False,UNPLAYABLE,https://www.youtube.com/watch?v=CWKwe--5-Ao,2026-08-24T15:51:17+00:00,,"pennsylvania, we are fighting out of love for our country.",0,0,0,0,0,0,0,0,0,1,106,2024-11-04,0.06984154699026583,0.004248694108574505,11.137911964317892,-2.5890295495870723
Ci0cDgewtGc,2024-11-04,Democratic,candidate,harris,Kamala Harris,UC0XBsJpPhOLg0k4x9ZwrWzw,UC0XBsJpPhOLg0k4x9ZwrWzw,37,YouTube Shorts,I love Gen Z.,"Help Vice President Kamala Harris and Governor Tim Walz put policies in place that protect our fundamental freedoms and defeat Donald Trump and MAGA Republicans this election. Take action at https://go.kamalaharris.com.
--------------------------------------
Follow Vice President Kamala Harris!

Kamala's Twitter: https://twitter.com/KamalaHarris
Kamala's Tiktok: https://tiktok.com/@kamalaharris
Kamala’s Instagram: https://www.instagram.com/KamalaHarris  
Kamala's Twitch: https://www.twitch.tv/kamalaharris
Kamala's Facebook: https://www.facebook.com/KamalaHarris
Kamala's Threads: https://www.threads.net/@kamalaharris

#KamalaHarris #Harris2024 #shorts #election #youtubeshorts #election2024",50,216308,12389,746.0,False,UNPLAYABLE,https://www.youtube.com/watch?v=Ci0cDgewtGc,2026-08-24T15:51:13+00:00,,i love gen z.,0,0,0,0,0,0,0,0,0,1,106,2024-11-04,0.05727481184237291,0.0034487859903470975,12.284463219952086,-2.8008759684212556
Oeck4VnXqrQ,2024-11-04,Democratic,candidate,harris,Kamala Harris,UC0XBsJpPhOLg0k4x9ZwrWzw,UC0XBsJpPhOLg0k4x9ZwrWzw,39,YouTube Shorts,"In Phoenix, Chef René shared some of his family’s stories and recipes with me.","Thank you for the new molcajete. I’ll use it as soon as I get home, Chef. Help Vice President Kamala Harris and Governor Tim Walz put policies in place that protect our fundamental freedoms and defeat Donald Trump and MAGA Republicans this election. Take action at https://go.kamalaharris.com.
--------------------------------------
Follow Vice President Kamala Harris!

Kamala's Twitter: https://twitter.com/KamalaHarris
Kamala's Tiktok: https://tiktok.com/@kamalaharris
Kamala’s Instagram: https://www.instagram.com/KamalaHarris  
Kamala's Twitch: https://www.twitch.tv/kamalaharris
Kamala's Facebook: https://www.facebook.com/KamalaHarris
Kamala's Threads: https://www.threads.net/@kamalaharris

#KamalaHarris #Harris2024 #shorts #election #youtubeshorts #election2024",18,274774,14272,531.0,False,UNPLAYABLE,https://www.youtube.com/watch?v=Oeck4VnXqrQ,2026-08-24T15:51:15+00:00,,"in phoenix, chef rené shared some of his family's stories and recipes with me.",0,0,0,0,0,0,1,0,0,1,106,2024-11-04,0.051940867767692724,0.0019324972522873343,12.523707859937101,-2.904277849220077
ScmnbLjVu28,2024-11-04,Democratic,candidate,harris,Kamala Harris,UC0XBsJpPhOLg0k4x9ZwrWzw,UC0XBsJpPhOLg0k4x9ZwrWzw,38,YouTube Shorts,"Your vote is your voice, and your voice is your power. Let’s bring it home, Wisconsin.","Help Vice President Kamala Harris and Governor Tim Walz put policies in place that protect our fundamental freedoms and defeat Donald Trump and MAGA Republicans this election. Take action at https://go.kamalaharris.com.
--------------------------------------
Follow Vice President Kamala Harris!

Kamala's Twitter: https://twitter.com/KamalaHarris
Kamala's Tiktok: https://tiktok.com/@kamalaharris
Kamala’s Instagram: https://www.instagram.com/KamalaHarris  
Kamala's Twitch: https://www.twitch.tv/kamalaharris
Kamala's Facebook: https://www.facebook.com/KamalaHarris
Kamala's Threads: https://www.threads.net/@kamalaharris

#KamalaHarris #Harris2024 #shorts #election #youtubeshorts #election2024",30,69020,3892,192.0,False,UNPLAYABLE,https://www.youtube.com/watch?v=ScmnbLjVu28,2026-08-24T15:51:16+00:00,,"your vote is your voice, and your voice is your power. let's bring it home, wisconsin.",0,0,0,0,1,0,0,0,0,0,106,2024-11-04,0.0563894523326572,0.0027818023761228628,11.142166085101078,-2.817310616705725
WrlCB2D-BAg,2024-11-04,Democratic,candidate,harris,Kamala Harris,UC0XBsJpPhOLg0k4x9ZwrWzw,UC0XBsJpPhOLg0k4x9ZwrWzw,44,YouTube Shorts,Barbershop Conversations: Kamala Harris' Background in Criminal Justice,"Help Vice President Kamala Harris and Governor Tim Walz put policies in place that protect our fundamental freedoms and defeat Donald Trump and MAGA Republicans this election. Take action at https://go.kamalaharris.com.
--------------------------------------
Follow Vice President Kamala Harris!

Kamala's Twitter: https://twitter.com/KamalaHarris
Kamala's Tiktok: https://tiktok.com/@kamalaharris
Kamala’s Instagram: https://www.instagram.com/KamalaHarris  
Kamala's Twitch: https://www.twitch.tv/kamalaharris
Kamala's Facebook: https://www.facebook.com/KamalaHarris
Kamala's Threads: https://www.threads.net/@kamalaharris

#KamalaHarris #Harris2024 #shorts #election #youtubeshorts #election2024",31,35797,2275,203.0,False,UNPLAYABLE,https://www.youtube.com/watch?v=WrlCB2D-BAg,2026-08-24T15:51:19+00:00,,barbershop conversations: kamala harris' background in criminal justice,0,1,1,0,0,0,0,0,0,0,106,2024-11-04,0.06355281168813029,0.005670866273710088,10.485647304906445,-2.6900170466971005
aGjq18oaxic,2024-11-04,Democratic,candidate,harris,Kamala Harris,UC0XBsJpPhOLg0k4x9ZwrWzw,UC0XBsJpPhOLg0k4x9ZwrWzw,35,YouTube Shorts,Took some time today to hear from voters in Pennsylvania and ask for their support.,"Help Vice President Kamala Harris and Governor Tim Walz put policies in place that protect our fundamental freedoms and defeat Donald Trump and MAGA Republicans this election. Take action at https://go.kamalaharris.com.
--------------------------------------
Follow Vice President Kamala Harris!

Kamala's Twitter: https://twitter.com/KamalaHarris
Kamala's Tiktok: https://tiktok.com/@kamalaharris
Kamala’s Instagram: https://www.instagram.com/KamalaHarris  
Kamala's Twitch: https://www.twitch.tv/kamalaharris
Kamala's Facebook: https://www.facebook.com/KamalaHarris
Kamala's Threads: https://www.threads.net/@kamalaharris

#KamalaHarris #Harris2024 #shorts #election #youtubeshorts #election2024",42,912928,34513,1300.0,False,UNPLAYABLE,https://www.youtube.com/watch?v=aGjq18oaxic,2026-08-24T15:51:13+00:00,,took some time today to hear from voters in pennsylvania and ask for their support.,0,0,0,0,0,0,0,1,0,0,106,2024-11-04,0.0378047337796628,0.00142398962459252,13.724413390945317,-3.2367691644735124
ciWxo1m3bAc,2024-11-04,Democratic,candidate,harris,Kamala Harris,UC0XBsJpPhOLg0k4x9ZwrWzw,UC0XBsJpPhOLg0k4x9ZwrWzw,43,YouTube Shorts,"Tomorrow, we choose.","Help Vice President Kamala Harris and Governor Tim Walz put policies in place that protect our fundamental freedoms and defeat Donald Trump and MAGA Republicans this election. Take action at https://go.kamalaharris.com.
--------------------------------------
Follow Vice President Kamala Harris!

Kamala's Twitter: https://twitter.com/KamalaHarris
Kamala's Tiktok: https://tiktok.com/@kamalaharris
Kamala’s Instagram: https://www.instagram.com/KamalaHarris  
Kamala's Twitch: https://www.twitch.tv/kamalaharris
Kamala's Facebook: https://www.facebook.com/KamalaHarris
Kamala's Threads: https://www.threads.net/@kamalaharris

#KamalaHarris #Harris2024 #shorts #election #youtubeshorts #election2024",41,37872,3914,321.0,False,UNPLAYABLE,https://www.youtube.com/watch?v=ciWxo1m3bAc,2026-08-24T15:51:17+00:00,,"tomorrow, we choose.",0,0,0,0,0,0,0,0,0,1,106,2024-11-04,0.10334811998310098,0.008475918884664133,10.541993736136895,-2.1604515834905014
i4eH7LoQyEU,2024-11-04,Democratic,candidate,harris,Kamala Harris,UC0XBsJpPhOLg0k4x9ZwrWzw,UC0XBsJpPhOLg0k4x9ZwrWzw,41,YouTube Shorts,I have mad respect for bakers.,"Help Vice President Kamala Harris and Governor Tim Walz put policies in place that protect our fundamental freedoms and defeat Donald Trump and MAGA Republicans this election. Take action at https://go.kamalaharris.com.
--------------------------------------
Follow Vice President Kamala Harris!

Kamala's Twitter: https://twitter.com/KamalaHarris
Kamala's Tiktok: https://tiktok.com/@kamalaharris
Kamala’s Instagram: https://www.instagram.com/KamalaHarris  
Kamala's Twitch: https://www.twitch.tv/kamalaharris
Kamala's Facebook: https://www.facebook.com/KamalaHarris
Kamala's Threads: https://www.threads.net/@kamalaharris

#KamalaHarris #Harris2024 #shorts #election #youtubeshorts #election2024",57,173954,13161,588.0,False,UNPLAYABLE,https://www.youtube.com/watch?v=i4eH7LoQyEU,2026-08-24T15:51:18+00:00,,i have mad respect for bakers.,0,0,0,0,0,0,0,0,0,1,106,2024-11-04,0.07565793255688286,0.0033802039619669566,12.066551924058913,-2.5028250318776055
o5-JhJLLW60,2024-11-04,Democratic,candidate,harris,Kamala Harris,UC0XBsJpPhOLg0k4x9ZwrWzw,UC0XBsJpPhOLg0k4x9ZwrWzw,36,YouTube Shorts,It's time to turn the page.,"Help Vice President Kamala Harris and Governor Tim Walz put policies in place that protect our fundamental freedoms and defeat Donald Trump and MAGA Republicans this election. Take action at https://go.kamalaharris.com.
--------------------------------------
Follow Vice President Kamala Harris!

Kamala's Twitter: https://twitter.com/KamalaHarris
Kamala's Tiktok: https://tiktok.com/@kamalaharris
Kamala’s Instagram: https://www.instagram.com/KamalaHarris  
Kamala's Twitch: https://www.twitch.tv/kamalaharris
Kamala's Facebook: https://www.facebook.com/KamalaHarris
Kamala's Threads: https://www.threads.net/@kamalaharris

#KamalaHarris #Harris2024 #shorts #election #youtubeshorts #election2024",34,460708,22917,2300.0,False,UNPLAYABLE,https://www.youtube.com/watch?v=o5-JhJLLW60,2026-08-24T15:51:13+00:00,,it's time to turn the page.,0,0,0,0,0,0,0,0,0,0,106,2024-11-04,0.04974300424563932,0.004992316174236176,13.040521886222665,-2.9498419587883817
sM2HPv3hcVk,2024-11-04,Democratic,candidate,harris,Kamala Harris,UC0XBsJpPhOLg0k4x9ZwrWzw,UC0XBsJpPhOLg0k4x9ZwrWzw,40,YouTube Shorts,I will be a president for all Americans.,"Help Vice President Kamala Harris and Governor Tim Walz put policies in place that protect our fundamental freedoms and defeat Donald Trump and MAGA Republicans this election. Take action at https://go.kamalaharris.com.
--------------------------------------
Follow Vice President Kamala Harris!

Kamala's Twitter: https://twitter.com/KamalaHarris
Kamala's Tiktok: https://tiktok.com/@kamalaharris
Kamala’s Instagram: https://www.instagram.com/KamalaHarris  
Kamala's Twitch: https://www.twitch.tv/kamalaharris
Kamala's Facebook: https://www.facebook.com/KamalaHarris
Kamala's Threads: https://www.threads.net/@kamalaharris

#KamalaHarris #Harris2024 #shorts #election #youtubeshorts #election2024",19,484659,14890,1700.0,False,UNPLAYABLE,https://www.youtube.com/watch?v=sM2HPv3hcVk,2026-08-24T15:51:16+00:00,,i will be a president for all americans.,0,0,0,0,0,0,0,0,0,1,106,2024-11-04,0.03072263178853586,0.003507620822062522,13.091202893154705,-3.451518723158506
u8WgMeI7T24,2024-11-04,Democratic,candidate,harris,Kamala Harris,UC0XBsJpPhOLg0k4x9ZwrWzw,UC0XBsJpPhOLg0k4x9ZwrWzw,45,YouTube Shorts,I will never forget where I come from.,"And I will never stop fighting for working and middle class families. Help Vice President Kamala Harris and Governor Tim Walz put policies in place that protect our fundamental freedoms and defeat Donald Trump and MAGA Republicans this election. Take action at https://go.kamalaharris.com.
--------------------------------------
Follow Vice President Kamala Harris!

Kamala's Twitter: https://twitter.com/KamalaHarris
Kamala's Tiktok: https://tiktok.com/@kamalaharris
Kamala’s Instagram: https://www.instagram.com/KamalaHarris  
Kamala's Twitch: https://www.twitch.tv/kamalaharris
Kamala's Facebook: https://www.facebook.com/KamalaHarris
Kamala's Threads: https://www.threads.net/@kamalaharris

#KamalaHarris #Harris2024 #shorts #election #youtubeshorts #election2024",44,51233,4526,366.0,False,UNPLAYABLE,https://www.youtube.com/watch?v=u8WgMeI7T24,2026-08-24T15:51:21+00:00,,i will never forget where i come from.,0,0,0,0,0,0,0,0,0,1,106,2024-11-04,0.08834149864345246,0.007143833076337517,10.844158653135661,-2.3339557374184974
w3ZjpaBzfJ0,2024-11-04,Democratic,candidate,harris,Kamala Harris,UC0XBsJpPhOLg0k4x9ZwrWzw,UC0XBsJpPhOLg0k4x9ZwrWzw,34,YouTube Shorts,"Philadelphia, are you ready to make your voices heard?","Help Vice President Kamala Harris and Governor Tim Walz put policies in place that protect our fundamental freedoms and defeat Donald Trump and MAGA Republicans this election. Take action at https://go.kamalaharris.com.
--------------------------------------
Follow Vice President Kamala Harris!

Kamala's Twitter: https://twitter.com/KamalaHarris
Kamala's Tiktok: https://tiktok.com/@kamalaharris
Kamala’s Instagram: https://www.instagram.com/KamalaHarris  
Kamala's Twitch: https://www.twitch.tv/kamalaharris
Kamala's Facebook: https://www.facebook.com/KamalaHarris
Kamala's Threads: https://www.threads.net/@kamalaharris

#KamalaHarris #Harris2024",33,236129,15785,1100.0,False,UNPLAYABLE,https://www.youtube.com/watch?v=w3ZjpaBzfJ0,2026-08-24T15:51:12+00:00,,"philadelphia, are you ready to make your voices heard?",0,0,0,0,0,0,0,0,0,0,106,2024-11-04,0.06684905284823127,0.004658470581758277,12.372137779804605,-2.6361004335363116
EDY5P0tOxDk,2024-11-04,Republican,party,rnc,GOP,UC3o7kbpTUQ5-0WTMIp8sVwA,UC3o7kbpTUQ5-0WTMIp8sVwA,56,YouTube Shorts,Make A Plan!,"Make A Plan!

SWAMPTHEVOTEUSA.COM",16,1004,50,2.0,False,UNPLAYABLE,https://www.youtube.com/watch?v=EDY5P0tOxDk,2026-08-24T15:49:03+00:00,,make a plan!,0,0,0,0,0,0,0,0,0,0,106,2024-11-04,0.049800796812749,0.00199203187250996,6.912742820493176,-2.9392143068844883
PupQ_UvtZnc,2024-11-04,Republican,party,rnc,GOP,UC3o7kbpTUQ5-0WTMIp8sVwA,UC3o7kbpTUQ5-0WTMIp8sVwA,55,YouTube Shorts,That one day out feeling!,That one day out feeling! 🕺,9,5109,353,50.0,False,UNPLAYABLE,https://www.youtube.com/watch?v=PupQ_UvtZnc,2026-08-24T15:49:04+00:00,,that one day out feeling!,0,0,0,0,0,0,0,0,0,0,106,2024-11-04,0.06909375611665688,0.009786651008025053,8.53895468319775,-2.599383897309884
U0yf5lcUYpw,2024-11-04,Republican,party,rnc,GOP,UC3o7kbpTUQ5-0WTMIp8sVwA,UC3o7kbpTUQ5-0WTMIp8sVwA,53,YouTube Shorts,"Kamala broke it, Trump will fix it!","Kamala broke it, Trump will fix it!",17,3166,197,18.0,False,UNPLAYABLE,https://www.youtube.com/watch?v=U0yf5lcUYpw,2026-08-24T15:49:13+00:00,,"kamala broke it, trump will fix it!",1,1,0,0,0,0,0,0,0,0,106,2024-11-04,0.0622236260265319,0.005685407454200884,8.06054004653864,-2.7104102831147383
UJUu6nzej28,2024-11-04,Republican,party,rnc,GOP,UC3o7kbpTUQ5-0WTMIp8sVwA,UC3o7kbpTUQ5-0WTMIp8sVwA,54,YouTube Shorts,VOTE! VOTE! VOTE!,VOTE! VOTE! VOTE!,48,825,44,5.0,False,UNPLAYABLE,https://www.youtube.com/watch?v=UJUu6nzej28,2026-08-24T15:49:21+00:00,,vote! vote! vote!,0,0,0,0,1,0,0,0,0,0,106,2024-11-04,0.05333333333333334,0.006060606060606061,6.716594773520978,-2.865725960689337
1PbRM-7so28,2024-11-05,Democratic,candidate,harris,Kamala Harris,UC0XBsJpPhOLg0k4x9ZwrWzw,UC0XBsJpPhOLg0k4x9ZwrWzw,33,YouTube Shorts,"When we vote, we win. Are you ready to make your voices heard?","Help Vice President Kamala Harris and Governor Tim Walz put policies in place that protect our fundamental freedoms and defeat Donald Trump and MAGA Republicans this election. Take action at https://go.kamalaharris.com.
--------------------------------------
Follow Vice President Kamala Harris!

Kamala's Twitter: https://twitter.com/KamalaHarris
Kamala's Tiktok: https://tiktok.com/@kamalaharris
Kamala’s Instagram: https://www.instagram.com/KamalaHarris  
Kamala's Twitch: https://www.twitch.tv/kamalaharris
Kamala's Facebook: https://www.facebook.com/KamalaHarris
Kamala's Threads: https://www.threads.net/@kamalaharris

#KamalaHarris #Harris2024",26,157837,10890,1000.0,False,UNPLAYABLE,https://www.youtube.com/watch?v=1PbRM-7so28,2026-08-24T15:51:12+00:00,,"when we vote, we win. are you ready to make your voices heard?",0,0,0,0,1,0,0,0,0,1,107,2024-11-04,0.06899522925549777,0.006335650069375368,11.969324469556918,-2.602184530557749
BNlr-DJl6hs,2024-11-05,Democratic,candidate,harris,Kamala Harris,UC0XBsJpPhOLg0k4x9ZwrWzw,UC0XBsJpPhOLg0k4x9ZwrWzw,24,YouTube Shorts,To everyone who has worked hard and brought back the joy during this campaign—thank you.,"Help Vice President Kamala Harris and Governor Tim Walz put policies in place that protect our fundamental freedoms and defeat Donald Trump and MAGA Republicans this election. Take action at https://go.kamalaharris.com.
--------------------------------------
Follow Vice President Kamala Harris!

Kamala's Twitter: https://twitter.com/KamalaHarris
Kamala's Tiktok: https://tiktok.com/@kamalaharris
Kamala’s Instagram: https://www.instagram.com/KamalaHarris  
Kamala's Twitch: https://www.twitch.tv/kamalaharris
Kamala's Facebook: https://www.facebook.com/KamalaHarris
Kamala's Threads: https://www.threads.net/@kamalaharris

#KamalaHarris #Harris2024 #shorts #election #youtubeshorts #election2024",29,164240,7648,1200.0,False,UNPLAYABLE,https://www.youtube.com/watch?v=BNlr-DJl6hs,2026-08-24T15:51:15+00:00,,to everyone who has worked hard and brought back the joy during this campaign-thank you.,0,0,0,0,0,0,0,1,0,0,107,2024-11-04,0.04656600097418412,0.007306380905991232,12.009090140325034,-3.0191373395083203
TkiytaymZjQ,2024-11-05,Democratic,candidate,harris,Kamala Harris,UC0XBsJpPhOLg0k4x9ZwrWzw,UC0XBsJpPhOLg0k4x9ZwrWzw,32,YouTube Shorts,"When we fight, we win.","Help Vice President Kamala Harris and Governor Tim Walz put policies in place that protect our fundamental freedoms and defeat Donald Trump and MAGA Republicans this election. Take action at https://go.kamalaharris.com.
--------------------------------------
Follow Vice President Kamala Harris!

Kamala's Twitter: https://twitter.com/KamalaHarris
Kamala's Tiktok: https://tiktok.com/@kamalaharris
Kamala’s Instagram: https://www.instagram.com/KamalaHarris  
Kamala's Twitch: https://www.twitch.tv/kamalaharris
Kamala's Facebook: https://www.facebook.com/KamalaHarris
Kamala's Threads: https://www.threads.net/@kamalaharris

#KamalaHarris #Harris2024",24,281882,13258,1600.0,False,UNPLAYABLE,https://www.youtube.com/watch?v=TkiytaymZjQ,2026-08-24T15:51:07+00:00,,"when we fight, we win.",0,0,0,0,0,0,0,0,0,1,107,2024-11-04,0.04703386523438886,0.005676133985142719,12.54924737021106,-3.0086756374431154
a1mHgxj1Uh8,2024-11-05,Democratic,candidate,harris,Kamala Harris,UC0XBsJpPhOLg0k4x9ZwrWzw,UC0XBsJpPhOLg0k4x9ZwrWzw,30,YouTube Shorts,Let's win this.,"Help Vice President Kamala Harris and Governor Tim Walz put policies in place that protect our fundamental freedoms and defeat Donald Trump and MAGA Republicans this election. Take action at https://go.kamalaharris.com.
--------------------------------------
Follow Vice President Kamala Harris!

Kamala's Twitter: https://twitter.com/KamalaHarris
Kamala's Tiktok: https://tiktok.com/@kamalaharris
Kamala’s Instagram: https://www.instagram.com/KamalaHarris  
Kamala's Twitch: https://www.twitch.tv/kamalaharris
Kamala's Facebook: https://www.facebook.com/KamalaHarris
Kamala's Threads: https://www.threads.net/@kamalaharris

#KamalaHarris #Harris2024 #shorts #election #youtubeshorts #election2024",25,373300,15814,1600.0,False,UNPLAYABLE,https://www.youtube.com/watch?v=a1mHgxj1Uh8,2026-08-24T15:51:10+00:00,,let's win this.,0,0,0,0,1,0,0,0,0,0,107,2024-11-04,0.042362710956335384,0.004286096972944013,12.830140343709695,-3.1181703584803118
a2MdElzoGs8,2024-11-05,Democratic,candidate,harris,Kamala Harris,UC0XBsJpPhOLg0k4x9ZwrWzw,UC0XBsJpPhOLg0k4x9ZwrWzw,29,YouTube Shorts,The joys of being on the campaign trail.,"Help Vice President Kamala Harris and Governor Tim Walz put policies in place that protect our fundamental freedoms and defeat Donald Trump and MAGA Republicans this election. Take action at https://go.kamalaharris.com.
--------------------------------------
Follow Vice President Kamala Harris!

Kamala's Twitter: https://twitter.com/KamalaHarris
Kamala's Tiktok: https://tiktok.com/@kamalaharris
Kamala’s Instagram: https://www.instagram.com/KamalaHarris  
Kamala's Twitch: https://www.twitch.tv/kamalaharris
Kamala's Facebook: https://www.facebook.com/KamalaHarris
Kamala's Threads: https://www.threads.net/@kamalaharris

#KamalaHarris #Harris2024 #shorts #election #youtubeshorts #election2024",13,391541,20301,1300.0,False,UNPLAYABLE,https://www.youtube.com/watch?v=a2MdElzoGs8,2026-08-24T15:51:24+00:00,,the joys of being on the campaign trail.,0,0,0,0,0,0,0,0,0,0,107,2024-11-04,0.0518489762247121,0.0033202142304381917,12.877848068352426,-2.9061553256204045
bIf81eDXwpQ,2024-11-05,Democratic,candidate,harris,Kamala Harris,UC0XBsJpPhOLg0k4x9ZwrWzw,UC0XBsJpPhOLg0k4x9ZwrWzw,31,YouTube Shorts,"Love you, Dougie.","Help Vice President Kamala Harris and Governor Tim Walz put policies in place that protect our fundamental freedoms and defeat Donald Trump and MAGA Republicans this election. Take action at https://go.kamalaharris.com.
--------------------------------------
Follow Vice President Kamala Harris!

Kamala's Twitter: https://twitter.com/KamalaHarris
Kamala's Tiktok: https://tiktok.com/@kamalaharris
Kamala’s Instagram: https://www.instagram.com/KamalaHarris  
Kamala's Twitch: https://www.twitch.tv/kamalaharris
Kamala's Facebook: https://www.facebook.com/KamalaHarris
Kamala's Threads: https://www.threads.net/@kamalaharris

#KamalaHarris #Harris2024",12,765894,29235,1600.0,False,UNPLAYABLE,https://www.youtube.com/watch?v=bIf81eDXwpQ,2026-08-24T15:51:07+00:00,,"love you, dougie.",0,0,0,0,0,0,1,0,0,0,107,2024-11-04,0.03817107850433611,0.0020890619328523268,13.548800363608978,-3.226742053020442
mViWZGr0WIs,2024-11-05,Democratic,candidate,harris,Kamala Harris,UC0XBsJpPhOLg0k4x9ZwrWzw,UC0XBsJpPhOLg0k4x9ZwrWzw,27,YouTube Shorts,"Get out there and vote, America.","Help Vice President Kamala Harris and Governor Tim Walz put policies in place that protect our fundamental freedoms and defeat Donald Trump and MAGA Republicans this election. Take action at https://go.kamalaharris.com.
--------------------------------------
Follow Vice President Kamala Harris!

Kamala's Twitter: https://twitter.com/KamalaHarris
Kamala's Tiktok: https://tiktok.com/@kamalaharris
Kamala’s Instagram: https://www.instagram.com/KamalaHarris  
Kamala's Twitch: https://www.twitch.tv/kamalaharris
Kamala's Facebook: https://www.facebook.com/KamalaHarris
Kamala's Threads: https://www.threads.net/@kamalaharris

#KamalaHarris #Harris2024 #shorts #election #election2024 #youtubeshorts",18,212801,10851,2000.0,False,UNPLAYABLE,https://www.youtube.com/watch?v=mViWZGr0WIs,2026-08-24T15:51:17+00:00,,"get out there and vote, america.",0,0,0,0,1,0,0,0,0,0,107,2024-11-04,0.05099130173260464,0.009398452074943256,12.2681174349017,-2.923719298587815
q8aky3hWXik,2024-11-05,Democratic,candidate,harris,Kamala Harris,UC0XBsJpPhOLg0k4x9ZwrWzw,UC0XBsJpPhOLg0k4x9ZwrWzw,28,YouTube Shorts,"When we vote, we win.","Help Vice President Kamala Harris and Governor Tim Walz put policies in place that protect our fundamental freedoms and defeat Donald Trump and MAGA Republicans this election. Take action at https://go.kamalaharris.com.
--------------------------------------
Follow Vice President Kamala Harris!

Kamala's Twitter: https://twitter.com/KamalaHarris
Kamala's Tiktok: https://tiktok.com/@kamalaharris
Kamala’s Instagram: https://www.instagram.com/KamalaHarris  
Kamala's Twitch: https://www.twitch.tv/kamalaharris
Kamala's Facebook: https://www.facebook.com/KamalaHarris
Kamala's Threads: https://www.threads.net/@kamalaharris

#KamalaHarris #Harris2024 #shorts #election #youtubeshorts #election2024",42,173553,8726,966.0,False,UNPLAYABLE,https://www.youtube.com/watch?v=q8aky3hWXik,2026-08-24T15:51:08+00:00,,"when we vote, we win.",0,0,0,0,1,0,0,0,0,1,107,2024-11-04,0.05027858924939356,0.005566023059238388,12.064244069137265,-2.9385350994035844
sGwIanon8_E,2024-11-05,Democratic,candidate,harris,Kamala Harris,UC0XBsJpPhOLg0k4x9ZwrWzw,UC0XBsJpPhOLg0k4x9ZwrWzw,23,YouTube Shorts,Our campaign wouldn’t be possible without people like Nicole. Thank you for everything.,"Help Vice President Kamala Harris and Governor Tim Walz put policies in place that protect our fundamental freedoms and defeat Donald Trump and MAGA Republicans this election. Take action at https://go.kamalaharris.com.
--------------------------------------
Follow Vice President Kamala Harris!

Kamala's Twitter: https://twitter.com/KamalaHarris
Kamala's Tiktok: https://tiktok.com/@kamalaharris
Kamala’s Instagram: https://www.instagram.com/KamalaHarris  
Kamala's Twitch: https://www.twitch.tv/kamalaharris
Kamala's Facebook: https://www.facebook.com/KamalaHarris
Kamala's Threads: https://www.threads.net/@kamalaharris

#KamalaHarris #Harris2024 #shorts #election #youtubeshorts #election2024",60,846321,28202,6000.0,False,UNPLAYABLE,https://www.youtube.com/watch?v=sGwIanon8_E,2026-08-24T15:51:09+00:00,,our campaign wouldn't be possible without people like nicole. thank you for everything.,0,0,0,0,0,0,0,0,0,1,107,2024-11-04,0.0333230535458768,0.007089508590712034,13.648655180830186,-3.367597787455553
yVJdVda_lCY,2024-11-05,Democratic,candidate,harris,Kamala Harris,UC0XBsJpPhOLg0k4x9ZwrWzw,UC0XBsJpPhOLg0k4x9ZwrWzw,25,YouTube Shorts,"I love Gen Z, and I am grateful to our first-time voters for making their voices heard.","Help Vice President Kamala Harris and Governor Tim Walz put policies in place that protect our fundamental freedoms and defeat Donald Trump and MAGA Republicans this election. Take action at https://go.kamalaharris.com.
--------------------------------------
Follow Vice President Kamala Harris!

Kamala's Twitter: https://twitter.com/KamalaHarris
Kamala's Tiktok: https://tiktok.com/@kamalaharris
Kamala’s Instagram: https://www.instagram.com/KamalaHarris  
Kamala's Twitch: https://www.twitch.tv/kamalaharris
Kamala's Facebook: https://www.facebook.com/KamalaHarris
Kamala's Threads: https://www.threads.net/@kamalaharris

#KamalaHarris #Harris2024",47,360094,17069,1700.0,False,UNPLAYABLE,https://www.youtube.com/watch?v=yVJdVda_lCY,2026-08-24T15:51:13+00:00,,"i love gen z, and i am grateful to our first-time voters for making their voices heard.",0,0,0,0,0,0,0,0,0,1,107,2024-11-04,0.047401511827467276,0.004720989519403267,12.794123164508633,-3.0005115432026
zfsNIpBYRdc,2024-11-05,Democratic,candidate,harris,Kamala Harris,UC0XBsJpPhOLg0k4x9ZwrWzw,UC0XBsJpPhOLg0k4x9ZwrWzw,26,YouTube Shorts,Hopped on the phone to speak with voters (and one future voter) today.,"Help Vice President Kamala Harris and Governor Tim Walz put policies in place that protect our fundamental freedoms and defeat Donald Trump and MAGA Republicans this election. Take action at https://go.kamalaharris.com.
--------------------------------------
Follow Vice President Kamala Harris!

Kamala's Twitter: https://twitter.com/KamalaHarris
Kamala's Tiktok: https://tiktok.com/@kamalaharris
Kamala’s Instagram: https://www.instagram.com/KamalaHarris  
Kamala's Twitch: https://www.twitch.tv/kamalaharris
Kamala's Facebook: https://www.facebook.com/KamalaHarris
Kamala's Threads: https://www.threads.net/@kamalaharris

#KamalaHarris #Harris2024",55,322723,15025,1000.0,False,UNPLAYABLE,https://www.youtube.com/watch?v=zfsNIpBYRdc,2026-08-24T15:51:20+00:00,,hopped on the phone to speak with voters (and one future voter) today.,0,0,0,0,0,0,0,0,0,0,107,2024-11-04,0.04655695441601621,0.0030986325734453386,12.684552747756738,-3.0193716497001946
Pj5VOhomV2U,2024-11-05,Republican,party,rnc,GOP,UC3o7kbpTUQ5-0WTMIp8sVwA,UC3o7kbpTUQ5-0WTMIp8sVwA,52,YouTube Shorts,The feeling you get after voting for President Trump,The feeling you get after voting for President Trump 🎉,26,8892,575,39.0,False,UNPLAYABLE,https://www.youtube.com/watch?v=Pj5VOhomV2U,2026-08-24T15:49:20+00:00,,the feeling you get after voting for president trump,0,1,0,0,1,0,0,0,0,0,107,2024-11-04,0.06466486729644624,0.0043859649122807015,9.09301972939964,-2.6708777797306946
