video_id,upload_date,party,actor_type,account_slug,account_name,channel_id_expected,channel_id_observed,playlist_index,format,title,description,duration_seconds,view_count,like_count,comment_count,is_live_content,playability_status,source_url,retrieved_at_utc,error
f6hcPwHIGc0,2024-07-23,Democratic,candidate,harris,Kamala Harris,UC0XBsJpPhOLg0k4x9ZwrWzw,UC0XBsJpPhOLg0k4x9ZwrWzw,178,YouTube Shorts,Vice President Kamala Harris Knows Donald Trump’s Type | Harris 2024,"Before I became vice president and before I was elected as U.S. senator, I was the attorney general of California. Before that, I was a prosecutor who took on predators, fraudsters, and cheaters.

So I know Donald Trump’s type. 

In this campaign, I will put my record against his.",47,215179,10575,1600,False,UNPLAYABLE,https://www.youtube.com/watch?v=f6hcPwHIGc0,2026-08-24T15:52:38+00:00,
znewO-GkNCs,2024-07-24,Democratic,candidate,harris,Kamala Harris,UC0XBsJpPhOLg0k4x9ZwrWzw,UC0XBsJpPhOLg0k4x9ZwrWzw,177,YouTube Shorts,Vice President Kamala Harris Trusts Women | Harris 2024,"We who believe in reproductive freedom will stop Donald Trump's extreme abortion bans—because we trust women to make decisions about their bodies.

When Congress passes a law to restore reproductive freedoms, as president, I will sign it into law.

--------------------------------------
Follow Kamala!

Kamala's Twitter: https://twitter.com/KamalaHarris
Kamala's Facebook: https://www.facebook.com/KamalaHarris
Kamala’s Instagram: https://www.instagram.com/KamalaHarris  
Kamala's Threads: https://www.threads.net/@kamalaharris

#KamalaHarris #Harris2024 #shorts",43,306837,12505,2200,False,UNPLAYABLE,https://www.youtube.com/watch?v=znewO-GkNCs,2026-08-24T15:52:38+00:00,
qGd4-MKK5_s,2024-07-24,Republican,party,rnc,GOP,UC3o7kbpTUQ5-0WTMIp8sVwA,UC3o7kbpTUQ5-0WTMIp8sVwA,214,YouTube Shorts,Kamala Harris ranked #1 most liberal!,Kamala Harris ranked #1 most liberal!,24,6491,144,18,False,UNPLAYABLE,https://www.youtube.com/watch?v=qGd4-MKK5_s,2026-08-24T15:50:26+00:00,
iwEqKl4TW94,2024-07-25,Republican,party,rnc,GOP,UC3o7kbpTUQ5-0WTMIp8sVwA,UC3o7kbpTUQ5-0WTMIp8sVwA,213,YouTube Shorts,Border Czar Kamala Harris has overseen the worst border crisis in U.S. history.,Border Czar Kamala Harris has been lying to the American people. She has overseen the worst border crisis in U.S. history.,25,545,58,12,False,UNPLAYABLE,https://www.youtube.com/watch?v=iwEqKl4TW94,2026-08-24T15:50:25+00:00,
G99ErF3z5bg,2024-07-26,Republican,party,rnc,GOP,UC3o7kbpTUQ5-0WTMIp8sVwA,UC3o7kbpTUQ5-0WTMIp8sVwA,209,YouTube Shorts,President Trump will restore the American Dream!,,36,5193,266,13,False,UNPLAYABLE,https://www.youtube.com/watch?v=G99ErF3z5bg,2026-08-24T15:50:23+00:00,
UHYecEi6L7E,2024-07-26,Republican,party,rnc,GOP,UC3o7kbpTUQ5-0WTMIp8sVwA,UC3o7kbpTUQ5-0WTMIp8sVwA,211,YouTube Shorts,"Prices are up, real wages are down, and Americans are hurting.","Prices are up, real wages are down, and Americans are hurting. ""Bidenomics"" did not work, and Harris owns it.",26,1832,85,7,False,UNPLAYABLE,https://www.youtube.com/watch?v=UHYecEi6L7E,2026-08-24T15:50:24+00:00,
tw2Tr_bGE0I,2024-07-26,Republican,party,rnc,GOP,UC3o7kbpTUQ5-0WTMIp8sVwA,UC3o7kbpTUQ5-0WTMIp8sVwA,210,YouTube Shorts,President Trump greets Prime Minister Netanyahu at Mar-a-Lago,,22,12266,486,36,False,UNPLAYABLE,https://www.youtube.com/watch?v=tw2Tr_bGE0I,2026-08-24T15:50:31+00:00,
ty9KYFmz3aA,2024-07-26,Republican,party,rnc,GOP,UC3o7kbpTUQ5-0WTMIp8sVwA,UC3o7kbpTUQ5-0WTMIp8sVwA,212,YouTube Shorts,Kamala Harris can't be trusted!,Kamala Harris can't be trusted!,35,590,151,12,False,UNPLAYABLE,https://www.youtube.com/watch?v=ty9KYFmz3aA,2026-08-24T15:50:25+00:00,
GHYnG-YD7pE,2024-07-27,Republican,party,rnc,GOP,UC3o7kbpTUQ5-0WTMIp8sVwA,UC3o7kbpTUQ5-0WTMIp8sVwA,208,YouTube Shorts,Kamala Harris cannot be trusted.,Harris LIED and knowingly covered up Biden's obvious cognitive decline! She cannot be trusted.,41,779,120,11,False,UNPLAYABLE,https://www.youtube.com/watch?v=GHYnG-YD7pE,2026-08-24T15:50:24+00:00,
afaEW6En3Tk,2024-07-27,Republican,party,rnc,GOP,UC3o7kbpTUQ5-0WTMIp8sVwA,UC3o7kbpTUQ5-0WTMIp8sVwA,207,YouTube Shorts,Democrats are not the party of democracy.,,29,2312,187,12,False,UNPLAYABLE,https://www.youtube.com/watch?v=afaEW6En3Tk,2026-08-24T15:50:24+00:00,
bjw8fvzOYGs,2024-07-28,Republican,party,rnc,GOP,UC3o7kbpTUQ5-0WTMIp8sVwA,UC3o7kbpTUQ5-0WTMIp8sVwA,206,YouTube Shorts,President Trump took a bullet for democracy!,,17,765,177,5,False,UNPLAYABLE,https://www.youtube.com/watch?v=bjw8fvzOYGs,2026-08-24T15:50:21+00:00,
3wk3QevWIEM,2024-07-29,Republican,party,rnc,GOP,UC3o7kbpTUQ5-0WTMIp8sVwA,UC3o7kbpTUQ5-0WTMIp8sVwA,205,YouTube Shorts,Kamala Harris doesn't respect young voters.,"Kamala Harris doesn't respect young voters. 

In her words, she thinks ""they are stupid.""",15,15421,378,59,False,UNPLAYABLE,https://www.youtube.com/watch?v=3wk3QevWIEM,2026-08-24T15:50:25+00:00,
9vjupC15wPM,2024-07-29,Republican,party,rnc,GOP,UC3o7kbpTUQ5-0WTMIp8sVwA,UC3o7kbpTUQ5-0WTMIp8sVwA,204,YouTube Shorts,Kamala Harris is dangerously liberal.,Kamala Harris is dangerously liberal.,23,9041,366,34,False,UNPLAYABLE,https://www.youtube.com/watch?v=9vjupC15wPM,2026-08-24T15:50:21+00:00,
MmCS1tIe01k,2024-07-30,Republican,party,rnc,GOP,UC3o7kbpTUQ5-0WTMIp8sVwA,UC3o7kbpTUQ5-0WTMIp8sVwA,202,YouTube Shorts,"Kamala and Democrats have only ""delivered"" more hardship for the American people.","Kamala and Democrats have only ""delivered"" more hardship for the American people.",25,564,88,13,False,UNPLAYABLE,https://www.youtube.com/watch?v=MmCS1tIe01k,2026-08-24T15:50:25+00:00,
dAcr5YggN2g,2024-07-30,Republican,party,rnc,GOP,UC3o7kbpTUQ5-0WTMIp8sVwA,UC3o7kbpTUQ5-0WTMIp8sVwA,203,YouTube Shorts,Kamala is dangerously liberal,"Don't be fooled. Kamala Harris is a radical. 

She is dangerously liberal.",15,6752,176,36,False,UNPLAYABLE,https://www.youtube.com/watch?v=dAcr5YggN2g,2026-08-24T15:50:20+00:00,
3RnKbtm9Tz4,2024-07-31,Republican,party,rnc,GOP,UC3o7kbpTUQ5-0WTMIp8sVwA,UC3o7kbpTUQ5-0WTMIp8sVwA,201,YouTube Shorts,Kamala is lying to you.,"Kamala is lying to you. 

On her watch, the tax burden has been raised on Americans making as little as $20,000.",26,659,115,8,False,UNPLAYABLE,https://www.youtube.com/watch?v=3RnKbtm9Tz4,2026-08-24T15:50:19+00:00,
Q1vFx41kgxo,2024-07-31,Republican,party,rnc,GOP,UC3o7kbpTUQ5-0WTMIp8sVwA,UC3o7kbpTUQ5-0WTMIp8sVwA,200,YouTube Shorts,Kamala Harris urged the Senate to reject additional Border Patrol Agents,"Kamala Harris continues to lie to the American people.

When President Trump requested additional Border Patrol Agents, Kamala Harris urged the Senate to reject his request.",20,461,53,5,False,UNPLAYABLE,https://www.youtube.com/watch?v=Q1vFx41kgxo,2026-08-24T15:50:20+00:00,
nNXY6ju7v_Q,2024-08-01,Republican,party,rnc,GOP,UC3o7kbpTUQ5-0WTMIp8sVwA,UC3o7kbpTUQ5-0WTMIp8sVwA,199,YouTube Shorts,"FACT CHECK: Under Harris-Biden, Americans have faced lower wages and skyrocketing inflation.","FACT CHECK: Under Harris-Biden, Americans have faced lower wages and skyrocketing inflation.",20,711,121,8,False,UNPLAYABLE,https://www.youtube.com/watch?v=nNXY6ju7v_Q,2026-08-24T15:50:25+00:00,
aKkESx8Qfp0,2024-08-02,Republican,party,rnc,GOP,UC3o7kbpTUQ5-0WTMIp8sVwA,UC3o7kbpTUQ5-0WTMIp8sVwA,198,YouTube Shorts,President Trump will protect Medicare and Social Security. Kamala is lying to you!,President Trump will protect Medicare and Social Security. Kamala is lying to you!,20,803,120,18,False,UNPLAYABLE,https://www.youtube.com/watch?v=aKkESx8Qfp0,2026-08-24T15:50:19+00:00,
WXqFZF73vsc,2024-08-04,Republican,party,rnc,GOP,UC3o7kbpTUQ5-0WTMIp8sVwA,UC3o7kbpTUQ5-0WTMIp8sVwA,197,YouTube Shorts,USA USA USA!🇺🇸,USA USA USA!🇺🇸,28,831,100,2,False,UNPLAYABLE,https://www.youtube.com/watch?v=WXqFZF73vsc,2026-08-24T15:50:19+00:00,
__4Fj7DrM8Y,2024-08-06,Democratic,candidate,harris,Kamala Harris,UC0XBsJpPhOLg0k4x9ZwrWzw,UC0XBsJpPhOLg0k4x9ZwrWzw,176,YouTube Shorts,"Let’s compare @Tim_Walz’s resume to that of Trump’s running mate, shall we? | Harris 2024","--------------------------------------
Follow Kamala!

Kamala's Twitter: https://twitter.com/KamalaHarris
Kamala's Facebook: https://www.facebook.com/KamalaHarris
Kamala’s Instagram: https://www.instagram.com/KamalaHarris  
Kamala's Threads: https://www.threads.net/@kamalaharris

#KamalaHarris #Harris2024",39,1063868,20611,2200,False,UNPLAYABLE,https://www.youtube.com/watch?v=__4Fj7DrM8Y,2026-08-24T15:52:38+00:00,
PIV6LEa7L_M,2024-08-06,Republican,party,rnc,GOP,UC3o7kbpTUQ5-0WTMIp8sVwA,UC3o7kbpTUQ5-0WTMIp8sVwA,195,YouTube Shorts,"""Radical"" Kamala 🤝 Socialist Walz","""Radical"" Kamala 🤝 Socialist Walz",17,2717,93,11,False,UNPLAYABLE,https://www.youtube.com/watch?v=PIV6LEa7L_M,2026-08-24T15:50:16+00:00,
YKJbeeRmZ2M,2024-08-06,Republican,party,rnc,GOP,UC3o7kbpTUQ5-0WTMIp8sVwA,UC3o7kbpTUQ5-0WTMIp8sVwA,196,YouTube Shorts,Dangerously liberal Harris and Walz support “sanctuary” cities that protect criminal illegal aliens,Dangerously liberal Kamala Harris and Tim Walz support “sanctuary” cities that protect criminal illegal aliens,22,2592,63,9,False,UNPLAYABLE,https://www.youtube.com/watch?v=YKJbeeRmZ2M,2026-08-24T15:50:17+00:00,
Dj69tvtSNn8,2024-08-07,Republican,party,rnc,GOP,UC3o7kbpTUQ5-0WTMIp8sVwA,UC3o7kbpTUQ5-0WTMIp8sVwA,193,YouTube Shorts,"Tim Walz was asked by his country to go to Iraq, he dropped out","""When the US Marine Corps asked me to go to Iraq to serve my country, I did it...When Tim Walz was asked by his country to go to Iraq, he dropped out."" - JD Vance",28,2194,119,19,False,UNPLAYABLE,https://www.youtube.com/watch?v=Dj69tvtSNn8,2026-08-24T15:50:15+00:00,
cpLFLOpLZsE,2024-08-07,Republican,party,rnc,GOP,UC3o7kbpTUQ5-0WTMIp8sVwA,UC3o7kbpTUQ5-0WTMIp8sVwA,192,YouTube Shorts,"Even CNN called it ""absolutely false"" that Tim Walz ""carried"" weapons ""in war.""","Even CNN called it ""absolutely false"" that Tim Walz ""carried"" weapons ""in war.""",26,969,86,6,False,UNPLAYABLE,https://www.youtube.com/watch?v=cpLFLOpLZsE,2026-08-24T15:50:15+00:00,
exe4VycgsBM,2024-08-07,Republican,party,rnc,GOP,UC3o7kbpTUQ5-0WTMIp8sVwA,UC3o7kbpTUQ5-0WTMIp8sVwA,194,YouTube Shorts,JD Vance Speaks to Reporters Since Kamala Won't,,29,8973,174,32,False,UNPLAYABLE,https://www.youtube.com/watch?v=exe4VycgsBM,2026-08-24T15:50:19+00:00,
A-k90HFEk0Y,2024-08-08,Republican,party,rnc,GOP,UC3o7kbpTUQ5-0WTMIp8sVwA,UC3o7kbpTUQ5-0WTMIp8sVwA,189,YouTube Shorts,"President Trump: ""'Sanctuary cities' is a way of protecting criminals.”","President Trump: “We should not have 'sanctuary cities.' 'Sanctuary cities' is a way of protecting criminals.”

Kamala Harris: “I support our 'sanctuary' law.”",15,11558,711,79,False,UNPLAYABLE,https://www.youtube.com/watch?v=A-k90HFEk0Y,2026-08-24T15:50:14+00:00,
DhLx9XCLqbk,2024-08-08,Republican,party,rnc,GOP,UC3o7kbpTUQ5-0WTMIp8sVwA,UC3o7kbpTUQ5-0WTMIp8sVwA,190,YouTube Shorts,President Trump will unleash American energy and Make America Energy Dominant Again!,"Kamala co-sponsored the radical Green New Deal that would destroy American energy production and cost $93 trillion. 

President Trump will unleash American energy and Make America Energy Dominant Again!",22,684,83,7,False,UNPLAYABLE,https://www.youtube.com/watch?v=DhLx9XCLqbk,2026-08-24T15:50:20+00:00,
w6PAVDSgK1I,2024-08-08,Republican,party,rnc,GOP,UC3o7kbpTUQ5-0WTMIp8sVwA,UC3o7kbpTUQ5-0WTMIp8sVwA,191,YouTube Shorts,Tim Walz lies.,Tim Walz lies.,18,714,93,11,False,UNPLAYABLE,https://www.youtube.com/watch?v=w6PAVDSgK1I,2026-08-24T15:50:14+00:00,
ZzYODSPTw64,2024-08-09,Republican,party,rnc,GOP,UC3o7kbpTUQ5-0WTMIp8sVwA,UC3o7kbpTUQ5-0WTMIp8sVwA,188,YouTube Shorts,President Trump: We will Make American Safe Again by enforcing our border laws.,"Kamala Harris: ""An undocumented immigrant is not a criminal."" 

President Trump: We will Make American Safe Again by enforcing our border laws.",31,822,114,16,False,UNPLAYABLE,https://www.youtube.com/watch?v=ZzYODSPTw64,2026-08-24T15:50:13+00:00,
2xNOfbESr4k,2024-08-12,Republican,party,rnc,GOP,UC3o7kbpTUQ5-0WTMIp8sVwA,UC3o7kbpTUQ5-0WTMIp8sVwA,187,YouTube Shorts,Harris has been in office for over 3.5 years. She has only raised prices on the American people!,Kamala Harris has been in office for over 3.5 years. She has only raised prices on the American people!,22,599,73,10,False,UNPLAYABLE,https://www.youtube.com/watch?v=2xNOfbESr4k,2026-08-24T15:50:12+00:00,
DLlbM0G4914,2024-08-13,Republican,party,rnc,GOP,UC3o7kbpTUQ5-0WTMIp8sVwA,UC3o7kbpTUQ5-0WTMIp8sVwA,186,YouTube Shorts,The only thing Kamala has been consistent about is lying.,"Kamala Harris cannot hide from her record on the border.

The only thing Kamala has been consistent about is lying.",24,577,89,6,False,UNPLAYABLE,https://www.youtube.com/watch?v=DLlbM0G4914,2026-08-24T15:50:14+00:00,
P-bF3COlLS4,2024-08-14,Republican,party,rnc,GOP,UC3o7kbpTUQ5-0WTMIp8sVwA,UC3o7kbpTUQ5-0WTMIp8sVwA,184,YouTube Shorts,"""‘Day One’ for Kamala was 3 and a half years ago.”","“Kamala has declared that tackling inflation will be a ‘Day One priority’… but ‘Day One’ for Kamala was 3 and a half years ago.”

-President Trump",20,10446,678,85,False,UNPLAYABLE,https://www.youtube.com/watch?v=P-bF3COlLS4,2026-08-24T15:50:11+00:00,
ob0O45yeFnc,2024-08-14,Republican,party,rnc,GOP,UC3o7kbpTUQ5-0WTMIp8sVwA,UC3o7kbpTUQ5-0WTMIp8sVwA,185,YouTube Shorts,Prices are up over 20% and families are falling behind under Harris-Biden.,"Prices are up over 20% and families are falling behind under Harris-Biden.

Things would only get worse with her at the helm",25,529,61,9,False,UNPLAYABLE,https://www.youtube.com/watch?v=ob0O45yeFnc,2026-08-24T15:50:12+00:00,
lmPFSH81zLQ,2024-08-15,Republican,party,rnc,GOP,UC3o7kbpTUQ5-0WTMIp8sVwA,UC3o7kbpTUQ5-0WTMIp8sVwA,183,YouTube Shorts,Kamala Harris has  been the architect for skyrocketing inflation from the beginning.,Kamala Harris has been in office for over 3.5 years and she has been the architect for skyrocketing inflation from the beginning.,20,594,79,5,False,UNPLAYABLE,https://www.youtube.com/watch?v=lmPFSH81zLQ,2026-08-24T15:50:10+00:00,
6lXCtni9CaA,2024-08-16,Republican,party,rnc,GOP,UC3o7kbpTUQ5-0WTMIp8sVwA,UC3o7kbpTUQ5-0WTMIp8sVwA,181,YouTube Shorts,"""But Day One, really, for Kamala was three and a half years ago.""",,18,4198,232,69,False,UNPLAYABLE,https://www.youtube.com/watch?v=6lXCtni9CaA,2026-08-24T15:50:10+00:00,
POQYWfHk-TU,2024-08-16,Republican,party,rnc,GOP,UC3o7kbpTUQ5-0WTMIp8sVwA,UC3o7kbpTUQ5-0WTMIp8sVwA,182,YouTube Shorts,“This announcement is an admission that her economic policies have totally failed.”,,18,1953,120,21,False,UNPLAYABLE,https://www.youtube.com/watch?v=POQYWfHk-TU,2026-08-24T15:50:16+00:00,
Wq3hWEgfhfM,2024-08-18,Republican,party,rnc,GOP,UC3o7kbpTUQ5-0WTMIp8sVwA,UC3o7kbpTUQ5-0WTMIp8sVwA,180,YouTube Shorts,Under President Trump America will lead the way!,Under President Trump America will lead the way!,37,3190,184,49,False,UNPLAYABLE,https://www.youtube.com/watch?v=Wq3hWEgfhfM,2026-08-24T15:50:08+00:00,
iyxa3eCv44U,2024-08-20,Democratic,party,dnc,The Democrats,UClkO4MArT2WKWj32YDD_-Ew,UClkO4MArT2WKWj32YDD_-Ew,769,YouTube Shorts,Secretary Hillary Clinton at the 2024 Democratic National Convention,,34,11344,316,98,False,UNPLAYABLE,https://www.youtube.com/watch?v=iyxa3eCv44U,2026-08-24T15:48:09+00:00,
cqBFQyAiz7s,2024-08-20,Republican,party,rnc,GOP,UC3o7kbpTUQ5-0WTMIp8sVwA,UC3o7kbpTUQ5-0WTMIp8sVwA,178,YouTube Shorts,The Harris-Biden administration have left our border wide open and put Americans at risk!,The Harris-Biden administration have left our border wide open and put Americans at risk!,20,573,88,7,False,UNPLAYABLE,https://www.youtube.com/watch?v=cqBFQyAiz7s,2026-08-24T15:50:07+00:00,
rGnHLxw6Tzs,2024-08-20,Republican,party,rnc,GOP,UC3o7kbpTUQ5-0WTMIp8sVwA,UC3o7kbpTUQ5-0WTMIp8sVwA,177,YouTube Shorts,VOTE TRUMP FOR NO TAX ON SOCIAL SECURITY!,VOTE TRUMP FOR NO TAX ON SOCIAL SECURITY!,18,2935,248,38,False,UNPLAYABLE,https://www.youtube.com/watch?v=rGnHLxw6Tzs,2026-08-24T15:50:07+00:00,
xj5mgER47RI,2024-08-20,Republican,party,rnc,GOP,UC3o7kbpTUQ5-0WTMIp8sVwA,UC3o7kbpTUQ5-0WTMIp8sVwA,179,YouTube Shorts,Tim Walz let rioters burn Minneapolis to the ground!,"""The closest Tim Walz has ever come to combat is when he let rioters burn Minneapolis to the ground.""",15,629,81,22,False,UNPLAYABLE,https://www.youtube.com/watch?v=xj5mgER47RI,2026-08-24T15:50:15+00:00,
-U3fvlYkQa4,2024-08-20,Republican,candidate,trump,Donald J Trump,UCAql2DyGU2un1Ei2nMYsqOA,UCAql2DyGU2un1Ei2nMYsqOA,33,YouTube Shorts,THE FUTURE IS AT STAKE,,21,302721,30296,4400,False,UNPLAYABLE,https://www.youtube.com/watch?v=-U3fvlYkQa4,2026-08-24T15:53:05+00:00,
YxEOy5VJ53w,2024-08-21,Republican,party,rnc,GOP,UC3o7kbpTUQ5-0WTMIp8sVwA,UC3o7kbpTUQ5-0WTMIp8sVwA,176,YouTube Shorts,Kamala has had over 3.5 years to help the American people. She fueled inflation instead.,"Kamala has had over 3.5 years to help the American people. She fueled inflation instead.

On November 5th, we will FIRE Kamala!",32,613,89,9,False,UNPLAYABLE,https://www.youtube.com/watch?v=YxEOy5VJ53w,2026-08-24T15:50:15+00:00,
i3L7qINAQhU,2024-08-21,Republican,party,rnc,GOP,UC3o7kbpTUQ5-0WTMIp8sVwA,UC3o7kbpTUQ5-0WTMIp8sVwA,175,YouTube Shorts,Kamala Harris was the last person in the room.,"Kamala Harris was the last person in the room for the ""single most embarrassing day in the history of our country.""",14,16639,787,170,False,UNPLAYABLE,https://www.youtube.com/watch?v=i3L7qINAQhU,2026-08-24T15:50:06+00:00,
wlGAdczPIdQ,2024-08-21,Republican,party,rnc,GOP,UC3o7kbpTUQ5-0WTMIp8sVwA,UC3o7kbpTUQ5-0WTMIp8sVwA,174,YouTube Shorts,Stolen Valor Tim Walz!,,59,503,78,8,False,UNPLAYABLE,https://www.youtube.com/watch?v=wlGAdczPIdQ,2026-08-24T15:50:06+00:00,
0lvlT1mM4Es,2024-08-22,Republican,party,rnc,GOP,UC3o7kbpTUQ5-0WTMIp8sVwA,UC3o7kbpTUQ5-0WTMIp8sVwA,171,YouTube Shorts,Kamala Harris would repeal President Trump's middle-class tax cuts!,Kamala Harris would repeal President Trump's middle-class tax cuts!,22,1373,67,12,False,UNPLAYABLE,https://www.youtube.com/watch?v=0lvlT1mM4Es,2026-08-24T15:50:04+00:00,
8-k6GRIj-Jc,2024-08-22,Republican,party,rnc,GOP,UC3o7kbpTUQ5-0WTMIp8sVwA,UC3o7kbpTUQ5-0WTMIp8sVwA,170,YouTube Shorts,Kamala lies!,Kamala lies!,20,698,105,12,False,UNPLAYABLE,https://www.youtube.com/watch?v=8-k6GRIj-Jc,2026-08-24T15:50:04+00:00,
Wtu81nx01bI,2024-08-22,Republican,party,rnc,GOP,UC3o7kbpTUQ5-0WTMIp8sVwA,UC3o7kbpTUQ5-0WTMIp8sVwA,173,YouTube Shorts,Latino Americans are being left behind by Kamala Harris!,,35,739,45,3,False,UNPLAYABLE,https://www.youtube.com/watch?v=Wtu81nx01bI,2026-08-24T15:50:05+00:00,
iJ0KxyUgGHY,2024-08-22,Republican,party,rnc,GOP,UC3o7kbpTUQ5-0WTMIp8sVwA,UC3o7kbpTUQ5-0WTMIp8sVwA,172,YouTube Shorts,Kamala Harris would destroy Pennsylvania by banning fracking!,Kamala Harris would destroy Pennsylvania by banning fracking and ruin our country even more so than she already has!,13,3046,160,19,False,UNPLAYABLE,https://www.youtube.com/watch?v=iJ0KxyUgGHY,2026-08-24T15:50:11+00:00,
D9Ltln7uqIM,2024-08-23,Democratic,candidate,harris,Kamala Harris,UC0XBsJpPhOLg0k4x9ZwrWzw,UC0XBsJpPhOLg0k4x9ZwrWzw,175,YouTube Shorts,Kamala Harris accepts the nomination for President of the United States | Harris-Walz 2024,,18,98250,6175,886,False,UNPLAYABLE,https://www.youtube.com/watch?v=D9Ltln7uqIM,2026-08-24T15:52:37+00:00,
44TzM-6nA8o,2024-08-23,Republican,party,rnc,GOP,UC3o7kbpTUQ5-0WTMIp8sVwA,UC3o7kbpTUQ5-0WTMIp8sVwA,168,YouTube Shorts,Kamala Harris purposefully lied and covered up Biden's decline.,"Kamala Harris purposefully lied and covered up Biden's decline. 

She put our country at risk in doing so.",33,747,78,4,False,UNPLAYABLE,https://www.youtube.com/watch?v=44TzM-6nA8o,2026-08-24T15:50:03+00:00,
po2t2qrV9qk,2024-08-23,Republican,party,rnc,GOP,UC3o7kbpTUQ5-0WTMIp8sVwA,UC3o7kbpTUQ5-0WTMIp8sVwA,169,YouTube Shorts,Kamala is NOT for the middle-class!,"Kamala Harris has already raised prices on American families over 20% and has repeatedly said she would repeal President Trump's middle-class tax cuts

She is not for the middle-class!",22,3251,130,39,False,UNPLAYABLE,https://www.youtube.com/watch?v=po2t2qrV9qk,2026-08-24T15:50:03+00:00,
lsZBq_uNuq8,2024-08-24,Republican,party,rnc,GOP,UC3o7kbpTUQ5-0WTMIp8sVwA,UC3o7kbpTUQ5-0WTMIp8sVwA,167,YouTube Shorts,Kamala Harris has left our borders wide open!,Kamala Harris has left our borders wide open!,36,594,79,20,False,UNPLAYABLE,https://www.youtube.com/watch?v=lsZBq_uNuq8,2026-08-24T15:50:02+00:00,
pJVz_FEPtP8,2024-08-25,Republican,party,rnc,GOP,UC3o7kbpTUQ5-0WTMIp8sVwA,UC3o7kbpTUQ5-0WTMIp8sVwA,166,YouTube Shorts,Border Czar Harris would make the border crisis ever worse!,Border Czar Harris would make the border crisis ever worse!,22,852,57,10,False,UNPLAYABLE,https://www.youtube.com/watch?v=pJVz_FEPtP8,2026-08-24T15:50:02+00:00,
xORWfzjn0N0,2024-08-26,Republican,party,rnc,GOP,UC3o7kbpTUQ5-0WTMIp8sVwA,UC3o7kbpTUQ5-0WTMIp8sVwA,165,YouTube Shorts,President Trump is uniting America!,"President Trump is uniting America!

""I am committed to doing all that I can to send President Trump back to the White House."" - Former Democrat Rep. Tulsi Gabbard",45,2486,88,12,False,UNPLAYABLE,https://www.youtube.com/watch?v=xORWfzjn0N0,2026-08-24T15:50:02+00:00,
6NuyKNfVqQE,2024-08-27,Republican,party,rnc,GOP,UC3o7kbpTUQ5-0WTMIp8sVwA,UC3o7kbpTUQ5-0WTMIp8sVwA,163,YouTube Shorts,Americans can't afford 4 more years of Kamala's dangerously liberal policies.,"Kamala is lying. Her policies have already led to increased taxes and prices.

Americans can't afford 4 more years of Kamala's dangerously liberal policies.",25,1691,89,18,False,UNPLAYABLE,https://www.youtube.com/watch?v=6NuyKNfVqQE,2026-08-24T15:50:06+00:00,
alMR7SAoqFk,2024-08-27,Republican,party,rnc,GOP,UC3o7kbpTUQ5-0WTMIp8sVwA,UC3o7kbpTUQ5-0WTMIp8sVwA,164,YouTube Shorts,"Under President Trump, we had peace through strength!","Under President Trump, we had peace through strength!",47,4006,312,32,False,UNPLAYABLE,https://www.youtube.com/watch?v=alMR7SAoqFk,2026-08-24T15:50:01+00:00,
50Rv4DjQWuI,2024-08-28,Republican,party,rnc,GOP,UC3o7kbpTUQ5-0WTMIp8sVwA,UC3o7kbpTUQ5-0WTMIp8sVwA,160,YouTube Shorts,Comrade Kamala wants to bring failed communist policies to the United States!,Comrade Kamala wants to bring failed communist policies to the United States!,36,553,74,5,False,UNPLAYABLE,https://www.youtube.com/watch?v=50Rv4DjQWuI,2026-08-24T15:49:59+00:00,
8qtmUsxXamI,2024-08-28,Republican,party,rnc,GOP,UC3o7kbpTUQ5-0WTMIp8sVwA,UC3o7kbpTUQ5-0WTMIp8sVwA,161,YouTube Shorts,Kamala Harris is disgraceful.,,42,562,96,3,False,UNPLAYABLE,https://www.youtube.com/watch?v=8qtmUsxXamI,2026-08-24T15:50:04+00:00,
G_RDnS62lss,2024-08-28,Republican,party,rnc,GOP,UC3o7kbpTUQ5-0WTMIp8sVwA,UC3o7kbpTUQ5-0WTMIp8sVwA,162,YouTube Shorts,Kamala Harris has destroyed the American dream!,"Under Kamala Harris, housing costs have hit record highs and Americans can't afford to buy. 

Kamala Harris has destroyed the American dream!",21,566,62,16,False,UNPLAYABLE,https://www.youtube.com/watch?v=G_RDnS62lss,2026-08-24T15:50:00+00:00,
Lps5-qjFwhg,2024-08-29,Republican,party,rnc,GOP,UC3o7kbpTUQ5-0WTMIp8sVwA,UC3o7kbpTUQ5-0WTMIp8sVwA,158,YouTube Shorts,Her views are the same as they always have been. Radical!,Her views are the same as they always have been. Radical!,17,7395,198,49,False,UNPLAYABLE,https://www.youtube.com/watch?v=Lps5-qjFwhg,2026-08-24T15:49:58+00:00,
yepXraPMogo,2024-08-29,Republican,party,rnc,GOP,UC3o7kbpTUQ5-0WTMIp8sVwA,UC3o7kbpTUQ5-0WTMIp8sVwA,159,YouTube Shorts,Kamala Harris is lying - She wants to abolish ICE!,"Kamala Harris is lying - She wants to abolish ICE!

""There's no question we've got to critically reexamine ICE and it's role...and we need to probably think about starting from scratch."" -Kamala Harris",32,1055,82,10,False,UNPLAYABLE,https://www.youtube.com/watch?v=yepXraPMogo,2026-08-24T15:50:07+00:00,
sszbvR3OcVU,2024-08-30,Republican,party,rnc,GOP,UC3o7kbpTUQ5-0WTMIp8sVwA,UC3o7kbpTUQ5-0WTMIp8sVwA,156,YouTube Shorts,Kamala has ALWAYS been in favor of banning fracking!,"FACT CHECK 🚨

Kamala has ALWAYS been in favor of banning fracking!",36,959,124,6,False,UNPLAYABLE,https://www.youtube.com/watch?v=sszbvR3OcVU,2026-08-24T15:49:58+00:00,
wzGWJKErkzM,2024-08-30,Republican,party,rnc,GOP,UC3o7kbpTUQ5-0WTMIp8sVwA,UC3o7kbpTUQ5-0WTMIp8sVwA,157,YouTube Shorts,"There is ""no question"" Kamala WILL ban fracking!","In reality, Kamala Harris hasn't changed and neither have her values. 

There is ""no question"" she WILL ban fracking.",11,10335,436,77,False,UNPLAYABLE,https://www.youtube.com/watch?v=wzGWJKErkzM,2026-08-24T15:49:58+00:00,
m7UhkRsLOE8,2024-08-31,Democratic,candidate,harris,Kamala Harris,UC0XBsJpPhOLg0k4x9ZwrWzw,UC0XBsJpPhOLg0k4x9ZwrWzw,173,YouTube Shorts,The secret ingredient for my greens? Tabasco.,,56,1213006,53437,3600,False,UNPLAYABLE,https://www.youtube.com/watch?v=m7UhkRsLOE8,2026-08-24T15:52:40+00:00,
rfSoN5pKo6U,2024-08-31,Democratic,candidate,harris,Kamala Harris,UC0XBsJpPhOLg0k4x9ZwrWzw,UC0XBsJpPhOLg0k4x9ZwrWzw,174,YouTube Shorts,Had to get a sweet treat at Dottie’s Market in Savannah.,,27,1098195,49050,2100,False,UNPLAYABLE,https://www.youtube.com/watch?v=rfSoN5pKo6U,2026-08-24T15:52:37+00:00,
KtU_8EqWRq8,2024-09-02,Republican,party,rnc,GOP,UC3o7kbpTUQ5-0WTMIp8sVwA,UC3o7kbpTUQ5-0WTMIp8sVwA,155,YouTube Shorts,Kamala Harris is directly responsible for skyrocketing inflation,Kamala Harris is directly responsible for skyrocketing inflation and Americans' economic pain!,20,355,41,13,False,UNPLAYABLE,https://www.youtube.com/watch?v=KtU_8EqWRq8,2026-08-24T15:50:02+00:00,
9fCrQRaihcs,2024-09-03,Republican,party,rnc,GOP,UC3o7kbpTUQ5-0WTMIp8sVwA,UC3o7kbpTUQ5-0WTMIp8sVwA,154,YouTube Shorts,Bidenomics is Kamalanomics and it's NOT WORKING FOR AMERICA!,Bidenomics is Kamalanomics and it's NOT WORKING FOR AMERICA!,26,232,20,5,False,UNPLAYABLE,https://www.youtube.com/watch?v=9fCrQRaihcs,2026-08-24T15:49:56+00:00,
CfSwFMsZ0Ew,2024-09-03,Republican,party,rnc,GOP,UC3o7kbpTUQ5-0WTMIp8sVwA,UC3o7kbpTUQ5-0WTMIp8sVwA,153,YouTube Shorts,"Kamala says one thing, the facts say another.","Kamala says one thing, the facts say another.

Kamala is making America less safe and laughing about it",30,420,45,6,False,UNPLAYABLE,https://www.youtube.com/watch?v=CfSwFMsZ0Ew,2026-08-24T15:49:55+00:00,
OPMDT7ClDMg,2024-09-03,Republican,party,rnc,GOP,UC3o7kbpTUQ5-0WTMIp8sVwA,UC3o7kbpTUQ5-0WTMIp8sVwA,152,YouTube Shorts,Kamala and Walz can't help themselves but lie,Kamala and Walz can't help themselves but lie,19,550,70,6,False,UNPLAYABLE,https://www.youtube.com/watch?v=OPMDT7ClDMg,2026-08-24T15:49:54+00:00,
9g2BTupbdrI,2024-09-04,Republican,party,rnc,GOP,UC3o7kbpTUQ5-0WTMIp8sVwA,UC3o7kbpTUQ5-0WTMIp8sVwA,151,YouTube Shorts,Kamala Harris has destroyed the American Dream!,Kamala Harris has destroyed the American Dream!,50,527,86,12,False,UNPLAYABLE,https://www.youtube.com/watch?v=9g2BTupbdrI,2026-08-24T15:49:54+00:00,
vnWE7lgEIG0,2024-09-04,Republican,party,rnc,GOP,UC3o7kbpTUQ5-0WTMIp8sVwA,UC3o7kbpTUQ5-0WTMIp8sVwA,150,YouTube Shorts,"Kamala has had over 3 years to ""build up the middle class"" and she's failed tremendously","Kamala has had over 3 years to ""build up the middle class"" and she's failed tremendously",19,60391,4027,743,False,UNPLAYABLE,https://www.youtube.com/watch?v=vnWE7lgEIG0,2026-08-24T15:49:54+00:00,
yy3iEC8UPug,2024-09-04,Republican,party,rnc,GOP,UC3o7kbpTUQ5-0WTMIp8sVwA,UC3o7kbpTUQ5-0WTMIp8sVwA,149,YouTube Shorts,Grocery prices have risen over 20% under Comrade Kamala!,Grocery prices have risen over 20% under Comrade Kamala!,20,698,118,16,False,UNPLAYABLE,https://www.youtube.com/watch?v=yy3iEC8UPug,2026-08-24T15:49:53+00:00,
Sbjvu-FbWF4,2024-09-05,Republican,party,rnc,GOP,UC3o7kbpTUQ5-0WTMIp8sVwA,UC3o7kbpTUQ5-0WTMIp8sVwA,148,YouTube Shorts,To the Moon!,🚀 🌕,37,380,58,4,False,UNPLAYABLE,https://www.youtube.com/watch?v=Sbjvu-FbWF4,2026-08-24T15:49:52+00:00,
Md3MUQdFe2I,2024-09-06,Republican,party,rnc,GOP,UC3o7kbpTUQ5-0WTMIp8sVwA,UC3o7kbpTUQ5-0WTMIp8sVwA,147,YouTube Shorts,Kamala Harris has failed American workers.,Kamala Harris has failed American workers.,11,4814,134,13,False,UNPLAYABLE,https://www.youtube.com/watch?v=Md3MUQdFe2I,2026-08-24T15:50:05+00:00,
pIcTo6SjP6U,2024-09-06,Republican,party,rnc,GOP,UC3o7kbpTUQ5-0WTMIp8sVwA,UC3o7kbpTUQ5-0WTMIp8sVwA,146,YouTube Shorts,Kamala Harris will repeal President Trump's middle-class tax cuts!,Kamala Harris will repeal President Trump's middle-class tax cuts!,23,4209,144,39,False,UNPLAYABLE,https://www.youtube.com/watch?v=pIcTo6SjP6U,2026-08-24T15:49:54+00:00,
d9Fcc1u0zd4,2024-09-07,Republican,party,rnc,GOP,UC3o7kbpTUQ5-0WTMIp8sVwA,UC3o7kbpTUQ5-0WTMIp8sVwA,145,YouTube Shorts,Choose Your Fighter!,Choose Your Fighter!,36,738,64,10,False,UNPLAYABLE,https://www.youtube.com/watch?v=d9Fcc1u0zd4,2026-08-24T15:49:51+00:00,
6zzBj3n5NQA,2024-09-09,Republican,candidate,trump,Donald J Trump,UCAql2DyGU2un1Ei2nMYsqOA,UCAql2DyGU2un1Ei2nMYsqOA,30,YouTube Shorts,Former Director of Project 2025: Trump has NOTHING to do with Project 2025.,,11,107388,6915,383,False,UNPLAYABLE,https://www.youtube.com/watch?v=6zzBj3n5NQA,2026-08-24T15:53:04+00:00,
P859UExc21E,2024-09-09,Republican,candidate,trump,Donald J Trump,UCAql2DyGU2un1Ei2nMYsqOA,UCAql2DyGU2un1Ei2nMYsqOA,32,YouTube Shorts,Make America Great Again!,,9,207369,15652,854,False,UNPLAYABLE,https://www.youtube.com/watch?v=P859UExc21E,2026-08-24T15:53:05+00:00,
rpO0XXd-e0Y,2024-09-09,Republican,candidate,trump,Donald J Trump,UCAql2DyGU2un1Ei2nMYsqOA,UCAql2DyGU2un1Ei2nMYsqOA,31,YouTube Shorts,Get Out and Vote for Trump!,,29,246337,37730,3300,False,UNPLAYABLE,https://www.youtube.com/watch?v=rpO0XXd-e0Y,2026-08-24T15:53:04+00:00,
Z95FFJtcAV4,2024-09-10,Democratic,candidate,harris,Kamala Harris,UC0XBsJpPhOLg0k4x9ZwrWzw,UC0XBsJpPhOLg0k4x9ZwrWzw,172,YouTube Shorts,This is so rich. | Harris-Walz 2024,,44,2566587,68802,4400,False,UNPLAYABLE,https://www.youtube.com/watch?v=Z95FFJtcAV4,2026-08-24T15:52:36+00:00,
1oGo9xrJ1pg,2024-09-10,Republican,party,rnc,GOP,UC3o7kbpTUQ5-0WTMIp8sVwA,UC3o7kbpTUQ5-0WTMIp8sVwA,140,YouTube Shorts,"""My values have not changed"" - Kamala Harris","""My values have not changed"" - Kamala Harris",17,290,24,3,False,UNPLAYABLE,https://www.youtube.com/watch?v=1oGo9xrJ1pg,2026-08-24T15:49:57+00:00,
RNl4MYmIExA,2024-09-10,Republican,party,rnc,GOP,UC3o7kbpTUQ5-0WTMIp8sVwA,UC3o7kbpTUQ5-0WTMIp8sVwA,139,YouTube Shorts,Day one for Harris was 3.5 years ago,Day one for Harris was 3.5 years ago,29,4696,147,31,False,UNPLAYABLE,https://www.youtube.com/watch?v=RNl4MYmIExA,2026-08-24T15:49:48+00:00,
VSIAcKI1sQg,2024-09-10,Republican,party,rnc,GOP,UC3o7kbpTUQ5-0WTMIp8sVwA,UC3o7kbpTUQ5-0WTMIp8sVwA,144,YouTube Shorts,KAMALA! YOU'RE FIRED!,KAMALA! YOU'RE FIRED!,29,352,57,1,False,UNPLAYABLE,https://www.youtube.com/watch?v=VSIAcKI1sQg,2026-08-24T15:49:51+00:00,
_4g6NoHC5UQ,2024-09-10,Republican,party,rnc,GOP,UC3o7kbpTUQ5-0WTMIp8sVwA,UC3o7kbpTUQ5-0WTMIp8sVwA,141,YouTube Shorts,Kamala Harris will ban fracking.,Kamala Harris will ban fracking.,11,761,33,3,False,UNPLAYABLE,https://www.youtube.com/watch?v=_4g6NoHC5UQ,2026-08-24T15:49:50+00:00,
i-w3zMp4ZSw,2024-09-10,Republican,party,rnc,GOP,UC3o7kbpTUQ5-0WTMIp8sVwA,UC3o7kbpTUQ5-0WTMIp8sVwA,142,YouTube Shorts,Here is President Trump's plan for you.,FACT CHECK: Here is President Trump's plan for you ⬇️,18,657,130,13,False,UNPLAYABLE,https://www.youtube.com/watch?v=i-w3zMp4ZSw,2026-08-24T15:49:50+00:00,
pPW0E7TeywU,2024-09-10,Republican,party,rnc,GOP,UC3o7kbpTUQ5-0WTMIp8sVwA,UC3o7kbpTUQ5-0WTMIp8sVwA,138,YouTube Shorts,Under President Trump there was peace!,"FACT CHECK: Kamala Harris has brought our world to the brink of WWIII, under President Trump there was peace!",20,692,96,6,False,UNPLAYABLE,https://www.youtube.com/watch?v=pPW0E7TeywU,2026-08-24T15:49:49+00:00,
wibcju-ACnI,2024-09-10,Republican,party,rnc,GOP,UC3o7kbpTUQ5-0WTMIp8sVwA,UC3o7kbpTUQ5-0WTMIp8sVwA,143,YouTube Shorts,Kamala is lying!,Kamala is lying!,20,323,36,5,False,UNPLAYABLE,https://www.youtube.com/watch?v=wibcju-ACnI,2026-08-24T15:49:51+00:00,
0XONsN5aEiA,2024-09-10,Republican,candidate,trump,Donald J Trump,UCAql2DyGU2un1Ei2nMYsqOA,UCAql2DyGU2un1Ei2nMYsqOA,29,YouTube Shorts,THANK YOU Anuel AA!,,12,3804148,152265,4400,False,UNPLAYABLE,https://www.youtube.com/watch?v=0XONsN5aEiA,2026-08-24T15:53:03+00:00,
8SfFG30a9Ks,2024-09-11,Republican,party,rnc,GOP,UC3o7kbpTUQ5-0WTMIp8sVwA,UC3o7kbpTUQ5-0WTMIp8sVwA,136,YouTube Shorts,Kamala will eliminate private health insurance,Kamala will eliminate private health insurance,25,3984,132,35,False,UNPLAYABLE,https://www.youtube.com/watch?v=8SfFG30a9Ks,2026-08-24T15:49:47+00:00,
L8WsI_Jk4mo,2024-09-11,Republican,party,rnc,GOP,UC3o7kbpTUQ5-0WTMIp8sVwA,UC3o7kbpTUQ5-0WTMIp8sVwA,137,YouTube Shorts,It's called the Biden-HARRIS administration.,It's called the Biden-HARRIS administration...she owns their failures,19,1236,114,14,False,UNPLAYABLE,https://www.youtube.com/watch?v=L8WsI_Jk4mo,2026-08-24T15:49:55+00:00,
ssajFm5Yatw,2024-09-11,Republican,candidate,trump,Donald J Trump,UCAql2DyGU2un1Ei2nMYsqOA,UCAql2DyGU2un1Ei2nMYsqOA,28,YouTube Shorts,This is Safe,We are going to Make America Great Again!,10,350887,39895,2600,False,UNPLAYABLE,https://www.youtube.com/watch?v=ssajFm5Yatw,2026-08-24T15:53:03+00:00,
5muojQTBW0U,2024-09-12,Republican,party,rnc,GOP,UC3o7kbpTUQ5-0WTMIp8sVwA,UC3o7kbpTUQ5-0WTMIp8sVwA,134,YouTube Shorts,"They are after you, President Trump is just standing in the way!","Democrats think that you are despicable if you don't agree with them.

They are after you, President Trump is just standing in the way!",41,4147,147,9,False,UNPLAYABLE,https://www.youtube.com/watch?v=5muojQTBW0U,2026-08-24T15:49:46+00:00,
G69D4fqA_EU,2024-09-12,Republican,party,rnc,GOP,UC3o7kbpTUQ5-0WTMIp8sVwA,UC3o7kbpTUQ5-0WTMIp8sVwA,135,YouTube Shorts,Kamala supports mandatory gun confiscation from law-abiding gun owners,Kamala supports mandatory gun confiscation from law-abiding gun owners,18,21139,1086,215,False,UNPLAYABLE,https://www.youtube.com/watch?v=G69D4fqA_EU,2026-08-24T15:49:47+00:00,
2G_86VcJdU8,2024-09-12,Republican,candidate,trump,Donald J Trump,UCAql2DyGU2un1Ei2nMYsqOA,UCAql2DyGU2un1Ei2nMYsqOA,27,YouTube Shorts,Tulsi Gabbard Endorses Donald J. Trump for President,,20,201628,17154,1300,False,UNPLAYABLE,https://www.youtube.com/watch?v=2G_86VcJdU8,2026-08-24T15:53:03+00:00,
LvffkP1Ziyo,2024-09-14,Democratic,candidate,harris,Kamala Harris,UC0XBsJpPhOLg0k4x9ZwrWzw,UC0XBsJpPhOLg0k4x9ZwrWzw,171,YouTube Shorts,"Under my economic plan, we will help entrepreneurs start and grow their small businesses.",,60,210719,9901,1300,False,UNPLAYABLE,https://www.youtube.com/watch?v=LvffkP1Ziyo,2026-08-24T15:52:37+00:00,
0XMj56-4RLw,2024-09-16,Republican,candidate,trump,Donald J Trump,UCAql2DyGU2un1Ei2nMYsqOA,UCAql2DyGU2un1Ei2nMYsqOA,25,YouTube Shorts,No Tax on Tips: Vote Donald J. Trump,,39,109405,11226,874,False,UNPLAYABLE,https://www.youtube.com/watch?v=0XMj56-4RLw,2026-08-24T15:53:01+00:00,
glhirwyEnq8,2024-09-16,Republican,candidate,trump,Donald J Trump,UCAql2DyGU2un1Ei2nMYsqOA,UCAql2DyGU2un1Ei2nMYsqOA,26,YouTube Shorts,America Was Better Off Under Trump,,30,115371,11923,1100,False,UNPLAYABLE,https://www.youtube.com/watch?v=glhirwyEnq8,2026-08-24T15:53:02+00:00,
CENybDJ7sgU,2024-09-17,Republican,party,rnc,GOP,UC3o7kbpTUQ5-0WTMIp8sVwA,UC3o7kbpTUQ5-0WTMIp8sVwA,133,YouTube Shorts,Kamala has no plan to bring down prices.,Kamala has no plan to bring down prices.,44,4413,90,32,False,UNPLAYABLE,https://www.youtube.com/watch?v=CENybDJ7sgU,2026-08-24T15:49:47+00:00,
vM6KDlkFkaY,2024-09-17,Republican,party,rnc,GOP,UC3o7kbpTUQ5-0WTMIp8sVwA,UC3o7kbpTUQ5-0WTMIp8sVwA,132,YouTube Shorts,Go to Kamalataxincrease.com!,Go to Kamalataxincrease.com to see how much more you would pay if Harris is elected!,44,6879,165,22,False,UNPLAYABLE,https://www.youtube.com/watch?v=vM6KDlkFkaY,2026-08-24T15:49:44+00:00,
5-mYb8Rci6s,2024-09-17,Republican,candidate,trump,Donald J Trump,UCAql2DyGU2un1Ei2nMYsqOA,UCAql2DyGU2un1Ei2nMYsqOA,24,YouTube Shorts,TIME TO TAKE BACK AMERICA 🇺🇸,,16,116639,12274,766,False,UNPLAYABLE,https://www.youtube.com/watch?v=5-mYb8Rci6s,2026-08-24T15:53:03+00:00,
7NTDxWCxUaM,2024-09-18,Republican,party,rnc,GOP,UC3o7kbpTUQ5-0WTMIp8sVwA,UC3o7kbpTUQ5-0WTMIp8sVwA,131,YouTube Shorts,President Trump will RESTORE the American Dream!,"In her own words, Kamala Harris has made the American Dream ""not attainable.""

President Trump will RESTORE the American Dream!",21,3575,86,35,False,UNPLAYABLE,https://www.youtube.com/watch?v=7NTDxWCxUaM,2026-08-24T15:49:54+00:00,
ehejp8xip3U,2024-09-18,Republican,party,rnc,GOP,UC3o7kbpTUQ5-0WTMIp8sVwA,UC3o7kbpTUQ5-0WTMIp8sVwA,130,YouTube Shorts,Kamala Harris is a liar!,Kamala Harris is a liar!,40,845,82,6,False,UNPLAYABLE,https://www.youtube.com/watch?v=ehejp8xip3U,2026-08-24T15:49:44+00:00,
4OWhLR1ziVY,2024-09-18,Republican,candidate,trump,Donald J Trump,UCAql2DyGU2un1Ei2nMYsqOA,UCAql2DyGU2un1Ei2nMYsqOA,21,YouTube Shorts,MAKE AMERICA GREAT AGAIN!,,5,2040154,45615,4200,False,UNPLAYABLE,https://www.youtube.com/watch?v=4OWhLR1ziVY,2026-08-24T15:52:59+00:00,
LHbYPhOfC7M,2024-09-18,Republican,candidate,trump,Donald J Trump,UCAql2DyGU2un1Ei2nMYsqOA,UCAql2DyGU2un1Ei2nMYsqOA,23,YouTube Shorts,"Kamala has had 3 1/2 years, why hasn't she done it?!",,15,113750,11490,685,False,UNPLAYABLE,https://www.youtube.com/watch?v=LHbYPhOfC7M,2026-08-24T15:53:02+00:00,
cKWhceuzlyU,2024-09-18,Republican,candidate,trump,Donald J Trump,UCAql2DyGU2un1Ei2nMYsqOA,UCAql2DyGU2un1Ei2nMYsqOA,22,YouTube Shorts,YOUNG PEOPLE MAKE AMERICA GREAT!,,14,209493,15210,1300,False,UNPLAYABLE,https://www.youtube.com/watch?v=cKWhceuzlyU,2026-08-24T15:53:01+00:00,
vjakWhcP2G0,2024-09-18,Republican,candidate,trump,Donald J Trump,UCAql2DyGU2un1Ei2nMYsqOA,UCAql2DyGU2un1Ei2nMYsqOA,20,YouTube Shorts,STOP THIS DISASTER,,16,260160,26168,2400,False,UNPLAYABLE,https://www.youtube.com/watch?v=vjakWhcP2G0,2026-08-24T15:52:59+00:00,
aUyMZG90s9g,2024-09-19,Democratic,party,dnc,The Democrats,UClkO4MArT2WKWj32YDD_-Ew,UClkO4MArT2WKWj32YDD_-Ew,768,YouTube Shorts,are you gonna vote?,"Confirm your voter registration status at IWillVote.com today.

---
Follow us on Instagram: https://www.instagram.com/thedemocrats
Follow us on Twitter: https://www.twitter.com/TheDemocrats
Follow us on TikTok: https://www.tiktok.com/@TheDemocrats
Like us on Facebook: https://www.facebook.com/democrats",13,15153,690,247,False,UNPLAYABLE,https://www.youtube.com/watch?v=aUyMZG90s9g,2026-08-24T15:48:06+00:00,
MJLdQe1S-5A,2024-09-19,Republican,party,rnc,GOP,UC3o7kbpTUQ5-0WTMIp8sVwA,UC3o7kbpTUQ5-0WTMIp8sVwA,129,YouTube Shorts,"Under President Trump, you will have more money in your pockets!","Under President Trump, you will have more money in your pockets!",19,9945,385,26,False,UNPLAYABLE,https://www.youtube.com/watch?v=MJLdQe1S-5A,2026-08-24T15:49:43+00:00,
N4Br07GoTnM,2024-09-19,Republican,candidate,trump,Donald J Trump,UCAql2DyGU2un1Ei2nMYsqOA,UCAql2DyGU2un1Ei2nMYsqOA,19,YouTube Shorts,"KAMALA, YOU'RE FIRED!",,12,218777,19605,1400,False,UNPLAYABLE,https://www.youtube.com/watch?v=N4Br07GoTnM,2026-08-24T15:52:58+00:00,
fmtT8pvw2uY,2024-09-20,Democratic,candidate,harris,Kamala Harris,UC0XBsJpPhOLg0k4x9ZwrWzw,UC0XBsJpPhOLg0k4x9ZwrWzw,170,YouTube Shorts,Kamala Harris speaks with Oprah Winfrey about Trump Abortion Bans | Harris-Walz 2024,"--------------------------------------
Follow Kamala!

Kamala's Twitter: https://twitter.com/KamalaHarris
Kamala's Facebook: https://www.facebook.com/KamalaHarris
Kamala’s Instagram: https://www.instagram.com/KamalaHarris  
Kamala's Threads: https://www.threads.net/@kamalaharris

#KamalaHarris #Harris2024",55,75071,3570,544,False,UNPLAYABLE,https://www.youtube.com/watch?v=fmtT8pvw2uY,2026-08-24T15:52:35+00:00,
8n_f7npLCnY,2024-09-20,Republican,party,rnc,GOP,UC3o7kbpTUQ5-0WTMIp8sVwA,UC3o7kbpTUQ5-0WTMIp8sVwA,128,YouTube Shorts,Kamala has had 3.5 years to help and has done nothing but make things worse!,"Under Kamala, Americans cannot afford a home. She has had 3.5 years to help and has done nothing but make things worse!",19,721,62,5,False,UNPLAYABLE,https://www.youtube.com/watch?v=8n_f7npLCnY,2026-08-24T15:49:43+00:00,
IJgVHTUXSXo,2024-09-21,Democratic,party,dnc,The Democrats,UClkO4MArT2WKWj32YDD_-Ew,UClkO4MArT2WKWj32YDD_-Ew,767,YouTube Shorts,5 Worst Trump Debate Moments,We're not surprised that Trump’s saying no to a second debate with Vice President Kamala Harris given how the first one went.,54,38057,629,97,False,UNPLAYABLE,https://www.youtube.com/watch?v=IJgVHTUXSXo,2026-08-24T15:48:16+00:00,
fhLi5nz8B6c,2024-09-21,Democratic,candidate,harris,Kamala Harris,UC0XBsJpPhOLg0k4x9ZwrWzw,UC0XBsJpPhOLg0k4x9ZwrWzw,169,YouTube Shorts,Kamala Harris speaks with Oprah Winfrey about our power in a democracy | Harris-Walz 2024,"--------------------------------------
Follow Kamala!

Kamala's Twitter: https://twitter.com/KamalaHarris
Kamala's Facebook: https://www.facebook.com/KamalaHarris
Kamala’s Instagram: https://www.instagram.com/KamalaHarris  
Kamala's Threads: https://www.threads.net/@kamalaharris

#KamalaHarris #Harris2024",59,93266,3696,977,False,UNPLAYABLE,https://www.youtube.com/watch?v=fhLi5nz8B6c,2026-08-24T15:52:35+00:00,
LElje8bhRu8,2024-09-21,Republican,party,rnc,GOP,UC3o7kbpTUQ5-0WTMIp8sVwA,UC3o7kbpTUQ5-0WTMIp8sVwA,127,YouTube Shorts,Kamala is a hypocrite.,Kamala is a hypocrite.,23,10846,302,72,False,UNPLAYABLE,https://www.youtube.com/watch?v=LElje8bhRu8,2026-08-24T15:49:43+00:00,
k-sfHGqLzvY,2024-09-22,Republican,party,rnc,GOP,UC3o7kbpTUQ5-0WTMIp8sVwA,UC3o7kbpTUQ5-0WTMIp8sVwA,126,YouTube Shorts,Kamala still can't say how she will lower costs for Americans.,"WATCH: 

Kamala still can't say how she will lower costs for Americans.",47,6241,181,61,False,UNPLAYABLE,https://www.youtube.com/watch?v=k-sfHGqLzvY,2026-08-24T15:49:42+00:00,
AEJFJsc83es,2024-09-22,Republican,candidate,trump,Donald J Trump,UCAql2DyGU2un1Ei2nMYsqOA,UCAql2DyGU2un1Ei2nMYsqOA,17,YouTube Shorts,Kamala has had 3 1/2 years - why hasn't she done it?,,14,291170,11862,825,False,UNPLAYABLE,https://www.youtube.com/watch?v=AEJFJsc83es,2026-08-24T15:52:58+00:00,
b18bHt7P0u4,2024-09-22,Republican,candidate,trump,Donald J Trump,UCAql2DyGU2un1Ei2nMYsqOA,UCAql2DyGU2un1Ei2nMYsqOA,16,YouTube Shorts,"Thanks for the support, Tim.",,12,172619,16324,1200,False,UNPLAYABLE,https://www.youtube.com/watch?v=b18bHt7P0u4,2026-08-24T15:52:58+00:00,
ySS96gwsAJ0,2024-09-22,Republican,candidate,trump,Donald J Trump,UCAql2DyGU2un1Ei2nMYsqOA,UCAql2DyGU2un1Ei2nMYsqOA,18,YouTube Shorts,Kamala Harris & Tim Walz Will Raise Taxes,,10,241211,9117,672,False,UNPLAYABLE,https://www.youtube.com/watch?v=ySS96gwsAJ0,2026-08-24T15:52:58+00:00,
3mwO32zayBQ,2024-09-23,Democratic,party,dnc,The Democrats,UClkO4MArT2WKWj32YDD_-Ew,UClkO4MArT2WKWj32YDD_-Ew,766,YouTube Shorts,how to pronounce Kamala Harris,"You asked, and Kamala Harris and her nieces (and Kerry Washington!) answered: It's pronounced COMMA-LA.",42,55815,695,148,False,UNPLAYABLE,https://www.youtube.com/watch?v=3mwO32zayBQ,2026-08-24T15:48:07+00:00,
NqN6pyQOQpE,2024-09-23,Republican,party,rnc,GOP,UC3o7kbpTUQ5-0WTMIp8sVwA,UC3o7kbpTUQ5-0WTMIp8sVwA,125,YouTube Shorts,We can't take four more years of Kamala.,We can't take four more years of Kamala.,32,16149,1383,90,False,UNPLAYABLE,https://www.youtube.com/watch?v=NqN6pyQOQpE,2026-08-24T15:49:44+00:00,
a0XstrrD8lA,2024-09-23,Republican,party,rnc,GOP,UC3o7kbpTUQ5-0WTMIp8sVwA,UC3o7kbpTUQ5-0WTMIp8sVwA,124,YouTube Shorts,Kamala WILL take your guns.,"Kamala WILL take your guns.

She supports MANDATORY buybacks.",11,6740,167,35,False,UNPLAYABLE,https://www.youtube.com/watch?v=a0XstrrD8lA,2026-08-24T15:49:41+00:00,
BLfbCeJJwGY,2024-09-23,Republican,candidate,trump,Donald J Trump,UCAql2DyGU2un1Ei2nMYsqOA,UCAql2DyGU2un1Ei2nMYsqOA,14,YouTube Shorts,LET'S WIN – TOO BIG TO RIG 🇺🇸,,12,160735,14596,942,False,UNPLAYABLE,https://www.youtube.com/watch?v=BLfbCeJJwGY,2026-08-24T15:52:57+00:00,
C-PwfAJ9LCA,2024-09-23,Republican,candidate,trump,Donald J Trump,UCAql2DyGU2un1Ei2nMYsqOA,UCAql2DyGU2un1Ei2nMYsqOA,13,YouTube Shorts,"THANK YOU, NORTH CAROLINA 🇺🇸",,16,214456,17748,964,False,UNPLAYABLE,https://www.youtube.com/watch?v=C-PwfAJ9LCA,2026-08-24T15:52:56+00:00,
NNUTjrTZQv0,2024-09-23,Republican,candidate,trump,Donald J Trump,UCAql2DyGU2un1Ei2nMYsqOA,UCAql2DyGU2un1Ei2nMYsqOA,15,YouTube Shorts,Make America Great Again,,39,134555,10075,767,False,UNPLAYABLE,https://www.youtube.com/watch?v=NNUTjrTZQv0,2026-08-24T15:52:57+00:00,
yUuP9-wBkNA,2024-09-23,Republican,candidate,trump,Donald J Trump,UCAql2DyGU2un1Ei2nMYsqOA,UCAql2DyGU2un1Ei2nMYsqOA,12,YouTube Shorts,THANK YOU,,12,1590690,79688,3500,False,UNPLAYABLE,https://www.youtube.com/watch?v=yUuP9-wBkNA,2026-08-24T15:52:56+00:00,
Z245QtR1lw4,2024-09-24,Republican,party,rnc,GOP,UC3o7kbpTUQ5-0WTMIp8sVwA,UC3o7kbpTUQ5-0WTMIp8sVwA,123,YouTube Shorts,Why can't Kamala tell the truth?,Why can't Kamala tell the truth?,24,634,104,10,False,UNPLAYABLE,https://www.youtube.com/watch?v=Z245QtR1lw4,2026-08-24T15:49:41+00:00,
Zc63q4E6xwE,2024-09-24,Republican,party,rnc,GOP,UC3o7kbpTUQ5-0WTMIp8sVwA,UC3o7kbpTUQ5-0WTMIp8sVwA,122,YouTube Shorts,Kamala Harris urged the Senate to reject additional Border Patrol Agents.,"When President Trump requested additional Border Patrol Agents, Kamala Harris urged the Senate to reject his request.",20,348,42,,False,UNPLAYABLE,https://www.youtube.com/watch?v=Zc63q4E6xwE,2026-08-24T15:49:49+00:00,
LVCn4aRf3hA,2024-09-25,Republican,party,rnc,GOP,UC3o7kbpTUQ5-0WTMIp8sVwA,UC3o7kbpTUQ5-0WTMIp8sVwA,119,YouTube Shorts,They're Hypocrites!,They're Hypocrites!,19,1220,60,8,False,UNPLAYABLE,https://www.youtube.com/watch?v=LVCn4aRf3hA,2026-08-24T15:49:38+00:00,
U1ef-J2dPWY,2024-09-25,Republican,party,rnc,GOP,UC3o7kbpTUQ5-0WTMIp8sVwA,UC3o7kbpTUQ5-0WTMIp8sVwA,121,YouTube Shorts,America can't afford four more years of Kamala's policies.,America can't afford four more years of Kamala's policies.,23,5152,351,13,False,UNPLAYABLE,https://www.youtube.com/watch?v=U1ef-J2dPWY,2026-08-24T15:49:40+00:00,
YCGdu-dgPPI,2024-09-25,Republican,party,rnc,GOP,UC3o7kbpTUQ5-0WTMIp8sVwA,UC3o7kbpTUQ5-0WTMIp8sVwA,120,YouTube Shorts,VOTE TRUMP FOR NO TAXES ON TIPS!,VOTE TRUMP FOR NO TAXES ON TIPS!,16,4015,153,35,False,UNPLAYABLE,https://www.youtube.com/watch?v=YCGdu-dgPPI,2026-08-24T15:49:40+00:00,
f33-xuEDZuE,2024-09-26,Democratic,party,dnc,The Democrats,UClkO4MArT2WKWj32YDD_-Ew,UClkO4MArT2WKWj32YDD_-Ew,765,YouTube Shorts,Mark Cuban says Vice President Kamala Harris is better for the business community.,"Vice President Harris and Governor Walz are charting a New Way Forward—to a future where everyone has the opportunity not just to get by, but to get ahead. 

--------------------------------------------------------------------------------------------------------------------

Text ‘FIGHT’ to 43367
Click to activate your support: win.dnc.org/ytd",28,3353,139,33,False,UNPLAYABLE,https://www.youtube.com/watch?v=f33-xuEDZuE,2026-08-24T15:48:07+00:00,
5tMzdk1b8uU,2024-09-26,Republican,party,rnc,GOP,UC3o7kbpTUQ5-0WTMIp8sVwA,UC3o7kbpTUQ5-0WTMIp8sVwA,118,YouTube Shorts,Kamala says the American Dream is dead.,"Kamala says the American Dream is dead.

President Trump will RESTORE the American Dream. The choice is clear.",23,23907,1297,117,False,UNPLAYABLE,https://www.youtube.com/watch?v=5tMzdk1b8uU,2026-08-24T15:49:44+00:00,
PkJEBTPXRYs,2024-09-26,Republican,party,rnc,GOP,UC3o7kbpTUQ5-0WTMIp8sVwA,UC3o7kbpTUQ5-0WTMIp8sVwA,117,YouTube Shorts,Which is it Doug?,Which is it Doug?,39,1415,50,16,False,UNPLAYABLE,https://www.youtube.com/watch?v=PkJEBTPXRYs,2026-08-24T15:49:37+00:00,
ipdLz1wYK1w,2024-09-26,Republican,candidate,trump,Donald J Trump,UCAql2DyGU2un1Ei2nMYsqOA,UCAql2DyGU2un1Ei2nMYsqOA,11,YouTube Shorts,"""Grandpa, you are such an inspiration, and I love you."" ❤️",,60,234260,21690,1200,False,UNPLAYABLE,https://www.youtube.com/watch?v=ipdLz1wYK1w,2026-08-24T15:52:55+00:00,
pm9LqT2h9VI,2024-09-28,Republican,party,rnc,GOP,UC3o7kbpTUQ5-0WTMIp8sVwA,UC3o7kbpTUQ5-0WTMIp8sVwA,116,YouTube Shorts,Kamala Harris has overseen the worst border crisis in American history,"Kamala Harris has overseen the worst border crisis in American history and is lying about her so-called ""plan""",22,652,131,8,False,UNPLAYABLE,https://www.youtube.com/watch?v=pm9LqT2h9VI,2026-08-24T15:49:45+00:00,
qtcVH-khqUA,2024-09-28,Republican,party,rnc,GOP,UC3o7kbpTUQ5-0WTMIp8sVwA,UC3o7kbpTUQ5-0WTMIp8sVwA,115,YouTube Shorts,MAGA!,MAGA!,30,686,104,12,False,UNPLAYABLE,https://www.youtube.com/watch?v=qtcVH-khqUA,2026-08-24T15:49:37+00:00,
_wTs_aM7wSA,2024-09-28,Republican,candidate,trump,Donald J Trump,UCAql2DyGU2un1Ei2nMYsqOA,UCAql2DyGU2un1Ei2nMYsqOA,10,YouTube Shorts,VOTE FOR GRANDPA 🇺🇸,,18,251589,24775,1800,False,UNPLAYABLE,https://www.youtube.com/watch?v=_wTs_aM7wSA,2026-08-24T15:53:05+00:00,
wlMnfT1WBFE,2024-09-29,Republican,candidate,trump,Donald J Trump,UCAql2DyGU2un1Ei2nMYsqOA,UCAql2DyGU2un1Ei2nMYsqOA,9,YouTube Shorts,SAVE OUR ECONOMY - VOTE TRUMP!,,21,438134,39536,4700,False,UNPLAYABLE,https://www.youtube.com/watch?v=wlMnfT1WBFE,2026-08-24T15:53:05+00:00,
7jmSVYEkTV0,2024-09-30,Democratic,party,dnc,The Democrats,UClkO4MArT2WKWj32YDD_-Ew,UClkO4MArT2WKWj32YDD_-Ew,764,YouTube Shorts,Vice President Kamala Harris is ready to lead on day one,Kamala Harris has spent her career fighting for the people.,19,3970,288,84,False,UNPLAYABLE,https://www.youtube.com/watch?v=7jmSVYEkTV0,2026-08-24T15:48:08+00:00,
sshKyGmjqcU,2024-09-30,Democratic,party,dnc,The Democrats,UClkO4MArT2WKWj32YDD_-Ew,UClkO4MArT2WKWj32YDD_-Ew,763,YouTube Shorts,We have to legalize it,"Well said, Vice President Harris.",28,8245,259,56,False,UNPLAYABLE,https://www.youtube.com/watch?v=sshKyGmjqcU,2026-08-24T15:48:08+00:00,
4eM-eCzDMAY,2024-09-30,Republican,candidate,trump,Donald J Trump,UCAql2DyGU2un1Ei2nMYsqOA,UCAql2DyGU2un1Ei2nMYsqOA,8,YouTube Shorts,Kamala couldn't even be bothered to acknowledge these Angel Moms...,,56,195550,17456,1500,False,UNPLAYABLE,https://www.youtube.com/watch?v=4eM-eCzDMAY,2026-08-24T15:52:53+00:00,
W5jSQP0oY0U,2024-10-01,Republican,party,rnc,GOP,UC3o7kbpTUQ5-0WTMIp8sVwA,UC3o7kbpTUQ5-0WTMIp8sVwA,113,YouTube Shorts,Sen. JD Vance correctly pointed out Kamala's dangerous failures and Walz nodded in agreement.,"Sen. JD Vance correctly pointed out that Kamala has allowed cartels to operate freely in the U.S., and Walz nodded in agreement.",13,690,108,5,False,UNPLAYABLE,https://www.youtube.com/watch?v=W5jSQP0oY0U,2026-08-24T15:49:36+00:00,
bpQHgsQlPfQ,2024-10-01,Republican,party,rnc,GOP,UC3o7kbpTUQ5-0WTMIp8sVwA,UC3o7kbpTUQ5-0WTMIp8sVwA,114,YouTube Shorts,This is the Kamala-Walz platform. Radical and Dangerously Liberal.,"This is the Kamala-Walz platform.

Radical and Dangerously Liberal.",17,1298,48,6,False,UNPLAYABLE,https://www.youtube.com/watch?v=bpQHgsQlPfQ,2026-08-24T15:49:36+00:00,
vNchrx5uZd8,2024-10-01,Republican,party,rnc,GOP,UC3o7kbpTUQ5-0WTMIp8sVwA,UC3o7kbpTUQ5-0WTMIp8sVwA,112,YouTube Shorts,Tim Walz is a liar.,Tim Walz is a liar.,43,852,140,9,False,UNPLAYABLE,https://www.youtube.com/watch?v=vNchrx5uZd8,2026-08-24T15:49:35+00:00,
wRn4fgV_SpI,2024-10-01,Republican,party,rnc,GOP,UC3o7kbpTUQ5-0WTMIp8sVwA,UC3o7kbpTUQ5-0WTMIp8sVwA,111,YouTube Shorts,KAMALA! YOU'RE FIRED!,KAMALA! YOU'RE FIRED!,43,2331,256,10,False,UNPLAYABLE,https://www.youtube.com/watch?v=wRn4fgV_SpI,2026-08-24T15:49:35+00:00,
fFjvlcRxcNg,2024-10-02,Republican,party,rnc,GOP,UC3o7kbpTUQ5-0WTMIp8sVwA,UC3o7kbpTUQ5-0WTMIp8sVwA,110,YouTube Shorts,Tim Walz is lying right to your face.,Tim Walz is lying right to your face.,7,856,113,3,False,UNPLAYABLE,https://www.youtube.com/watch?v=fFjvlcRxcNg,2026-08-24T15:49:35+00:00,
44xtbK9n44M,2024-10-03,Democratic,candidate,harris,Kamala Harris,UC0XBsJpPhOLg0k4x9ZwrWzw,UC0XBsJpPhOLg0k4x9ZwrWzw,167,YouTube Shorts,The burden of these natural disasters on local and state governments has been immense.,"The burden of these natural disasters on local and state governments has been immense. 

Yesterday, we announced that the federal government will reimburse 100% of local costs to get relief to those impacted by Hurricane Helene as quickly as possible.",31,57824,3464,421,False,UNPLAYABLE,https://www.youtube.com/watch?v=44xtbK9n44M,2026-08-24T15:52:32+00:00,
C-5RYB6l0z0,2024-10-03,Democratic,candidate,harris,Kamala Harris,UC0XBsJpPhOLg0k4x9ZwrWzw,UC0XBsJpPhOLg0k4x9ZwrWzw,166,YouTube Shorts,President Biden and I will continue to make sure that communities have the support that they need.,"President Biden and I will continue to make sure that communities have the support and the resources that they need not only to respond to this storm and its immediate aftermath, but also the resources they will need to recover.",7,1914955,30690,2700,False,UNPLAYABLE,https://www.youtube.com/watch?v=C-5RYB6l0z0,2026-08-24T15:52:32+00:00,
bugo6K7G0PE,2024-10-03,Democratic,candidate,harris,Kamala Harris,UC0XBsJpPhOLg0k4x9ZwrWzw,UC0XBsJpPhOLg0k4x9ZwrWzw,168,YouTube Shorts,"While in Augusta, Georgia yesterday, I spoke with people impacted by Hurricane Helene.","Over the past few days, communities in the southeast have endured destruction and devastation.

While in Augusta, Georgia yesterday, I spoke with people impacted by Hurricane Helene, and received briefings from those who are working around the clock to help folks on the ground. We will continue to do everything we can to help communities recover.",15,94622,8162,1100,False,UNPLAYABLE,https://www.youtube.com/watch?v=bugo6K7G0PE,2026-08-24T15:52:34+00:00,
dPVqzql38AY,2024-10-03,Republican,party,rnc,GOP,UC3o7kbpTUQ5-0WTMIp8sVwA,UC3o7kbpTUQ5-0WTMIp8sVwA,109,YouTube Shorts,Kamala Harris's values have not changed. She will ban fracking.,"Kamala Harris's values have not changed. She will ban fracking, costing our country thousands of jobs.",40,12316,695,67,False,UNPLAYABLE,https://www.youtube.com/watch?v=dPVqzql38AY,2026-08-24T15:49:33+00:00,
EWn9wU_FvZE,2024-10-04,Democratic,candidate,harris,Kamala Harris,UC0XBsJpPhOLg0k4x9ZwrWzw,UC0XBsJpPhOLg0k4x9ZwrWzw,164,YouTube Shorts,"Marking 32 days left till Election Day with #32. Great seeing you, Magic!",Go to IWillVote.com!,8,74139,6549,877,False,UNPLAYABLE,https://www.youtube.com/watch?v=EWn9wU_FvZE,2026-08-24T15:52:33+00:00,
MmYw5mQtgYM,2024-10-04,Democratic,candidate,harris,Kamala Harris,UC0XBsJpPhOLg0k4x9ZwrWzw,UC0XBsJpPhOLg0k4x9ZwrWzw,165,YouTube Shorts,Our HBCUs are centers of academic excellence.,"Our HBCUs are centers of academic excellence, and I have fought to make sure they are funded as such.",48,37483,2852,282,False,UNPLAYABLE,https://www.youtube.com/watch?v=MmYw5mQtgYM,2026-08-24T15:52:32+00:00,
CPK_S88uSKE,2024-10-06,Democratic,candidate,harris,Kamala Harris,UC0XBsJpPhOLg0k4x9ZwrWzw,UC0XBsJpPhOLg0k4x9ZwrWzw,161,YouTube Shorts,Can you think of any law that gives the government the power to make a decision about a man’s body?,"Help Vice President Kamala Harris and Governor Tim Walz put policies in place that protect our fundamental freedoms and defeat Donald Trump and MAGA Republicans this election. Take action at go.kamalaharris.com.
--------------------------------------
Follow Vice President Kamala Harris!

Kamala's Twitter: https://twitter.com/KamalaHarris
Kamala's Tiktok: www.tiktok.com/@kamalaharris
Kamala’s Instagram: https://www.instagram.com/KamalaHarris  
Kamala's Twitch: https://www.twitch.tv/kamalaharris
Kamala's Facebook: https://www.facebook.com/KamalaHarris
Kamala's Threads: https://www.threads.net/@kamalaharris

#KamalaHarris #Harris2024",59,1367591,56633,5400,False,UNPLAYABLE,https://www.youtube.com/watch?v=CPK_S88uSKE,2026-08-24T15:52:32+00:00,
ENpK4SXH0oY,2024-10-06,Democratic,candidate,harris,Kamala Harris,UC0XBsJpPhOLg0k4x9ZwrWzw,UC0XBsJpPhOLg0k4x9ZwrWzw,162,YouTube Shorts,"I am so thankful for our firefighters' character, service, and dedication to our communities.","My brother-in-law just retired as a firefighter. I’ve seen what it means for someone to step into the firehouse to work a long, unpredictable, and dangerous shift to help people they’ve never met.

I am so thankful for their character, service, and dedication to our communities.
--------------------------------------
Follow Vice President Kamala Harris!

Kamala's Twitter: https://twitter.com/KamalaHarris
Kamala's Tiktok: www.tiktok.com/@kamalaharris
Kamala’s Instagram: https://www.instagram.com/KamalaHarris  
Kamala's Twitch: https://www.twitch.tv/kamalaharris
Kamala's Facebook: https://www.facebook.com/KamalaHarris
Kamala's Threads: https://www.threads.net/@kamalaharris

#KamalaHarris #Harris2024",29,39026,4438,391,False,UNPLAYABLE,https://www.youtube.com/watch?v=ENpK4SXH0oY,2026-08-24T15:52:32+00:00,
Khg_JvrIqLk,2024-10-06,Democratic,candidate,harris,Kamala Harris,UC0XBsJpPhOLg0k4x9ZwrWzw,UC0XBsJpPhOLg0k4x9ZwrWzw,160,YouTube Shorts,The government or Donald Trump shouldn’t be telling women what to do with their bodies.,"Help Vice President Kamala Harris and Governor Tim Walz put policies in place that protect our fundamental freedoms and defeat Donald Trump and MAGA Republicans this election. Take action at go.kamalaharris.com.
--------------------------------------
Follow Vice President Kamala Harris!

Kamala's Twitter: https://twitter.com/KamalaHarris
Kamala's Tiktok: www.tiktok.com/@kamalaharris
Kamala’s Instagram: https://www.instagram.com/KamalaHarris  
Kamala's Twitch: https://www.twitch.tv/kamalaharris
Kamala's Facebook: https://www.facebook.com/KamalaHarris
Kamala's Threads: https://www.threads.net/@kamalaharris

#KamalaHarris #Harris2024",57,112797,9734,611,False,UNPLAYABLE,https://www.youtube.com/watch?v=Khg_JvrIqLk,2026-08-24T15:52:32+00:00,
h24J3pasFkM,2024-10-06,Democratic,candidate,harris,Kamala Harris,UC0XBsJpPhOLg0k4x9ZwrWzw,UC0XBsJpPhOLg0k4x9ZwrWzw,159,YouTube Shorts,I am grateful for the support of Liz Cheney and so many who have chosen to put country over party.,"Help Vice President Kamala Harris and Governor Tim Walz put policies in place that protect our fundamental freedoms and defeat Donald Trump and MAGA Republicans this election. Take action at go.kamalaharris.com.
--------------------------------------
Follow Vice President Kamala Harris!

Kamala's Twitter: https://twitter.com/KamalaHarris
Kamala's Tiktok: www.tiktok.com/@kamalaharris
Kamala’s Instagram: https://www.instagram.com/KamalaHarris  
Kamala's Twitch: https://www.twitch.tv/kamalaharris
Kamala's Facebook: https://www.facebook.com/KamalaHarris
Kamala's Threads: https://www.threads.net/@kamalaharris

#KamalaHarris #Harris2024",30,598499,34823,2300,False,UNPLAYABLE,https://www.youtube.com/watch?v=h24J3pasFkM,2026-08-24T15:52:31+00:00,
uxJ_jxbWI4A,2024-10-06,Democratic,candidate,harris,Kamala Harris,UC0XBsJpPhOLg0k4x9ZwrWzw,UC0XBsJpPhOLg0k4x9ZwrWzw,163,YouTube Shorts,It was good to be back in Michigan.,"Help Vice President Kamala Harris and Governor Tim Walz put policies in place that protect our fundamental freedoms and defeat Donald Trump and MAGA Republicans this election. Take action at go.kamalaharris.com.
--------------------------------------
Follow Vice President Kamala Harris!

Kamala's Twitter: https://twitter.com/KamalaHarris
Kamala's Tiktok: www.tiktok.com/@kamalaharris
Kamala’s Instagram: https://www.instagram.com/KamalaHarris  
Kamala's Twitch: https://www.twitch.tv/kamalaharris
Kamala's Facebook: https://www.facebook.com/KamalaHarris
Kamala's Threads: https://www.threads.net/@kamalaharris

#KamalaHarris #Harris2024",9,204701,10071,757,False,UNPLAYABLE,https://www.youtube.com/watch?v=uxJ_jxbWI4A,2026-08-24T15:52:32+00:00,
9wEty1jv2Ks,2024-10-06,Republican,party,rnc,GOP,UC3o7kbpTUQ5-0WTMIp8sVwA,UC3o7kbpTUQ5-0WTMIp8sVwA,108,YouTube Shorts,The Republican Party is the party of Unity!,The Republican Party is the party of Unity!,27,3182,195,52,False,UNPLAYABLE,https://www.youtube.com/watch?v=9wEty1jv2Ks,2026-08-24T15:49:33+00:00,
Jp8jAk-tvjY,2024-10-07,Democratic,party,dnc,The Democrats,UClkO4MArT2WKWj32YDD_-Ew,UClkO4MArT2WKWj32YDD_-Ew,762,YouTube Shorts,JD Vance being JD Vance,"JD Vance being JD Vance

--------------------------------------------------------------------------------------------------------------------

Text ‘FIGHT’ to 43367
Click to activate your support: win.dnc.org/ytd",29,6169,233,34,False,UNPLAYABLE,https://www.youtube.com/watch?v=Jp8jAk-tvjY,2026-08-24T15:48:06+00:00,
Fkb4dueln04,2024-10-07,Democratic,candidate,harris,Kamala Harris,UC0XBsJpPhOLg0k4x9ZwrWzw,UC0XBsJpPhOLg0k4x9ZwrWzw,155,YouTube Shorts,I will be a president on behalf of all Americans.,"Help Vice President Kamala Harris and Governor Tim Walz put policies in place that protect our fundamental freedoms and defeat Donald Trump and MAGA Republicans this election. Take action at go.kamalaharris.com.
--------------------------------------
Follow Vice President Kamala Harris!

Kamala's Twitter: https://twitter.com/KamalaHarris
Kamala's Tiktok: www.tiktok.com/@kamalaharris
Kamala’s Instagram: https://www.instagram.com/KamalaHarris  
Kamala's Twitch: https://www.twitch.tv/kamalaharris
Kamala's Facebook: https://www.facebook.com/KamalaHarris
Kamala's Threads: https://www.threads.net/@kamalaharris

#KamalaHarris #Harris2024",40,447712,16858,2400,False,UNPLAYABLE,https://www.youtube.com/watch?v=Fkb4dueln04,2026-08-24T15:52:26+00:00,
kjk0wjit-84,2024-10-07,Democratic,candidate,harris,Kamala Harris,UC0XBsJpPhOLg0k4x9ZwrWzw,UC0XBsJpPhOLg0k4x9ZwrWzw,157,YouTube Shorts,Moments of crisis bring out the best of who we are. The NC National Guard epitomizes that.,"Moments of crisis bring out the best of who we are—and the North Carolina National Guard epitomizes that important and good work.

Thank you for all you continue to do as we respond to the devastation of Hurricane Helene.",12,820517,24066,1400,False,UNPLAYABLE,https://www.youtube.com/watch?v=kjk0wjit-84,2026-08-24T15:52:27+00:00,
rnkJPjJkZlU,2024-10-07,Democratic,candidate,harris,Kamala Harris,UC0XBsJpPhOLg0k4x9ZwrWzw,UC0XBsJpPhOLg0k4x9ZwrWzw,153,YouTube Shorts,The American people are ready to turn the page.,"Help Vice President Kamala Harris and Governor Tim Walz put policies in place that protect our fundamental freedoms and defeat Donald Trump and MAGA Republicans this election. Take action at go.kamalaharris.com.
--------------------------------------
Follow Vice President Kamala Harris!

Kamala's Twitter: https://twitter.com/KamalaHarris
Kamala's Tiktok: www.tiktok.com/@kamalaharris
Kamala’s Instagram: https://www.instagram.com/KamalaHarris  
Kamala's Twitch: https://www.twitch.tv/kamalaharris
Kamala's Facebook: https://www.facebook.com/KamalaHarris
Kamala's Threads: https://www.threads.net/@kamalaharris

#KamalaHarris #Harris2024",41,150257,9139,1500,False,UNPLAYABLE,https://www.youtube.com/watch?v=rnkJPjJkZlU,2026-08-24T15:52:26+00:00,
u_7DsDO7znw,2024-10-07,Democratic,candidate,harris,Kamala Harris,UC0XBsJpPhOLg0k4x9ZwrWzw,UC0XBsJpPhOLg0k4x9ZwrWzw,158,YouTube Shorts,"Federal, state, and local governments are working to coordinate our approach to Hurricane Helene.","Federal, state, and local governments are working hand-in-hand to coordinate our approach to Hurricane Helene and ensure the communities impacted are getting the substantial resources they need.

We are in this for the long haul.",56,113978,15919,865,False,UNPLAYABLE,https://www.youtube.com/watch?v=u_7DsDO7znw,2026-08-24T15:52:27+00:00,
vd-wO4aq8g4,2024-10-07,Democratic,candidate,harris,Kamala Harris,UC0XBsJpPhOLg0k4x9ZwrWzw,UC0XBsJpPhOLg0k4x9ZwrWzw,154,YouTube Shorts,"My background is in law enforcement. Yes, I own a Glock.","Help Vice President Kamala Harris and Governor Tim Walz put policies in place that protect our fundamental freedoms and defeat Donald Trump and MAGA Republicans this election. Take action at go.kamalaharris.com.
--------------------------------------
Follow Vice President Kamala Harris!

Kamala's Twitter: https://twitter.com/KamalaHarris
Kamala's Tiktok: www.tiktok.com/@kamalaharris
Kamala’s Instagram: https://www.instagram.com/KamalaHarris  
Kamala's Twitch: https://www.twitch.tv/kamalaharris
Kamala's Facebook: https://www.facebook.com/KamalaHarris
Kamala's Threads: https://www.threads.net/@kamalaharris

#KamalaHarris #Harris2024",24,458420,12375,1100,False,UNPLAYABLE,https://www.youtube.com/watch?v=vd-wO4aq8g4,2026-08-24T15:52:26+00:00,
zT2FcHbHNg8,2024-10-07,Democratic,candidate,harris,Kamala Harris,UC0XBsJpPhOLg0k4x9ZwrWzw,UC0XBsJpPhOLg0k4x9ZwrWzw,156,YouTube Shorts,Nothing compares to moments like these on the campaign trail.,"Help Vice President Kamala Harris and Governor Tim Walz put policies in place that protect our fundamental freedoms and defeat Donald Trump and MAGA Republicans this election. Take action at go.kamalaharris.com.
--------------------------------------
Follow Vice President Kamala Harris!

Kamala's Twitter: https://twitter.com/KamalaHarris
Kamala's Tiktok: www.tiktok.com/@kamalaharris
Kamala’s Instagram: https://www.instagram.com/KamalaHarris  
Kamala's Twitch: https://www.twitch.tv/kamalaharris
Kamala's Facebook: https://www.facebook.com/KamalaHarris
Kamala's Threads: https://www.threads.net/@kamalaharris

#KamalaHarris #Harris2024",59,2346652,143267,5700,False,UNPLAYABLE,https://www.youtube.com/watch?v=zT2FcHbHNg8,2026-08-24T15:52:27+00:00,
ARl7ORPpXXo,2024-10-07,Republican,party,rnc,GOP,UC3o7kbpTUQ5-0WTMIp8sVwA,UC3o7kbpTUQ5-0WTMIp8sVwA,106,YouTube Shorts,Kamala is Joe - Joe is Kamala,"Kamala is Joe - Joe is Kamala

She owns the failures of the Harris-Biden administration.",29,5545,193,18,False,UNPLAYABLE,https://www.youtube.com/watch?v=ARl7ORPpXXo,2026-08-24T15:49:38+00:00,
I2lxeDMAJdI,2024-10-07,Republican,party,rnc,GOP,UC3o7kbpTUQ5-0WTMIp8sVwA,UC3o7kbpTUQ5-0WTMIp8sVwA,107,YouTube Shorts,WOMEN FOR TRUMP!,WOMEN FOR TRUMP! 🇺🇸,14,2178,111,23,False,UNPLAYABLE,https://www.youtube.com/watch?v=I2lxeDMAJdI,2026-08-24T15:49:32+00:00,
yxgNYet_Vls,2024-10-08,Democratic,party,dnc,The Democrats,UClkO4MArT2WKWj32YDD_-Ew,UClkO4MArT2WKWj32YDD_-Ew,761,YouTube Shorts,No Democrats voted against it,"No Democrats voted against it.

We’re fighting for a brighter, more equal future: rolling up our sleeves and organizing everywhere to build a better America for all.

--------------------------------------------------------------------------------------------------------------------

Text ‘FIGHT’ to 43367
Click to activate your support: win.dnc.org/ytd",9,16994,398,270,False,UNPLAYABLE,https://www.youtube.com/watch?v=yxgNYet_Vls,2026-08-24T15:48:20+00:00,
1xLUmICjvuM,2024-10-08,Democratic,candidate,harris,Kamala Harris,UC0XBsJpPhOLg0k4x9ZwrWzw,UC0XBsJpPhOLg0k4x9ZwrWzw,150,YouTube Shorts,"The champagne of beers. Thank you for having me, @ColbertLateShow!","Help Vice President Kamala Harris and Governor Tim Walz put policies in place that protect our fundamental freedoms and defeat Donald Trump and MAGA Republicans this election. Take action at go.kamalaharris.com.
--------------------------------------
Follow Vice President Kamala Harris!

Kamala's Twitter: https://twitter.com/KamalaHarris
Kamala's Tiktok: www.tiktok.com/@kamalaharris
Kamala’s Instagram: https://www.instagram.com/KamalaHarris  
Kamala's Twitch: https://www.twitch.tv/kamalaharris
Kamala's Facebook: https://www.facebook.com/KamalaHarris
Kamala's Threads: https://www.threads.net/@kamalaharris

#KamalaHarris #Harris2024",58,324223,21847,1200,False,UNPLAYABLE,https://www.youtube.com/watch?v=1xLUmICjvuM,2026-08-24T15:52:25+00:00,
aBDHXnA_1P4,2024-10-08,Democratic,candidate,harris,Kamala Harris,UC0XBsJpPhOLg0k4x9ZwrWzw,UC0XBsJpPhOLg0k4x9ZwrWzw,151,YouTube Shorts,Here’s what was going through my mind during the debate.,"Help Vice President Kamala Harris and Governor Tim Walz put policies in place that protect our fundamental freedoms and defeat Donald Trump and MAGA Republicans this election. Take action at go.kamalaharris.com.
--------------------------------------
Follow Vice President Kamala Harris!

Kamala's Twitter: https://twitter.com/KamalaHarris
Kamala's Tiktok: www.tiktok.com/@kamalaharris
Kamala’s Instagram: https://www.instagram.com/KamalaHarris  
Kamala's Twitch: https://www.twitch.tv/kamalaharris
Kamala's Facebook: https://www.facebook.com/KamalaHarris
Kamala's Threads: https://www.threads.net/@kamalaharris

#KamalaHarris #Harris2024",44,831567,57011,2800,False,UNPLAYABLE,https://www.youtube.com/watch?v=aBDHXnA_1P4,2026-08-24T15:52:32+00:00,
vUGvzKa1vDg,2024-10-08,Democratic,candidate,harris,Kamala Harris,UC0XBsJpPhOLg0k4x9ZwrWzw,UC0XBsJpPhOLg0k4x9ZwrWzw,152,YouTube Shorts,We’ve got a little Magic on our side.,"Help Vice President Kamala Harris and Governor Tim Walz put policies in place that protect our fundamental freedoms and defeat Donald Trump and MAGA Republicans this election. Take action at go.kamalaharris.com.
--------------------------------------
Follow Vice President Kamala Harris!

Kamala's Twitter: https://twitter.com/KamalaHarris
Kamala's Tiktok: www.tiktok.com/@kamalaharris
Kamala’s Instagram: https://www.instagram.com/KamalaHarris  
Kamala's Twitch: https://www.twitch.tv/kamalaharris
Kamala's Facebook: https://www.facebook.com/KamalaHarris
Kamala's Threads: https://www.threads.net/@kamalaharris

#KamalaHarris #Harris2024",16,650390,32925,1600,False,UNPLAYABLE,https://www.youtube.com/watch?v=vUGvzKa1vDg,2026-08-24T15:52:26+00:00,
T_hQcgmUjZg,2024-10-08,Republican,party,rnc,GOP,UC3o7kbpTUQ5-0WTMIp8sVwA,UC3o7kbpTUQ5-0WTMIp8sVwA,105,YouTube Shorts,"Don't be fooled, Kamala's values have NOT changed. She is Dangerously Liberal.","Don't be fooled, Kamala's values have NOT changed.

She is Dangerously Liberal.",48,4192,158,37,False,UNPLAYABLE,https://www.youtube.com/watch?v=T_hQcgmUjZg,2026-08-24T15:49:31+00:00,
Puw_CR1M67U,2024-10-09,Democratic,candidate,harris,Kamala Harris,UC0XBsJpPhOLg0k4x9ZwrWzw,UC0XBsJpPhOLg0k4x9ZwrWzw,148,YouTube Shorts,"During my visit to North Carolina, I helped pack resources for those affected by Hurricane Helene.",,49,147133,15956,817,False,UNPLAYABLE,https://www.youtube.com/watch?v=Puw_CR1M67U,2026-08-24T15:52:22+00:00,
RlXLpzQiwLY,2024-10-09,Democratic,candidate,harris,Kamala Harris,UC0XBsJpPhOLg0k4x9ZwrWzw,UC0XBsJpPhOLg0k4x9ZwrWzw,149,YouTube Shorts,Donald Trump has said he would weaponize the Department of Justice and terminate the Constitution.,"Help Vice President Kamala Harris and Governor Tim Walz put policies in place that protect our fundamental freedoms and defeat Donald Trump and MAGA Republicans this election. Take action at go.kamalaharris.com.
--------------------------------------
Follow Vice President Kamala Harris!

Kamala's Twitter: https://twitter.com/KamalaHarris
Kamala's Tiktok: www.tiktok.com/@kamalaharris
Kamala’s Instagram: https://www.instagram.com/KamalaHarris  
Kamala's Twitch: https://www.twitch.tv/kamalaharris
Kamala's Facebook: https://www.facebook.com/KamalaHarris
Kamala's Threads: https://www.threads.net/@kamalaharris

#KamalaHarris #Harris2024",43,227468,12237,1400,False,UNPLAYABLE,https://www.youtube.com/watch?v=RlXLpzQiwLY,2026-08-24T15:52:26+00:00,
fpYA9DyJ46s,2024-10-09,Republican,party,rnc,GOP,UC3o7kbpTUQ5-0WTMIp8sVwA,UC3o7kbpTUQ5-0WTMIp8sVwA,104,YouTube Shorts,"President Trump: ""Your future is what I'm fighting for every single day.""","President Trump has always fought for the American people!

""Your future is what I'm fighting for every single day.""",50,3705,151,25,False,UNPLAYABLE,https://www.youtube.com/watch?v=fpYA9DyJ46s,2026-08-24T15:49:32+00:00,
Qcvn12fAQac,2024-10-10,Democratic,party,dnc,The Democrats,UClkO4MArT2WKWj32YDD_-Ew,UClkO4MArT2WKWj32YDD_-Ew,760,YouTube Shorts,Trump is a fraud.,"A fraud.

--------------------------------------------------------------------------------------------------------------------

Text ‘FIGHT’ to 43367
Click to activate your support: win.dnc.org/ytd",41,11779,394,148,False,UNPLAYABLE,https://www.youtube.com/watch?v=Qcvn12fAQac,2026-08-24T15:48:05+00:00,
jlqMAGBscyQ,2024-10-10,Democratic,candidate,harris,Kamala Harris,UC0XBsJpPhOLg0k4x9ZwrWzw,UC0XBsJpPhOLg0k4x9ZwrWzw,147,YouTube Shorts,I met with the federal team working to deliver relief to Americans affected by Helene & Milton,"Yesterday, I met with members of the federal team that is working around the clock to deliver relief to Americans affected by Helene and Milton. Meanwhile, Donald Trump spread lies and educated us about the sound of the wind.


#KamalaHarris #Harris2024 #shorts #youtubeshorts",13,72383,5145,834,False,UNPLAYABLE,https://www.youtube.com/watch?v=jlqMAGBscyQ,2026-08-24T15:52:21+00:00,
F7YmSscKh4M,2024-10-11,Democratic,candidate,harris,Kamala Harris,UC0XBsJpPhOLg0k4x9ZwrWzw,UC0XBsJpPhOLg0k4x9ZwrWzw,146,YouTube Shorts,"Here in Arizona, early voting has already started statewide","Here in Arizona, early voting has already started statewide—you can cast your ballot today or any day between now and November 5. 

We are not going back.

Help Vice President Kamala Harris and Governor Tim Walz put policies in place that protect our fundamental freedoms and defeat Donald Trump and MAGA Republicans this election. Take action at go.kamalaharris.com.
--------------------------------------
Follow Vice President Kamala Harris!

Kamala's Twitter: https://twitter.com/KamalaHarris
Kamala's Tiktok: www.tiktok.com/@kamalaharris
Kamala’s Instagram: https://www.instagram.com/KamalaHarris  
Kamala's Twitch: https://www.twitch.tv/kamalaharris
Kamala's Facebook: https://www.facebook.com/KamalaHarris
Kamala's Threads: https://www.threads.net/@kamalaharris

#KamalaHarris #Harris2024 #shorts #youtubeshorts",15,181233,11961,1000,False,UNPLAYABLE,https://www.youtube.com/watch?v=F7YmSscKh4M,2026-08-24T15:52:21+00:00,
7U8aZyNAzzM,2024-10-11,Republican,candidate,trump,Donald J Trump,UCAql2DyGU2un1Ei2nMYsqOA,UCAql2DyGU2un1Ei2nMYsqOA,7,YouTube Shorts,WHOLESOME MOMENT: President Trump Hears A Crying Baby in the Crowd ❤️,,50,340595,29766,2200,False,UNPLAYABLE,https://www.youtube.com/watch?v=7U8aZyNAzzM,2026-08-24T15:52:52+00:00,
Ew0dFsvN-AQ,2024-10-12,Democratic,candidate,harris,Kamala Harris,UC0XBsJpPhOLg0k4x9ZwrWzw,UC0XBsJpPhOLg0k4x9ZwrWzw,143,YouTube Shorts,"As president, I will take on corporate price gouging to lower the cost of groceries.","Help Vice President Kamala Harris and Governor Tim Walz put policies in place that protect our fundamental freedoms and defeat Donald Trump and MAGA Republicans this election. Take action at go.kamalaharris.com.
--------------------------------------
Follow Vice President Kamala Harris!

Kamala's Twitter: https://twitter.com/KamalaHarris
Kamala's Tiktok: www.tiktok.com/@kamalaharris
Kamala’s Instagram: https://www.instagram.com/KamalaHarris  
Kamala's Twitch: https://www.twitch.tv/kamalaharris
Kamala's Facebook: https://www.facebook.com/KamalaHarris
Kamala's Threads: https://www.threads.net/@kamalaharris

#KamalaHarris #Harris2024",19,190128,8043,1200,False,UNPLAYABLE,https://www.youtube.com/watch?v=Ew0dFsvN-AQ,2026-08-24T15:52:19+00:00,
aFlBzcZ4PkM,2024-10-12,Democratic,candidate,harris,Kamala Harris,UC0XBsJpPhOLg0k4x9ZwrWzw,UC0XBsJpPhOLg0k4x9ZwrWzw,144,YouTube Shorts,"In moments of hardship, Americans rally together and show the best of who they are.","In moments of hardship, Americans rally together and show the best of who they are.

Thank you to everyone who has risen to this moment and stepped in to help. We will rebuild and recover together.",41,76146,6948,505,False,UNPLAYABLE,https://www.youtube.com/watch?v=aFlBzcZ4PkM,2026-08-24T15:52:19+00:00,
aR44SQY2gLc,2024-10-12,Democratic,candidate,harris,Kamala Harris,UC0XBsJpPhOLg0k4x9ZwrWzw,UC0XBsJpPhOLg0k4x9ZwrWzw,145,YouTube Shorts,Donald Trump spends his time attacking great American cities full of hardworking people,"Help Vice President Kamala Harris and Governor Tim Walz put policies in place that protect our fundamental freedoms and defeat Donald Trump and MAGA Republicans this election. Take action at go.kamalaharris.com.
--------------------------------------
Follow Vice President Kamala Harris!

Kamala's Twitter: https://twitter.com/KamalaHarris
Kamala's Tiktok: www.tiktok.com/@kamalaharris
Kamala’s Instagram: https://www.instagram.com/KamalaHarris  
Kamala's Twitch: https://www.twitch.tv/kamalaharris
Kamala's Facebook: https://www.facebook.com/KamalaHarris
Kamala's Threads: https://www.threads.net/@kamalaharris

#KamalaHarris #Harris2024",29,2155566,86311,7300,False,UNPLAYABLE,https://www.youtube.com/watch?v=aR44SQY2gLc,2026-08-24T15:52:20+00:00,
nIOMSXvGyAQ,2024-10-12,Democratic,candidate,harris,Kamala Harris,UC0XBsJpPhOLg0k4x9ZwrWzw,UC0XBsJpPhOLg0k4x9ZwrWzw,142,YouTube Shorts,I invite the public to watch Trump’s rallies and be the decision-maker on his acuity.,"Help Vice President Kamala Harris and Governor Tim Walz put policies in place that protect our fundamental freedoms and defeat Donald Trump and MAGA Republicans this election. Take action at go.kamalaharris.com.
--------------------------------------
Follow Vice President Kamala Harris!

Kamala's Twitter: https://twitter.com/KamalaHarris
Kamala's Tiktok: www.tiktok.com/@kamalaharris
Kamala’s Instagram: https://www.instagram.com/KamalaHarris  
Kamala's Twitch: https://www.twitch.tv/kamalaharris
Kamala's Facebook: https://www.facebook.com/KamalaHarris
Kamala's Threads: https://www.threads.net/@kamalaharris

#KamalaHarris #Harris2024",55,135367,10057,1000,False,UNPLAYABLE,https://www.youtube.com/watch?v=nIOMSXvGyAQ,2026-08-24T15:52:19+00:00,
nmz-w6ecHhI,2024-10-12,Republican,party,rnc,GOP,UC3o7kbpTUQ5-0WTMIp8sVwA,UC3o7kbpTUQ5-0WTMIp8sVwA,103,YouTube Shorts,SAVE AMERICA!,"SAVE AMERICA!

Go to SwampTheVoteUSA.com to make your plan to vote!",9,973,96,29,False,UNPLAYABLE,https://www.youtube.com/watch?v=nmz-w6ecHhI,2026-08-24T15:49:35+00:00,
aWfZnzuDzx8,2024-10-13,Democratic,candidate,harris,Kamala Harris,UC0XBsJpPhOLg0k4x9ZwrWzw,UC0XBsJpPhOLg0k4x9ZwrWzw,140,YouTube Shorts,I released my medical records. Donald Trump should do the same.,"Help Vice President Kamala Harris and Governor Tim Walz put policies in place that protect our fundamental freedoms and defeat Donald Trump and MAGA Republicans this election. Take action at go.kamalaharris.com.
--------------------------------------
Follow Vice President Kamala Harris!

Kamala's Twitter: https://twitter.com/KamalaHarris
Kamala's Tiktok: www.tiktok.com/@kamalaharris
Kamala’s Instagram: https://www.instagram.com/KamalaHarris  
Kamala's Twitch: https://www.twitch.tv/kamalaharris
Kamala's Facebook: https://www.facebook.com/KamalaHarris
Kamala's Threads: https://www.threads.net/@kamalaharris

#KamalaHarris #Harris2024",47,98097,6647,1400,False,UNPLAYABLE,https://www.youtube.com/watch?v=aWfZnzuDzx8,2026-08-24T15:52:17+00:00,
tjXocQqiBrg,2024-10-13,Democratic,candidate,harris,Kamala Harris,UC0XBsJpPhOLg0k4x9ZwrWzw,UC0XBsJpPhOLg0k4x9ZwrWzw,141,YouTube Shorts,Donald Trump is not being transparent with voters.,"Help Vice President Kamala Harris and Governor Tim Walz put policies in place that protect our fundamental freedoms and defeat Donald Trump and MAGA Republicans this election. Take action at go.kamalaharris.com.
--------------------------------------
Follow Vice President Kamala Harris!

Kamala's Twitter: https://twitter.com/KamalaHarris
Kamala's Tiktok: www.tiktok.com/@kamalaharris
Kamala’s Instagram: https://www.instagram.com/KamalaHarris  
Kamala's Twitch: https://www.twitch.tv/kamalaharris
Kamala's Facebook: https://www.facebook.com/KamalaHarris
Kamala's Threads: https://www.threads.net/@kamalaharris

#KamalaHarris #Harris2024",57,477274,25080,2600,False,UNPLAYABLE,https://www.youtube.com/watch?v=tjXocQqiBrg,2026-08-24T15:52:19+00:00,
PcE1357488Y,2024-10-14,Democratic,candidate,harris,Kamala Harris,UC0XBsJpPhOLg0k4x9ZwrWzw,UC0XBsJpPhOLg0k4x9ZwrWzw,138,YouTube Shorts,"This Indigenous Peoples’ Day, I am thinking about the young Indigenous leaders I met in Arizona.","This Indigenous Peoples’ Day, I am thinking about the young Indigenous leaders I met in Arizona last week.

I am counting on their leadership and looking forward to our partnership. 

Help Vice President Kamala Harris and Governor Tim Walz put policies in place that protect our fundamental freedoms and defeat Donald Trump and MAGA Republicans this election. Take action at go.kamalaharris.com.
--------------------------------------
Follow Vice President Kamala Harris!

Kamala's Twitter: https://twitter.com/KamalaHarris
Kamala's Tiktok: www.tiktok.com/@kamalaharris
Kamala’s Instagram: https://www.instagram.com/KamalaHarris  
Kamala's Twitch: https://www.twitch.tv/kamalaharris
Kamala's Facebook: https://www.facebook.com/KamalaHarris
Kamala's Threads: https://www.threads.net/@kamalaharris

#KamalaHarris #Harris2024 #shorts #youtubeshorts",46,288477,29933,1300,False,UNPLAYABLE,https://www.youtube.com/watch?v=PcE1357488Y,2026-08-24T15:52:14+00:00,
eBCP9H3bfes,2024-10-14,Democratic,candidate,harris,Kamala Harris,UC0XBsJpPhOLg0k4x9ZwrWzw,UC0XBsJpPhOLg0k4x9ZwrWzw,139,YouTube Shorts,"Theodore, Timothy, and Benjamin: You made my day in Pittsburgh.","Help Vice President Kamala Harris and Governor Tim Walz put policies in place that protect our fundamental freedoms and defeat Donald Trump and MAGA Republicans this election. Take action at go.kamalaharris.com.
--------------------------------------
Follow Vice President Kamala Harris!

Kamala's Twitter: https://twitter.com/KamalaHarris
Kamala's Tiktok: www.tiktok.com/@kamalaharris
Kamala’s Instagram: https://www.instagram.com/KamalaHarris  
Kamala's Twitch: https://www.twitch.tv/kamalaharris
Kamala's Facebook: https://www.facebook.com/KamalaHarris
Kamala's Threads: https://www.threads.net/@kamalaharris

#KamalaHarris #Harris2024",23,170300,13547,826,False,UNPLAYABLE,https://www.youtube.com/watch?v=eBCP9H3bfes,2026-08-24T15:52:16+00:00,
vBi6QJ50YT8,2024-10-14,Republican,party,rnc,GOP,UC3o7kbpTUQ5-0WTMIp8sVwA,UC3o7kbpTUQ5-0WTMIp8sVwA,102,YouTube Shorts,Kamala Harris puts Illegal aliens before the American people.,"Reminder: Kamala Harris puts Illegal aliens before the American people.

She is unfit to lead.",30,398,41,1,False,UNPLAYABLE,https://www.youtube.com/watch?v=vBi6QJ50YT8,2026-08-24T15:49:29+00:00,
xW5hMdMTX3c,2024-10-15,Democratic,party,dnc,The Democrats,UClkO4MArT2WKWj32YDD_-Ew,UClkO4MArT2WKWj32YDD_-Ew,759,YouTube Shorts,What is the Trump campaign hiding?,"We are the Democratic Party.

We’re fighting for a brighter, more equal future: rolling up our sleeves and organizing everywhere to build a better America for all.

--------------------------------------------------------------------------------------------------------------------

Text ‘FIGHT’ to 43367
Click to activate your support: win.dnc.org/ytd",35,4907,292,99,False,UNPLAYABLE,https://www.youtube.com/watch?v=xW5hMdMTX3c,2026-08-24T15:48:08+00:00,
RCUSfwXljig,2024-10-15,Democratic,candidate,harris,Kamala Harris,UC0XBsJpPhOLg0k4x9ZwrWzw,UC0XBsJpPhOLg0k4x9ZwrWzw,136,YouTube Shorts,A little barbecue sauce never hurt anyone.,"Help Vice President Kamala Harris and Governor Tim Walz put policies in place that protect our fundamental freedoms and defeat Donald Trump and MAGA Republicans this election. Take action at go.kamalaharris.com.
--------------------------------------
Follow Vice President Kamala Harris!

Kamala's Twitter: https://twitter.com/KamalaHarris
Kamala's Tiktok: www.tiktok.com/@kamalaharris
Kamala’s Instagram: https://www.instagram.com/KamalaHarris  
Kamala's Twitch: https://www.twitch.tv/kamalaharris
Kamala's Facebook: https://www.facebook.com/KamalaHarris
Kamala's Threads: https://www.threads.net/@kamalaharris

#KamalaHarris #Harris2024 #shorts #youtubeshorts",21,90510,5946,471,False,UNPLAYABLE,https://www.youtube.com/watch?v=RCUSfwXljig,2026-08-24T15:52:14+00:00,
UnhhpLbHG8U,2024-10-15,Democratic,candidate,harris,Kamala Harris,UC0XBsJpPhOLg0k4x9ZwrWzw,UC0XBsJpPhOLg0k4x9ZwrWzw,137,YouTube Shorts,Hope he's okay.,"Help Vice President Kamala Harris and Governor Tim Walz put policies in place that protect our fundamental freedoms and defeat Donald Trump and MAGA Republicans this election. Take action at go.kamalaharris.com.
--------------------------------------
Follow Vice President Kamala Harris!

Kamala's Twitter: https://twitter.com/KamalaHarris
Kamala's Tiktok: www.tiktok.com/@kamalaharris
Kamala’s Instagram: https://www.instagram.com/KamalaHarris  
Kamala's Twitch: https://www.twitch.tv/kamalaharris
Kamala's Facebook: https://www.facebook.com/KamalaHarris
Kamala's Threads: https://www.threads.net/@kamalaharris

#KamalaHarris #Harris2024",47,153024,11077,1800,False,UNPLAYABLE,https://www.youtube.com/watch?v=UnhhpLbHG8U,2026-08-24T15:52:14+00:00,
uEaRJtsmq1A,2024-10-15,Democratic,candidate,harris,Kamala Harris,UC0XBsJpPhOLg0k4x9ZwrWzw,UC0XBsJpPhOLg0k4x9ZwrWzw,135,YouTube Shorts,"Anderson, thank you for your leadership. I am counting on young leaders like you.","Help Vice President Kamala Harris and Governor Tim Walz put policies in place that protect our fundamental freedoms and defeat Donald Trump and MAGA Republicans this election. Take action at go.kamalaharris.com.
--------------------------------------
Follow Vice President Kamala Harris!

Kamala's Twitter: https://twitter.com/KamalaHarris
Kamala's Tiktok: www.tiktok.com/@kamalaharris
Kamala’s Instagram: https://www.instagram.com/KamalaHarris  
Kamala's Twitch: https://www.twitch.tv/kamalaharris
Kamala's Facebook: https://www.facebook.com/KamalaHarris
Kamala's Threads: https://www.threads.net/@kamalaharris

#KamalaHarris #Harris2024 #shorts #youtubeshorts #election #election2024",19,409539,20320,873,False,UNPLAYABLE,https://www.youtube.com/watch?v=uEaRJtsmq1A,2026-08-24T15:52:14+00:00,
VfjzIKCFGcU,2024-10-15,Republican,party,rnc,GOP,UC3o7kbpTUQ5-0WTMIp8sVwA,UC3o7kbpTUQ5-0WTMIp8sVwA,101,YouTube Shorts,America will be in a new golden age under President Trump,"When President Trump is elected he will usher in a new golden era of economic opportunity, secure borders, and safe streets.

Under President Trump we will Make America Great Again!",43,5116,416,63,False,UNPLAYABLE,https://www.youtube.com/watch?v=VfjzIKCFGcU,2026-08-24T15:49:29+00:00,
F_h1xOY2U80,2024-10-16,Democratic,candidate,harris,Kamala Harris,UC0XBsJpPhOLg0k4x9ZwrWzw,UC0XBsJpPhOLg0k4x9ZwrWzw,132,YouTube Shorts,"Thank you, Pennsylvania.","Help Vice President Kamala Harris and Governor Tim Walz put policies in place that protect our fundamental freedoms and defeat Donald Trump and MAGA Republicans this election. Take action at go.kamalaharris.com.
--------------------------------------
Follow Vice President Kamala Harris!

Kamala's Twitter: https://twitter.com/KamalaHarris
Kamala's Tiktok: www.tiktok.com/@kamalaharris
Kamala’s Instagram: https://www.instagram.com/KamalaHarris  
Kamala's Twitch: https://www.twitch.tv/kamalaharris
Kamala's Facebook: https://www.facebook.com/KamalaHarris
Kamala's Threads: https://www.threads.net/@kamalaharris

#KamalaHarris #Harris2024 #shorts #youtubeshorts",9,131975,6546,538,False,UNPLAYABLE,https://www.youtube.com/watch?v=F_h1xOY2U80,2026-08-24T15:52:19+00:00,
GrB4B3VTrFo,2024-10-16,Democratic,candidate,harris,Kamala Harris,UC0XBsJpPhOLg0k4x9ZwrWzw,UC0XBsJpPhOLg0k4x9ZwrWzw,134,YouTube Shorts,Donald Trump continues to show us that he is unfit and unstable.,"Help Vice President Kamala Harris and Governor Tim Walz put policies in place that protect our fundamental freedoms and defeat Donald Trump and MAGA Republicans this election. Take action at go.kamalaharris.com.
--------------------------------------
Follow Vice President Kamala Harris!

Kamala's Twitter: https://twitter.com/KamalaHarris
Kamala's Tiktok: www.tiktok.com/@kamalaharris
Kamala’s Instagram: https://www.instagram.com/KamalaHarris  
Kamala's Twitch: https://www.twitch.tv/kamalaharris
Kamala's Facebook: https://www.facebook.com/KamalaHarris
Kamala's Threads: https://www.threads.net/@kamalaharris

#KamalaHarris #Harris2024 #shorts #youtubeshorts #election #election2024 #vote",17,100843,6006,849,False,UNPLAYABLE,https://www.youtube.com/watch?v=GrB4B3VTrFo,2026-08-24T15:52:14+00:00,
M2V5o6EDIfE,2024-10-16,Democratic,candidate,harris,Kamala Harris,UC0XBsJpPhOLg0k4x9ZwrWzw,UC0XBsJpPhOLg0k4x9ZwrWzw,131,YouTube Shorts,Trump really said that.,"Help Vice President Kamala Harris and Governor Tim Walz put policies in place that protect our fundamental freedoms and defeat Donald Trump and MAGA Republicans this election. Take action at go.kamalaharris.com.
--------------------------------------
Follow Vice President Kamala Harris!

Kamala's Twitter: https://twitter.com/KamalaHarris
Kamala's Tiktok: www.tiktok.com/@kamalaharris
Kamala’s Instagram: https://www.instagram.com/KamalaHarris  
Kamala's Twitch: https://www.twitch.tv/kamalaharris
Kamala's Facebook: https://www.facebook.com/KamalaHarris
Kamala's Threads: https://www.threads.net/@kamalaharris

#KamalaHarris #Harris2024",30,145489,8812,943,False,UNPLAYABLE,https://www.youtube.com/watch?v=M2V5o6EDIfE,2026-08-24T15:52:11+00:00,
syguqyzoddo,2024-10-16,Democratic,candidate,harris,Kamala Harris,UC0XBsJpPhOLg0k4x9ZwrWzw,UC0XBsJpPhOLg0k4x9ZwrWzw,133,YouTube Shorts,"Grateful to Legenderie Records and Coffee House in Erie, PA for saving me some Marvin Gaye","Help Vice President Kamala Harris and Governor Tim Walz put policies in place that protect our fundamental freedoms and defeat Donald Trump and MAGA Republicans this election. Take action at go.kamalaharris.com.
--------------------------------------
Follow Vice President Kamala Harris!

Kamala's Twitter: https://twitter.com/KamalaHarris
Kamala's Tiktok: www.tiktok.com/@kamalaharris
Kamala’s Instagram: https://www.instagram.com/KamalaHarris  
Kamala's Twitch: https://www.twitch.tv/kamalaharris
Kamala's Facebook: https://www.facebook.com/KamalaHarris
Kamala's Threads: https://www.threads.net/@kamalaharris

#KamalaHarris #Harris2024 #shorts #youtubeshorts #election #election2024 #vote",40,434708,32407,943,False,UNPLAYABLE,https://www.youtube.com/watch?v=syguqyzoddo,2026-08-24T15:52:13+00:00,
CmJI20K464U,2024-10-16,Republican,party,rnc,GOP,UC3o7kbpTUQ5-0WTMIp8sVwA,UC3o7kbpTUQ5-0WTMIp8sVwA,97,YouTube Shorts,Atlanta LOVES President Trump! GET OUT THE VOTE GEORGIA!,"Atlanta LOVES President Trump!

GET OUT THE VOTE GEORGIA!",13,906,106,5,False,UNPLAYABLE,https://www.youtube.com/watch?v=CmJI20K464U,2026-08-24T15:49:27+00:00,
DhzON6U5o28,2024-10-16,Republican,party,rnc,GOP,UC3o7kbpTUQ5-0WTMIp8sVwA,UC3o7kbpTUQ5-0WTMIp8sVwA,100,YouTube Shorts,Lara Trump: President Trump's unwavering spirit and drive to help the American people.,WATCH: RNC Co-Chair Lara Trump sat down with Sage Steele to discuss President Trump's unwavering spirit and drive to help the American people.,53,773,32,1,False,UNPLAYABLE,https://www.youtube.com/watch?v=DhzON6U5o28,2026-08-24T15:49:35+00:00,
iLjXu2mASR0,2024-10-16,Republican,party,rnc,GOP,UC3o7kbpTUQ5-0WTMIp8sVwA,UC3o7kbpTUQ5-0WTMIp8sVwA,99,YouTube Shorts,Kamala would make every city a sanctuary city. President Trump will eliminate them immediately.,"Kamala would make every city a sanctuary city. President Trump will eliminate them immediately. 

The choice is clear.",21,5948,305,16,False,UNPLAYABLE,https://www.youtube.com/watch?v=iLjXu2mASR0,2026-08-24T15:49:27+00:00,
kUWCbJpHC_c,2024-10-16,Republican,party,rnc,GOP,UC3o7kbpTUQ5-0WTMIp8sVwA,UC3o7kbpTUQ5-0WTMIp8sVwA,98,YouTube Shorts,"""I would never say that about the American people.""","""I would never say that about the American people.""",11,66077,4057,365,False,UNPLAYABLE,https://www.youtube.com/watch?v=kUWCbJpHC_c,2026-08-24T15:49:26+00:00,
sLKtb9OlJFA,2024-10-16,Republican,candidate,trump,Donald J Trump,UCAql2DyGU2un1Ei2nMYsqOA,UCAql2DyGU2un1Ei2nMYsqOA,6,YouTube Shorts,Lyin' Kamala is Her Own Worst Enemy,,104,112872,11270,1600,False,UNPLAYABLE,https://www.youtube.com/watch?v=sLKtb9OlJFA,2026-08-24T15:52:53+00:00,
9AaFvd22_Mc,2024-10-17,Democratic,candidate,harris,Kamala Harris,UC0XBsJpPhOLg0k4x9ZwrWzw,UC0XBsJpPhOLg0k4x9ZwrWzw,129,YouTube Shorts,Never let anybody take your hope from you.,"Help Vice President Kamala Harris and Governor Tim Walz put policies in place that protect our fundamental freedoms and defeat Donald Trump and MAGA Republicans this election. Take action at go.kamalaharris.com.
--------------------------------------
Follow Vice President Kamala Harris!

Kamala's Twitter: https://twitter.com/KamalaHarris
Kamala's Tiktok: www.tiktok.com/@kamalaharris
Kamala’s Instagram: https://www.instagram.com/KamalaHarris  
Kamala's Twitch: https://www.twitch.tv/kamalaharris
Kamala's Facebook: https://www.facebook.com/KamalaHarris
Kamala's Threads: https://www.threads.net/@kamalaharris

#KamalaHarris #Harris2024 #shorts #youtubeshorts #election #election2024",30,115320,13190,691,False,UNPLAYABLE,https://www.youtube.com/watch?v=9AaFvd22_Mc,2026-08-24T15:52:09+00:00,
gs6b0kJJPF8,2024-10-17,Democratic,candidate,harris,Kamala Harris,UC0XBsJpPhOLg0k4x9ZwrWzw,UC0XBsJpPhOLg0k4x9ZwrWzw,128,YouTube Shorts,Donald Trump has peddled harmful conspiracies about immigrant communities eating pets.,"Donald Trump has peddled harmful conspiracies about immigrant communities eating pets and spread misinformation about resources available to those impacted by Hurricanes Milton and Helene.

He is a deeply unserious man—but the consequences of him having power are deadly serious.

Help Vice President Kamala Harris and Governor Tim Walz put policies in place that protect our fundamental freedoms and defeat Donald Trump and MAGA Republicans this election. Take action at go.kamalaharris.com.
--------------------------------------
Follow Vice President Kamala Harris!

Kamala's Twitter: https://twitter.com/KamalaHarris
Kamala's Tiktok: www.tiktok.com/@kamalaharris
Kamala’s Instagram: https://www.instagram.com/KamalaHarris  
Kamala's Twitch: https://www.twitch.tv/kamalaharris
Kamala's Facebook: https://www.facebook.com/KamalaHarris
Kamala's Threads: https://www.threads.net/@kamalaharris

#KamalaHarris #Harris2024 #shorts #youtubeshorts #election #election2024",51,585313,33344,2200,False,UNPLAYABLE,https://www.youtube.com/watch?v=gs6b0kJJPF8,2026-08-24T15:52:08+00:00,
uFyIpbjrSng,2024-10-17,Democratic,candidate,harris,Kamala Harris,UC0XBsJpPhOLg0k4x9ZwrWzw,UC0XBsJpPhOLg0k4x9ZwrWzw,127,YouTube Shorts,The American people are exhausted with Trump's gaslighting.,"Help Vice President Kamala Harris and Governor Tim Walz put policies in place that protect our fundamental freedoms and defeat Donald Trump and MAGA Republicans this election. Take action at go.kamalaharris.com.
--------------------------------------
Follow Vice President Kamala Harris!

Kamala's Twitter: https://twitter.com/KamalaHarris
Kamala's Tiktok: www.tiktok.com/@kamalaharris
Kamala’s Instagram: https://www.instagram.com/KamalaHarris  
Kamala's Twitch: https://www.twitch.tv/kamalaharris
Kamala's Facebook: https://www.facebook.com/KamalaHarris
Kamala's Threads: https://www.threads.net/@kamalaharris

#KamalaHarris #Harris2024 #shorts #youtubeshorts #election #election2024",60,745747,29565,1600,False,UNPLAYABLE,https://www.youtube.com/watch?v=uFyIpbjrSng,2026-08-24T15:52:08+00:00,
uJ5e6YPjrOk,2024-10-17,Democratic,candidate,harris,Kamala Harris,UC0XBsJpPhOLg0k4x9ZwrWzw,UC0XBsJpPhOLg0k4x9ZwrWzw,130,YouTube Shorts,"Donald Trump is unstable, and we should all be concerned.","Help Vice President Kamala Harris and Governor Tim Walz put policies in place that protect our fundamental freedoms and defeat Donald Trump and MAGA Republicans this election. Take action at go.kamalaharris.com.
--------------------------------------
Follow Vice President Kamala Harris!

Kamala's Twitter: https://twitter.com/KamalaHarris
Kamala's Tiktok: www.tiktok.com/@kamalaharris
Kamala’s Instagram: https://www.instagram.com/KamalaHarris  
Kamala's Twitch: https://www.twitch.tv/kamalaharris
Kamala's Facebook: https://www.facebook.com/KamalaHarris
Kamala's Threads: https://www.threads.net/@kamalaharris

#KamalaHarris #Harris2024 #shorts #youtubeshorts #election #election2024",51,66187,7032,935,False,UNPLAYABLE,https://www.youtube.com/watch?v=uJ5e6YPjrOk,2026-08-24T15:52:17+00:00,
xzcv8B1ZWhg,2024-10-17,Democratic,candidate,harris,Kamala Harris,UC0XBsJpPhOLg0k4x9ZwrWzw,UC0XBsJpPhOLg0k4x9ZwrWzw,126,YouTube Shorts,Our young leaders are building a brighter future one-step at a time.,"Help Vice President Kamala Harris and Governor Tim Walz put policies in place that protect our fundamental freedoms and defeat Donald Trump and MAGA Republicans this election. Take action at go.kamalaharris.com.
--------------------------------------
Follow Vice President Kamala Harris!

Kamala's Twitter: https://twitter.com/KamalaHarris
Kamala's Tiktok: www.tiktok.com/@kamalaharris
Kamala’s Instagram: https://www.instagram.com/KamalaHarris  
Kamala's Twitch: https://www.twitch.tv/kamalaharris
Kamala's Facebook: https://www.facebook.com/KamalaHarris
Kamala's Threads: https://www.threads.net/@kamalaharris

#KamalaHarris #Harris2024 #shorts #youtubeshorts #election",14,233312,11599,457,False,UNPLAYABLE,https://www.youtube.com/watch?v=xzcv8B1ZWhg,2026-08-24T15:52:08+00:00,
6RDD0t2dGCw,2024-10-17,Republican,party,rnc,GOP,UC3o7kbpTUQ5-0WTMIp8sVwA,UC3o7kbpTUQ5-0WTMIp8sVwA,96,YouTube Shorts,"""You gotta take responsibility for what happened in your administration."" -Kamala Harris","""You gotta take responsibility for what happened in your administration."" -Kamala Harris",56,692,65,4,False,UNPLAYABLE,https://www.youtube.com/watch?v=6RDD0t2dGCw,2026-08-24T15:49:26+00:00,
AsgtrGdLAd8,2024-10-17,Republican,party,rnc,GOP,UC3o7kbpTUQ5-0WTMIp8sVwA,UC3o7kbpTUQ5-0WTMIp8sVwA,94,YouTube Shorts,LATINOS FOR TRUMP,LATINOS FOR TRUMP! 🇺🇸,161,519,76,8,False,UNPLAYABLE,https://www.youtube.com/watch?v=AsgtrGdLAd8,2026-08-24T15:49:24+00:00,
scJajpZtv6c,2024-10-17,Republican,party,rnc,GOP,UC3o7kbpTUQ5-0WTMIp8sVwA,UC3o7kbpTUQ5-0WTMIp8sVwA,95,YouTube Shorts,"Under President Trump, the American Dream will be restored and the United States will be prosperous","Kamala Harris says the American Dream is long gone, but under President Trump, the American Dream will be restored and the United States will be prosperous once again!",29,5819,275,16,False,UNPLAYABLE,https://www.youtube.com/watch?v=scJajpZtv6c,2026-08-24T15:49:36+00:00,
gFXvkvEIb-k,2024-10-17,Republican,candidate,trump,Donald J Trump,UCAql2DyGU2un1Ei2nMYsqOA,UCAql2DyGU2un1Ei2nMYsqOA,5,YouTube Shorts,LYIN’ KAMALA…,,11,256822,16799,1800,False,UNPLAYABLE,https://www.youtube.com/watch?v=gFXvkvEIb-k,2026-08-24T15:52:52+00:00,
0EPazcBKgaQ,2024-10-18,Democratic,candidate,harris,Kamala Harris,UC0XBsJpPhOLg0k4x9ZwrWzw,UC0XBsJpPhOLg0k4x9ZwrWzw,121,YouTube Shorts,"Yes, I know the memes.","Help Vice President Kamala Harris and Governor Tim Walz put policies in place that protect our fundamental freedoms and defeat Donald Trump and MAGA Republicans this election. Take action at go.kamalaharris.com.
--------------------------------------
Follow Vice President Kamala Harris!

Kamala's Twitter: https://twitter.com/KamalaHarris
Kamala's Tiktok: www.tiktok.com/@kamalaharris
Kamala’s Instagram: https://www.instagram.com/KamalaHarris  
Kamala's Twitch: https://www.twitch.tv/kamalaharris
Kamala's Facebook: https://www.facebook.com/KamalaHarris
Kamala's Threads: https://www.threads.net/@kamalaharris

#KamalaHarris #Harris2024 #shorts #youtubeshorts #election2024 #election",47,547192,56086,2300,False,UNPLAYABLE,https://www.youtube.com/watch?v=0EPazcBKgaQ,2026-08-24T15:52:04+00:00,
XfvlP5TeIXE,2024-10-18,Democratic,candidate,harris,Kamala Harris,UC0XBsJpPhOLg0k4x9ZwrWzw,UC0XBsJpPhOLg0k4x9ZwrWzw,120,YouTube Shorts,"No, everybody did not want Donald Trump to get Roe v. Wade overturned.","Help Vice President Kamala Harris and Governor Tim Walz put policies in place that protect our fundamental freedoms and defeat Donald Trump and MAGA Republicans this election. Take action at go.kamalaharris.com.
--------------------------------------
Follow Vice President Kamala Harris!

Kamala's Twitter: https://twitter.com/KamalaHarris
Kamala's Tiktok: www.tiktok.com/@kamalaharris
Kamala’s Instagram: https://www.instagram.com/KamalaHarris  
Kamala's Twitch: https://www.twitch.tv/kamalaharris
Kamala's Facebook: https://www.facebook.com/KamalaHarris
Kamala's Threads: https://www.threads.net/@kamalaharris

#KamalaHarris #Harris2024",21,60652,4740,454,False,UNPLAYABLE,https://www.youtube.com/watch?v=XfvlP5TeIXE,2026-08-24T15:52:03+00:00,
n16EAGxXj8E,2024-10-18,Democratic,candidate,harris,Kamala Harris,UC0XBsJpPhOLg0k4x9ZwrWzw,UC0XBsJpPhOLg0k4x9ZwrWzw,125,YouTube Shorts,"Thanks for breaking it down, Mark: I have a plan to actually grow our economy.","Trump has a plan to raise costs for working and middle-class Americans.

Help Vice President Kamala Harris and Governor Tim Walz put policies in place that protect our fundamental freedoms and defeat Donald Trump and MAGA Republicans this election. Take action at go.kamalaharris.com.
--------------------------------------
Follow Vice President Kamala Harris!

Kamala's Twitter: https://twitter.com/KamalaHarris
Kamala's Tiktok: www.tiktok.com/@kamalaharris
Kamala’s Instagram: https://www.instagram.com/KamalaHarris  
Kamala's Twitch: https://www.twitch.tv/kamalaharris
Kamala's Facebook: https://www.facebook.com/KamalaHarris
Kamala's Threads: https://www.threads.net/@kamalaharris

#KamalaHarris #Harris2024 #shorts #youtubeshorts #election #election2024 #markcuban",28,591508,24060,1900,False,UNPLAYABLE,https://www.youtube.com/watch?v=n16EAGxXj8E,2026-08-24T15:52:07+00:00,
rFwnKsaPSKg,2024-10-18,Democratic,candidate,harris,Kamala Harris,UC0XBsJpPhOLg0k4x9ZwrWzw,UC0XBsJpPhOLg0k4x9ZwrWzw,122,YouTube Shorts,"Thank you, @marcanthony, for your support.","Under my presidency, we will stand united regardless of where we’re from.

Help Vice President Kamala Harris and Governor Tim Walz put policies in place that protect our fundamental freedoms and defeat Donald Trump and MAGA Republicans this election. Take action at go.kamalaharris.com.
--------------------------------------
Follow Vice President Kamala Harris!

Kamala's Twitter: https://twitter.com/KamalaHarris
Kamala's Tiktok: www.tiktok.com/@kamalaharris
Kamala’s Instagram: https://www.instagram.com/KamalaHarris  
Kamala's Twitch: https://www.twitch.tv/kamalaharris
Kamala's Facebook: https://www.facebook.com/KamalaHarris
Kamala's Threads: https://www.threads.net/@kamalaharris

#KamalaHarris #Harris2024 #shorts #youtubeshorts #election #election2024 #marcanthony",30,265300,24473,1500,False,UNPLAYABLE,https://www.youtube.com/watch?v=rFwnKsaPSKg,2026-08-24T15:52:06+00:00,
sBwHwkzXgC8,2024-10-18,Democratic,candidate,harris,Kamala Harris,UC0XBsJpPhOLg0k4x9ZwrWzw,UC0XBsJpPhOLg0k4x9ZwrWzw,123,YouTube Shorts,Donald Trump is dodging debates and ducking interviews.,"Help Vice President Kamala Harris and Governor Tim Walz put policies in place that protect our fundamental freedoms and defeat Donald Trump and MAGA Republicans this election. Take action at go.kamalaharris.com.
--------------------------------------
Follow Vice President Kamala Harris!

Kamala's Twitter: https://twitter.com/KamalaHarris
Kamala's Tiktok: www.tiktok.com/@kamalaharris
Kamala’s Instagram: https://www.instagram.com/KamalaHarris  
Kamala's Twitch: https://www.twitch.tv/kamalaharris
Kamala's Facebook: https://www.facebook.com/KamalaHarris
Kamala's Threads: https://www.threads.net/@kamalaharris

#KamalaHarris #Harris2024 #shorts #youtubeshorts #election #election2024",55,158287,9108,902,False,UNPLAYABLE,https://www.youtube.com/watch?v=sBwHwkzXgC8,2026-08-24T15:52:06+00:00,
wbLDcPa0viw,2024-10-18,Democratic,candidate,harris,Kamala Harris,UC0XBsJpPhOLg0k4x9ZwrWzw,UC0XBsJpPhOLg0k4x9ZwrWzw,124,YouTube Shorts,There was nothing “peaceful or patriotic” about what happened on January 6.,"Donald Trump lost the 2020 election. With your support, we will defeat him and his dangerous agenda once again. http://IWillVote.com

Help Vice President Kamala Harris and Governor Tim Walz put policies in place that protect our fundamental freedoms and defeat Donald Trump and MAGA Republicans this election. Take action at go.kamalaharris.com.
--------------------------------------
Follow Vice President Kamala Harris!

Kamala's Twitter: https://twitter.com/KamalaHarris
Kamala's Tiktok: www.tiktok.com/@kamalaharris
Kamala’s Instagram: https://www.instagram.com/KamalaHarris  
Kamala's Twitch: https://www.twitch.tv/kamalaharris
Kamala's Facebook: https://www.facebook.com/KamalaHarris
Kamala's Threads: https://www.threads.net/@kamalaharris

#KamalaHarris #Harris2024 #shorts #youtubeshorts #election #election2024",40,52721,3724,452,False,UNPLAYABLE,https://www.youtube.com/watch?v=wbLDcPa0viw,2026-08-24T15:52:07+00:00,
LAqSCbilaC8,2024-10-18,Republican,party,rnc,GOP,UC3o7kbpTUQ5-0WTMIp8sVwA,UC3o7kbpTUQ5-0WTMIp8sVwA,92,YouTube Shorts,One thing about Harris and Biden: No one knows what they are talking about.,One thing about Harris and Biden: No one knows what they are talking about.,27,14020,698,66,False,UNPLAYABLE,https://www.youtube.com/watch?v=LAqSCbilaC8,2026-08-24T15:49:24+00:00,
jK0lscEZE4I,2024-10-18,Republican,party,rnc,GOP,UC3o7kbpTUQ5-0WTMIp8sVwA,UC3o7kbpTUQ5-0WTMIp8sVwA,93,YouTube Shorts,Kamala wouldn't change a thing.,Kamala wouldn't change a thing.,25,13093,280,37,False,UNPLAYABLE,https://www.youtube.com/watch?v=jK0lscEZE4I,2026-08-24T15:49:42+00:00,
X5eZdvhNvkM,2024-10-18,Republican,candidate,trump,Donald J Trump,UCAql2DyGU2un1Ei2nMYsqOA,UCAql2DyGU2un1Ei2nMYsqOA,4,YouTube Shorts,KAMALA REFUSES TO SAY 1 THING SHE WOULD DO DIFFERENTLY THAN BIDEN!,,25,296607,10761,2300,False,UNPLAYABLE,https://www.youtube.com/watch?v=X5eZdvhNvkM,2026-08-24T15:52:53+00:00,
2HJOuGlKtxk,2024-10-19,Democratic,candidate,harris,Kamala Harris,UC0XBsJpPhOLg0k4x9ZwrWzw,UC0XBsJpPhOLg0k4x9ZwrWzw,113,YouTube Shorts,"Thank you for being a part of our campaign, @Lizzo.","Help Vice President Kamala Harris and Governor Tim Walz put policies in place that protect our fundamental freedoms and defeat Donald Trump and MAGA Republicans this election. Take action at go.kamalaharris.com.
--------------------------------------
Follow Vice President Kamala Harris!

Kamala's Twitter: https://twitter.com/KamalaHarris
Kamala's Tiktok: www.tiktok.com/@kamalaharris
Kamala’s Instagram: https://www.instagram.com/KamalaHarris  
Kamala's Twitch: https://www.twitch.tv/kamalaharris
Kamala's Facebook: https://www.facebook.com/KamalaHarris
Kamala's Threads: https://www.threads.net/@kamalaharris

#KamalaHarris #Harris2024",20,963015,45857,2400,False,UNPLAYABLE,https://www.youtube.com/watch?v=2HJOuGlKtxk,2026-08-24T15:52:01+00:00,
8_sY8AUCRkg,2024-10-19,Democratic,candidate,harris,Kamala Harris,UC0XBsJpPhOLg0k4x9ZwrWzw,UC0XBsJpPhOLg0k4x9ZwrWzw,117,YouTube Shorts,Donald Trump is the type of leader who beats people down.,"Help Vice President Kamala Harris and Governor Tim Walz put policies in place that protect our fundamental freedoms and defeat Donald Trump and MAGA Republicans this election. Take action at go.kamalaharris.com.
--------------------------------------
Follow Vice President Kamala Harris!

Kamala's Twitter: https://twitter.com/KamalaHarris
Kamala's Tiktok: www.tiktok.com/@kamalaharris
Kamala’s Instagram: https://www.instagram.com/KamalaHarris  
Kamala's Twitch: https://www.twitch.tv/kamalaharris
Kamala's Facebook: https://www.facebook.com/KamalaHarris
Kamala's Threads: https://www.threads.net/@kamalaharris

#KamalaHarris #Harris2024 #shorts #youtubeshorts #election #election2024",34,202894,6859,581,False,UNPLAYABLE,https://www.youtube.com/watch?v=8_sY8AUCRkg,2026-08-24T15:52:02+00:00,
EoI-h_XLP9o,2024-10-19,Democratic,candidate,harris,Kamala Harris,UC0XBsJpPhOLg0k4x9ZwrWzw,UC0XBsJpPhOLg0k4x9ZwrWzw,118,YouTube Shorts,"As president, I will sign the PRO Act into law and make it easier to join a union.","Help Vice President Kamala Harris and Governor Tim Walz put policies in place that protect our fundamental freedoms and defeat Donald Trump and MAGA Republicans this election. Take action at go.kamalaharris.com.
--------------------------------------
Follow Vice President Kamala Harris!

Kamala's Twitter: https://twitter.com/KamalaHarris
Kamala's Tiktok: www.tiktok.com/@kamalaharris
Kamala’s Instagram: https://www.instagram.com/KamalaHarris  
Kamala's Twitch: https://www.twitch.tv/kamalaharris
Kamala's Facebook: https://www.facebook.com/KamalaHarris
Kamala's Threads: https://www.threads.net/@kamalaharris

#KamalaHarris #Harris2024 #shorts #youtubeshorts #election #election2024",38,124198,5676,461,False,UNPLAYABLE,https://www.youtube.com/watch?v=EoI-h_XLP9o,2026-08-24T15:52:02+00:00,
Oj-hv3fvPtw,2024-10-19,Democratic,candidate,harris,Kamala Harris,UC0XBsJpPhOLg0k4x9ZwrWzw,UC0XBsJpPhOLg0k4x9ZwrWzw,115,YouTube Shorts,"Let’s break some early voting records, Detroit.","Help Vice President Kamala Harris and Governor Tim Walz put policies in place that protect our fundamental freedoms and defeat Donald Trump and MAGA Republicans this election. Take action at go.kamalaharris.com.
--------------------------------------
Follow Vice President Kamala Harris!

Kamala's Twitter: https://twitter.com/KamalaHarris
Kamala's Tiktok: www.tiktok.com/@kamalaharris
Kamala’s Instagram: https://www.instagram.com/KamalaHarris  
Kamala's Twitch: https://www.twitch.tv/kamalaharris
Kamala's Facebook: https://www.facebook.com/KamalaHarris
Kamala's Threads: https://www.threads.net/@kamalaharris

#KamalaHarris #Harris2024",9,387011,20258,1400,False,UNPLAYABLE,https://www.youtube.com/watch?v=Oj-hv3fvPtw,2026-08-24T15:52:01+00:00,
VXFwHtkUIIo,2024-10-19,Democratic,candidate,harris,Kamala Harris,UC0XBsJpPhOLg0k4x9ZwrWzw,UC0XBsJpPhOLg0k4x9ZwrWzw,112,YouTube Shorts,Donald Trump is unfit to be President of the United States.,"Help Vice President Kamala Harris and Governor Tim Walz put policies in place that protect our fundamental freedoms and defeat Donald Trump and MAGA Republicans this election. Take action at go.kamalaharris.com.
--------------------------------------
Follow Vice President Kamala Harris!

Kamala's Twitter: https://twitter.com/KamalaHarris
Kamala's Tiktok: www.tiktok.com/@kamalaharris
Kamala’s Instagram: https://www.instagram.com/KamalaHarris  
Kamala's Twitch: https://www.twitch.tv/kamalaharris
Kamala's Facebook: https://www.facebook.com/KamalaHarris
Kamala's Threads: https://www.threads.net/@kamalaharris

#KamalaHarris #Harris2024",17,65880,2105,417,False,UNPLAYABLE,https://www.youtube.com/watch?v=VXFwHtkUIIo,2026-08-24T15:51:59+00:00,
epLuvE--qq4,2024-10-19,Democratic,candidate,harris,Kamala Harris,UC0XBsJpPhOLg0k4x9ZwrWzw,UC0XBsJpPhOLg0k4x9ZwrWzw,116,YouTube Shorts,"If Trump is so exhausted from the campaign trail, is he fit for the toughest job in the world?","Help Vice President Kamala Harris and Governor Tim Walz put policies in place that protect our fundamental freedoms and defeat Donald Trump and MAGA Republicans this election. Take action at go.kamalaharris.com.
--------------------------------------
Follow Vice President Kamala Harris!

Kamala's Twitter: https://twitter.com/KamalaHarris
Kamala's Tiktok: www.tiktok.com/@kamalaharris
Kamala’s Instagram: https://www.instagram.com/KamalaHarris  
Kamala's Twitch: https://www.twitch.tv/kamalaharris
Kamala's Facebook: https://www.facebook.com/KamalaHarris
Kamala's Threads: https://www.threads.net/@kamalaharris

#KamalaHarris #Harris2024 #shorts #youtubeshorts #election #election2024",29,158314,7438,828,False,UNPLAYABLE,https://www.youtube.com/watch?v=epLuvE--qq4,2026-08-24T15:52:01+00:00,
jUrl9Nwo6Wg,2024-10-19,Democratic,candidate,harris,Kamala Harris,UC0XBsJpPhOLg0k4x9ZwrWzw,UC0XBsJpPhOLg0k4x9ZwrWzw,114,YouTube Shorts,"I always say I eat ""no"" for breakfast.","Help Vice President Kamala Harris and Governor Tim Walz put policies in place that protect our fundamental freedoms and defeat Donald Trump and MAGA Republicans this election. Take action at go.kamalaharris.com.
--------------------------------------
Follow Vice President Kamala Harris!

Kamala's Twitter: https://twitter.com/KamalaHarris
Kamala's Tiktok: www.tiktok.com/@kamalaharris
Kamala’s Instagram: https://www.instagram.com/KamalaHarris  
Kamala's Twitch: https://www.twitch.tv/kamalaharris
Kamala's Facebook: https://www.facebook.com/KamalaHarris
Kamala's Threads: https://www.threads.net/@kamalaharris

#KamalaHarris #Harris2024",40,390186,32364,1700,False,UNPLAYABLE,https://www.youtube.com/watch?v=jUrl9Nwo6Wg,2026-08-24T15:52:01+00:00,
u_knx6fdR1Q,2024-10-19,Democratic,candidate,harris,Kamala Harris,UC0XBsJpPhOLg0k4x9ZwrWzw,UC0XBsJpPhOLg0k4x9ZwrWzw,119,YouTube Shorts,Now this is a crew.,"Help Vice President Kamala Harris and Governor Tim Walz put policies in place that protect our fundamental freedoms and defeat Donald Trump and MAGA Republicans this election. Take action at go.kamalaharris.com.
--------------------------------------
Follow Vice President Kamala Harris!

Kamala's Twitter: https://twitter.com/KamalaHarris
Kamala's Tiktok: www.tiktok.com/@kamalaharris
Kamala’s Instagram: https://www.instagram.com/KamalaHarris  
Kamala's Twitch: https://www.twitch.tv/kamalaharris
Kamala's Facebook: https://www.facebook.com/KamalaHarris
Kamala's Threads: https://www.threads.net/@kamalaharris

#KamalaHarris #Harris2024",27,1014597,54840,3500,False,UNPLAYABLE,https://www.youtube.com/watch?v=u_knx6fdR1Q,2026-08-24T15:52:19+00:00,
2ti0J7j7CtE,2024-10-20,Democratic,candidate,harris,Kamala Harris,UC0XBsJpPhOLg0k4x9ZwrWzw,UC0XBsJpPhOLg0k4x9ZwrWzw,111,YouTube Shorts,"Stacey, my best friend from kindergarten, is still my best friend today.","Help Vice President Kamala Harris and Governor Tim Walz put policies in place that protect our fundamental freedoms and defeat Donald Trump and MAGA Republicans this election. Take action at go.kamalaharris.com.
--------------------------------------
Follow Vice President Kamala Harris!

Kamala's Twitter: https://twitter.com/KamalaHarris
Kamala's Tiktok: www.tiktok.com/@kamalaharris
Kamala’s Instagram: https://www.instagram.com/KamalaHarris  
Kamala's Twitch: https://www.twitch.tv/kamalaharris
Kamala's Facebook: https://www.facebook.com/KamalaHarris
Kamala's Threads: https://www.threads.net/@kamalaharris

#KamalaHarris #Harris2024 #shorts #youtubeshorts #election #election2024",56,301644,26724,955,False,UNPLAYABLE,https://www.youtube.com/watch?v=2ti0J7j7CtE,2026-08-24T15:51:58+00:00,
jyVmSLWxG3g,2024-10-20,Democratic,candidate,harris,Kamala Harris,UC0XBsJpPhOLg0k4x9ZwrWzw,UC0XBsJpPhOLg0k4x9ZwrWzw,110,YouTube Shorts,Thank you to my friend @steviewonder—it’s a joy to spend my birthday in Georgia with all of you.,"Help Vice President Kamala Harris and Governor Tim Walz put policies in place that protect our fundamental freedoms and defeat Donald Trump and MAGA Republicans this election. Take action at https://go.kamalaharris.com.
--------------------------------------
Follow Vice President Kamala Harris!

Kamala's Twitter: https://twitter.com/KamalaHarris
Kamala's Tiktok: https://tiktok.com/@kamalaharris
Kamala’s Instagram: https://www.instagram.com/KamalaHarris  
Kamala's Twitch: https://www.twitch.tv/kamalaharris
Kamala's Facebook: https://www.facebook.com/KamalaHarris
Kamala's Threads: https://www.threads.net/@kamalaharris

#KamalaHarris #Harris2024 #shorts #youtubeshorts #election #election2024",39,141100,14545,929,False,UNPLAYABLE,https://www.youtube.com/watch?v=jyVmSLWxG3g,2026-08-24T15:52:05+00:00,
05GMnOs4qOw,2024-10-21,Democratic,candidate,harris,Kamala Harris,UC0XBsJpPhOLg0k4x9ZwrWzw,UC0XBsJpPhOLg0k4x9ZwrWzw,106,YouTube Shorts,"Sometimes you hit the note, sometimes you don't.","Help Vice President Kamala Harris and Governor Tim Walz put policies in place that protect our fundamental freedoms and defeat Donald Trump and MAGA Republicans this election. Take action at go.kamalaharris.com.
--------------------------------------
Follow Vice President Kamala Harris!

Kamala's Twitter: https://twitter.com/KamalaHarris
Kamala's Tiktok: www.tiktok.com/@kamalaharris
Kamala’s Instagram: https://www.instagram.com/KamalaHarris  
Kamala's Twitch: https://www.twitch.tv/kamalaharris
Kamala's Facebook: https://www.facebook.com/KamalaHarris
Kamala's Threads: https://www.threads.net/@kamalaharris

#KamalaHarris #Harris2024 #shorts #youtubeshorts #election #election2024",31,178341,9780,936,False,UNPLAYABLE,https://www.youtube.com/watch?v=05GMnOs4qOw,2026-08-24T15:51:57+00:00,
4U_LdQBpPtY,2024-10-21,Democratic,candidate,harris,Kamala Harris,UC0XBsJpPhOLg0k4x9ZwrWzw,UC0XBsJpPhOLg0k4x9ZwrWzw,107,YouTube Shorts,I know what it is like to care for an aging parent while working full-time.,"That is why my opportunity agenda will make life easier for those taking care of their parents and grandparents by having Medicare cover the cost of home health care. 

Help Vice President Kamala Harris and Governor Tim Walz put policies in place that protect our fundamental freedoms and defeat Donald Trump and MAGA Republicans this election. Take action at https://go.kamalaharris.com.
--------------------------------------
Follow Vice President Kamala Harris!

Kamala's Twitter: https://twitter.com/KamalaHarris
Kamala's Tiktok: https://tiktok.com/@kamalaharris
Kamala’s Instagram: https://www.instagram.com/KamalaHarris  
Kamala's Twitch: https://www.twitch.tv/kamalaharris
Kamala's Facebook: https://www.facebook.com/KamalaHarris
Kamala's Threads: https://www.threads.net/@kamalaharris

#KamalaHarris #Harris2024 #shorts #election2024 #youtubeshorts #election",22,98415,7294,488,False,UNPLAYABLE,https://www.youtube.com/watch?v=4U_LdQBpPtY,2026-08-24T15:51:57+00:00,
6w9xR_T2Mjo,2024-10-21,Democratic,candidate,harris,Kamala Harris,UC0XBsJpPhOLg0k4x9ZwrWzw,UC0XBsJpPhOLg0k4x9ZwrWzw,109,YouTube Shorts,"Thank you, Nora, for all your support. I can’t believe you’re headed to college.","Help Vice President Kamala Harris and Governor Tim Walz put policies in place that protect our fundamental freedoms and defeat Donald Trump and MAGA Republicans this election. Take action at go.kamalaharris.com.
--------------------------------------
Follow Vice President Kamala Harris!

Kamala's Twitter: https://twitter.com/KamalaHarris
Kamala's Tiktok: www.tiktok.com/@kamalaharris
Kamala’s Instagram: https://www.instagram.com/KamalaHarris  
Kamala's Twitch: https://www.twitch.tv/kamalaharris
Kamala's Facebook: https://www.facebook.com/KamalaHarris
Kamala's Threads: https://www.threads.net/@kamalaharris

#KamalaHarris #Harris2024 #shorts #youtubeshorts #election #election2024",41,197191,14338,486,False,UNPLAYABLE,https://www.youtube.com/watch?v=6w9xR_T2Mjo,2026-08-24T15:51:57+00:00,
YZRaO2Mw4i0,2024-10-21,Democratic,candidate,harris,Kamala Harris,UC0XBsJpPhOLg0k4x9ZwrWzw,UC0XBsJpPhOLg0k4x9ZwrWzw,108,YouTube Shorts,Grabbed some Tasty Ranch Dill pretzels for Doug from Port City Pretzel in Portsmouth.,"Help Vice President Kamala Harris and Governor Tim Walz put policies in place that protect our fundamental freedoms and defeat Donald Trump and MAGA Republicans this election. Take action at go.kamalaharris.com.
--------------------------------------
Follow Vice President Kamala Harris!

Kamala's Twitter: https://twitter.com/KamalaHarris
Kamala's Tiktok: www.tiktok.com/@kamalaharris
Kamala’s Instagram: https://www.instagram.com/KamalaHarris  
Kamala's Twitch: https://www.twitch.tv/kamalaharris
Kamala's Facebook: https://www.facebook.com/KamalaHarris
Kamala's Threads: https://www.threads.net/@kamalaharris

#KamalaHarris #Harris2024 #shorts #youtubeshorts #election #election2024",25,1081030,39343,1400,False,UNPLAYABLE,https://www.youtube.com/watch?v=YZRaO2Mw4i0,2026-08-24T15:51:57+00:00,
D5inLawEBME,2024-10-21,Republican,party,rnc,GOP,UC3o7kbpTUQ5-0WTMIp8sVwA,UC3o7kbpTUQ5-0WTMIp8sVwA,90,YouTube Shorts,President Trump knows how to make an entrance!,"President Trump knows how to make an entrance!

Thank you, Pennsylvania!
#MAGADonalds",50,2835,178,22,False,UNPLAYABLE,https://www.youtube.com/watch?v=D5inLawEBME,2026-08-24T15:49:21+00:00,
bGcpW_0IZEA,2024-10-21,Republican,party,rnc,GOP,UC3o7kbpTUQ5-0WTMIp8sVwA,UC3o7kbpTUQ5-0WTMIp8sVwA,87,YouTube Shorts,Great day in North Carolina!,Great day in North Carolina!,27,1379,111,6,False,UNPLAYABLE,https://www.youtube.com/watch?v=bGcpW_0IZEA,2026-08-24T15:49:20+00:00,
kC00Q2ekHdw,2024-10-21,Republican,party,rnc,GOP,UC3o7kbpTUQ5-0WTMIp8sVwA,UC3o7kbpTUQ5-0WTMIp8sVwA,89,YouTube Shorts,WOMEN FOR TRUMP! 🇺🇸,WOMEN FOR TRUMP! 🇺🇸,14,1118,100,14,False,UNPLAYABLE,https://www.youtube.com/watch?v=kC00Q2ekHdw,2026-08-24T15:49:21+00:00,
lymimkoPej8,2024-10-21,Republican,party,rnc,GOP,UC3o7kbpTUQ5-0WTMIp8sVwA,UC3o7kbpTUQ5-0WTMIp8sVwA,91,YouTube Shorts,MAGADonald's!,#MAGADonald's! 🍔 🍟,64,600,74,5,False,UNPLAYABLE,https://www.youtube.com/watch?v=lymimkoPej8,2026-08-24T15:49:22+00:00,
oshaseHJDXk,2024-10-21,Republican,party,rnc,GOP,UC3o7kbpTUQ5-0WTMIp8sVwA,UC3o7kbpTUQ5-0WTMIp8sVwA,88,YouTube Shorts,"Kamala tells Christians they don't belong at her rally, while President Trump prays with them.","Kamala tells Christians they don't belong at her rally, while President Trump prays with them.

The difference is clear.",79,2232,89,19,False,UNPLAYABLE,https://www.youtube.com/watch?v=oshaseHJDXk,2026-08-24T15:49:21+00:00,
E7PZ1recjLw,2024-10-22,Democratic,candidate,harris,Kamala Harris,UC0XBsJpPhOLg0k4x9ZwrWzw,UC0XBsJpPhOLg0k4x9ZwrWzw,105,YouTube Shorts,Donald Trump is rambling about nonsense.,"Help Vice President Kamala Harris and Governor Tim Walz put policies in place that protect our fundamental freedoms and defeat Donald Trump and MAGA Republicans this election. Take action at https://go.kamalaharris.com.
--------------------------------------
Follow Vice President Kamala Harris!

Kamala's Twitter: https://twitter.com/KamalaHarris
Kamala's Tiktok: https://tiktok.com/@kamalaharris
Kamala’s Instagram: https://www.instagram.com/KamalaHarris  
Kamala's Twitch: https://www.twitch.tv/kamalaharris
Kamala's Facebook: https://www.facebook.com/KamalaHarris
Kamala's Threads: https://www.threads.net/@kamalaharris

#KamalaHarris #Harris2024 #shorts #youtubeshorts #election #election2024",19,64908,3903,454,False,UNPLAYABLE,https://www.youtube.com/watch?v=E7PZ1recjLw,2026-08-24T15:51:56+00:00,
Gyzz3yIq1Jk,2024-10-22,Democratic,candidate,harris,Kamala Harris,UC0XBsJpPhOLg0k4x9ZwrWzw,UC0XBsJpPhOLg0k4x9ZwrWzw,104,YouTube Shorts,"We will never stop saying Amber Nicole Thurman's name, and we will not let her be just a statistic.","Donald Trump refuses to take accountability, or even acknowledge, the pain and suffering he has caused.
Help Vice President Kamala Harris and Governor Tim Walz put policies in place that protect our fundamental freedoms and defeat Donald Trump and MAGA Republicans this election. Take action at https://go.kamalaharris.com.
--------------------------------------
Follow Vice President Kamala Harris!

Kamala's Twitter: https://twitter.com/KamalaHarris
Kamala's Tiktok: https://tiktok.com/@kamalaharris
Kamala’s Instagram: https://www.instagram.com/KamalaHarris  
Kamala's Twitch: https://www.twitch.tv/kamalaharris
Kamala's Facebook: https://www.facebook.com/KamalaHarris
Kamala's Threads: https://www.threads.net/@kamalaharris

#KamalaHarris #Harris2024 #shorts #youtubeshorts #election #election2024",56,228655,17382,812,False,UNPLAYABLE,https://www.youtube.com/watch?v=Gyzz3yIq1Jk,2026-08-24T15:51:56+00:00,
cx_efZ6f1Lo,2024-10-22,Democratic,candidate,harris,Kamala Harris,UC0XBsJpPhOLg0k4x9ZwrWzw,UC0XBsJpPhOLg0k4x9ZwrWzw,102,YouTube Shorts,Take it from the people who know Donald Trump best: He is unfit to be president.,"Help Vice President Kamala Harris and Governor Tim Walz put policies in place that protect our fundamental freedoms and defeat Donald Trump and MAGA Republicans this election. Take action at https://go.kamalaharris.com.
--------------------------------------
Follow Vice President Kamala Harris!

Kamala's Twitter: https://twitter.com/KamalaHarris
Kamala's Tiktok: https://tiktok.com/@kamalaharris
Kamala’s Instagram: https://www.instagram.com/KamalaHarris  
Kamala's Twitch: https://www.twitch.tv/kamalaharris
Kamala's Facebook: https://www.facebook.com/KamalaHarris
Kamala's Threads: https://www.threads.net/@kamalaharris

#KamalaHarris #Harris2024",37,128717,3475,422,False,UNPLAYABLE,https://www.youtube.com/watch?v=cx_efZ6f1Lo,2026-08-24T15:51:53+00:00,
lJAzo_88xAY,2024-10-22,Democratic,candidate,harris,Kamala Harris,UC0XBsJpPhOLg0k4x9ZwrWzw,UC0XBsJpPhOLg0k4x9ZwrWzw,103,YouTube Shorts,Detroit is a town of people who have grit and determination.,"Help Vice President Kamala Harris and Governor Tim Walz put policies in place that protect our fundamental freedoms and defeat Donald Trump and MAGA Republicans this election. Take action at https://go.kamalaharris.com.
--------------------------------------
Follow Vice President Kamala Harris!

Kamala's Twitter: https://twitter.com/KamalaHarris
Kamala's Tiktok: https://tiktok.com/@kamalaharris
Kamala’s Instagram: https://www.instagram.com/KamalaHarris  
Kamala's Twitch: https://www.twitch.tv/kamalaharris
Kamala's Facebook: https://www.facebook.com/KamalaHarris
Kamala's Threads: https://www.threads.net/@kamalaharris

#KamalaHarris #Harris2024",25,54836,5297,437,False,UNPLAYABLE,https://www.youtube.com/watch?v=lJAzo_88xAY,2026-08-24T15:51:54+00:00,
52juuR_V80Y,2024-10-22,Republican,party,rnc,GOP,UC3o7kbpTUQ5-0WTMIp8sVwA,UC3o7kbpTUQ5-0WTMIp8sVwA,82,YouTube Shorts,WE DID IT JOE,WE DID IT JOE!,18,3355,76,23,False,UNPLAYABLE,https://www.youtube.com/watch?v=52juuR_V80Y,2026-08-24T15:49:17+00:00,
WRr0P4illaw,2024-10-22,Republican,party,rnc,GOP,UC3o7kbpTUQ5-0WTMIp8sVwA,UC3o7kbpTUQ5-0WTMIp8sVwA,83,YouTube Shorts,Welcome to the GOP Tulsi!,Welcome to the GOP Tulsi!,68,1064,120,15,False,UNPLAYABLE,https://www.youtube.com/watch?v=WRr0P4illaw,2026-08-24T15:49:18+00:00,
jNPiFNNGqxk,2024-10-22,Republican,party,rnc,GOP,UC3o7kbpTUQ5-0WTMIp8sVwA,UC3o7kbpTUQ5-0WTMIp8sVwA,84,YouTube Shorts,Merry Christmas Kamala!,Merry Christmas Kamala!,11,6904,219,46,False,UNPLAYABLE,https://www.youtube.com/watch?v=jNPiFNNGqxk,2026-08-24T15:49:24+00:00,
wT4V4upLFaQ,2024-10-22,Republican,party,rnc,GOP,UC3o7kbpTUQ5-0WTMIp8sVwA,UC3o7kbpTUQ5-0WTMIp8sVwA,86,YouTube Shorts,President Trump will Make America Safe Again!,,30,599,92,3,False,UNPLAYABLE,https://www.youtube.com/watch?v=wT4V4upLFaQ,2026-08-24T15:49:20+00:00,
yq6ZFiAXHc0,2024-10-22,Republican,party,rnc,GOP,UC3o7kbpTUQ5-0WTMIp8sVwA,UC3o7kbpTUQ5-0WTMIp8sVwA,85,YouTube Shorts,We have TWO WEEKS to get out the vote and Make America Great Again!,"We have TWO WEEKS to get out the vote and Make America Great Again!

Go to swampthevoteusa.com to make a plan!",54,844,77,8,False,UNPLAYABLE,https://www.youtube.com/watch?v=yq6ZFiAXHc0,2026-08-24T15:49:25+00:00,
CFaUd5H9rkM,2024-10-23,Democratic,candidate,harris,Kamala Harris,UC0XBsJpPhOLg0k4x9ZwrWzw,UC0XBsJpPhOLg0k4x9ZwrWzw,98,YouTube Shorts,Here's what I believe about Donald Trump.,"Help Vice President Kamala Harris and Governor Tim Walz put policies in place that protect our fundamental freedoms and defeat Donald Trump and MAGA Republicans this election. Take action at https://go.kamalaharris.com.
--------------------------------------
Follow Vice President Kamala Harris!

Kamala's Twitter: https://twitter.com/KamalaHarris
Kamala's Tiktok: https://tiktok.com/@kamalaharris
Kamala’s Instagram: https://www.instagram.com/KamalaHarris  
Kamala's Twitch: https://www.twitch.tv/kamalaharris
Kamala's Facebook: https://www.facebook.com/KamalaHarris
Kamala's Threads: https://www.threads.net/@kamalaharris

#KamalaHarris #Harris2024 #shorts #youtubeshorts #election #election2024",46,222395,10666,986,False,UNPLAYABLE,https://www.youtube.com/watch?v=CFaUd5H9rkM,2026-08-24T15:51:50+00:00,
f_y4KpP6MAU,2024-10-23,Democratic,candidate,harris,Kamala Harris,UC0XBsJpPhOLg0k4x9ZwrWzw,UC0XBsJpPhOLg0k4x9ZwrWzw,101,YouTube Shorts,"President Biden and I are counting on your leadership, Evie.","Help Vice President Kamala Harris and Governor Tim Walz put policies in place that protect our fundamental freedoms and defeat Donald Trump and MAGA Republicans this election. Take action at https://go.kamalaharris.com.
--------------------------------------
Follow Vice President Kamala Harris!

Kamala's Twitter: https://twitter.com/KamalaHarris
Kamala's Tiktok: https://tiktok.com/@kamalaharris
Kamala’s Instagram: https://www.instagram.com/KamalaHarris  
Kamala's Twitch: https://www.twitch.tv/kamalaharris
Kamala's Facebook: https://www.facebook.com/KamalaHarris
Kamala's Threads: https://www.threads.net/@kamalaharris

#KamalaHarris #Harris2024 #shorts #youtubeshorts #election #election2024",52,5357454,151435,3700,False,UNPLAYABLE,https://www.youtube.com/watch?v=f_y4KpP6MAU,2026-08-24T15:51:55+00:00,
igbdO40eRfg,2024-10-23,Democratic,candidate,harris,Kamala Harris,UC0XBsJpPhOLg0k4x9ZwrWzw,UC0XBsJpPhOLg0k4x9ZwrWzw,100,YouTube Shorts,"Mark, thanks for getting out the vote for your Auntie Kamala.","Help Vice President Kamala Harris and Governor Tim Walz put policies in place that protect our fundamental freedoms and defeat Donald Trump and MAGA Republicans this election. Take action at https://go.kamalaharris.com.
--------------------------------------
Follow Vice President Kamala Harris!

Kamala's Twitter: https://twitter.com/KamalaHarris
Kamala's Tiktok: https://tiktok.com/@kamalaharris
Kamala’s Instagram: https://www.instagram.com/KamalaHarris  
Kamala's Twitch: https://www.twitch.tv/kamalaharris
Kamala's Facebook: https://www.facebook.com/KamalaHarris
Kamala's Threads: https://www.threads.net/@kamalaharris

#KamalaHarris #Harris2024 #shorts #youtubeshorts #election #election2024",20,283439,19977,926,False,UNPLAYABLE,https://www.youtube.com/watch?v=igbdO40eRfg,2026-08-24T15:51:51+00:00,
k2PX39wnPqo,2024-10-23,Democratic,candidate,harris,Kamala Harris,UC0XBsJpPhOLg0k4x9ZwrWzw,UC0XBsJpPhOLg0k4x9ZwrWzw,99,YouTube Shorts,It's great to be back in Philadelphia.,"Help Vice President Kamala Harris and Governor Tim Walz put policies in place that protect our fundamental freedoms and defeat Donald Trump and MAGA Republicans this election. Take action at https://go.kamalaharris.com.
--------------------------------------
Follow Vice President Kamala Harris!

Kamala's Twitter: https://twitter.com/KamalaHarris
Kamala's Tiktok: https://tiktok.com/@kamalaharris
Kamala’s Instagram: https://www.instagram.com/KamalaHarris  
Kamala's Twitch: https://www.twitch.tv/kamalaharris
Kamala's Facebook: https://www.facebook.com/KamalaHarris
Kamala's Threads: https://www.threads.net/@kamalaharris

#KamalaHarris #Harris2024 #shorts #youtubeshorts #election #election2024",24,255252,12980,704,False,UNPLAYABLE,https://www.youtube.com/watch?v=k2PX39wnPqo,2026-08-24T15:51:51+00:00,
qKhDYuj0ctE,2024-10-23,Democratic,candidate,harris,Kamala Harris,UC0XBsJpPhOLg0k4x9ZwrWzw,UC0XBsJpPhOLg0k4x9ZwrWzw,97,YouTube Shorts,Donald Trump should be here tonight to talk with the American people and answer their questions.,"Instead, he refused to come.
Help Vice President Kamala Harris and Governor Tim Walz put policies in place that protect our fundamental freedoms and defeat Donald Trump and MAGA Republicans this election. Take action at https://go.kamalaharris.com.
--------------------------------------
Follow Vice President Kamala Harris!

Kamala's Twitter: https://twitter.com/KamalaHarris
Kamala's Tiktok: https://tiktok.com/@kamalaharris
Kamala’s Instagram: https://www.instagram.com/KamalaHarris  
Kamala's Twitch: https://www.twitch.tv/kamalaharris
Kamala's Facebook: https://www.facebook.com/KamalaHarris
Kamala's Threads: https://www.threads.net/@kamalaharris

#KamalaHarris #Harris2024 #shorts #youtubeshorts #election #election2024",29,235787,11395,1300,False,UNPLAYABLE,https://www.youtube.com/watch?v=qKhDYuj0ctE,2026-08-24T15:51:50+00:00,
FwCtLUuznaU,2024-10-23,Republican,party,rnc,GOP,UC3o7kbpTUQ5-0WTMIp8sVwA,UC3o7kbpTUQ5-0WTMIp8sVwA,79,YouTube Shorts,"""I was welcomed with such open arms and was made very comfortable very quickly by my father-in-law.""","RNC Co-Chair Lara Trump: ""I was welcomed with such open arms and was made very comfortable very quickly by my father-in-law.""",58,1289,107,1,False,UNPLAYABLE,https://www.youtube.com/watch?v=FwCtLUuznaU,2026-08-24T15:49:15+00:00,
XQGrXrEcHUA,2024-10-23,Republican,party,rnc,GOP,UC3o7kbpTUQ5-0WTMIp8sVwA,UC3o7kbpTUQ5-0WTMIp8sVwA,80,YouTube Shorts,Kamala Harris is a hypocrite.,Kamala Harris is a hypocrite.,18,853,84,11,False,UNPLAYABLE,https://www.youtube.com/watch?v=XQGrXrEcHUA,2026-08-24T15:49:16+00:00,
ZS4TcvyqEIo,2024-10-23,Republican,party,rnc,GOP,UC3o7kbpTUQ5-0WTMIp8sVwA,UC3o7kbpTUQ5-0WTMIp8sVwA,78,YouTube Shorts,Kamala Harris WILL ban fracking,Kamala Harris WILL ban fracking,36,441,40,6,False,UNPLAYABLE,https://www.youtube.com/watch?v=ZS4TcvyqEIo,2026-08-24T15:49:15+00:00,
oQS8525JC48,2024-10-23,Republican,party,rnc,GOP,UC3o7kbpTUQ5-0WTMIp8sVwA,UC3o7kbpTUQ5-0WTMIp8sVwA,81,YouTube Shorts,WOMEN FOR TRUMP! 🇺🇸,WOMEN FOR TRUMP! 🇺🇸,32,967,110,6,False,UNPLAYABLE,https://www.youtube.com/watch?v=oQS8525JC48,2026-08-24T15:49:16+00:00,
SbEDOz1_qlo,2024-10-23,Republican,candidate,trump,Donald J Trump,UCAql2DyGU2un1Ei2nMYsqOA,UCAql2DyGU2un1Ei2nMYsqOA,3,YouTube Shorts,"Welcome to the Party, Tulsi.",,75,125601,12025,1600,False,UNPLAYABLE,https://www.youtube.com/watch?v=SbEDOz1_qlo,2026-08-24T15:52:53+00:00,
1OmY2c_8lGQ,2024-10-24,Democratic,candidate,harris,Kamala Harris,UC0XBsJpPhOLg0k4x9ZwrWzw,UC0XBsJpPhOLg0k4x9ZwrWzw,95,YouTube Shorts,"Georgia: make your plan to vote today, and encourage your friends and family to do the same.","Help Vice President Kamala Harris and Governor Tim Walz put policies in place that protect our fundamental freedoms and defeat Donald Trump and MAGA Republicans this election. Take action at https://go.kamalaharris.com.
--------------------------------------
Follow Vice President Kamala Harris!

Kamala's Twitter: https://twitter.com/KamalaHarris
Kamala's Tiktok: https://tiktok.com/@kamalaharris
Kamala’s Instagram: https://www.instagram.com/KamalaHarris  
Kamala's Twitch: https://www.twitch.tv/kamalaharris
Kamala's Facebook: https://www.facebook.com/KamalaHarris
Kamala's Threads: https://www.threads.net/@kamalaharris

#KamalaHarris #Harris2024 #shorts #youtubeshorts #election #election2024",23,2129847,34387,1200,False,UNPLAYABLE,https://www.youtube.com/watch?v=1OmY2c_8lGQ,2026-08-24T15:51:50+00:00,
LxLcRZ63ahQ,2024-10-24,Democratic,candidate,harris,Kamala Harris,UC0XBsJpPhOLg0k4x9ZwrWzw,UC0XBsJpPhOLg0k4x9ZwrWzw,93,YouTube Shorts,"Thank you, Georgia.","Help Vice President Kamala Harris and Governor Tim Walz put policies in place that protect our fundamental freedoms and defeat Donald Trump and MAGA Republicans this election. Take action at https://go.kamalaharris.com.
--------------------------------------
Follow Vice President Kamala Harris!

Kamala's Twitter: https://twitter.com/KamalaHarris
Kamala's Tiktok: https://tiktok.com/@kamalaharris
Kamala’s Instagram: https://www.instagram.com/KamalaHarris  
Kamala's Twitch: https://www.twitch.tv/kamalaharris
Kamala's Facebook: https://www.facebook.com/KamalaHarris
Kamala's Threads: https://www.threads.net/@kamalaharris

#KamalaHarris #Harris2024",15,4576391,135555,4800,False,UNPLAYABLE,https://www.youtube.com/watch?v=LxLcRZ63ahQ,2026-08-24T15:51:50+00:00,
gX7qaCG57S4,2024-10-24,Democratic,candidate,harris,Kamala Harris,UC0XBsJpPhOLg0k4x9ZwrWzw,UC0XBsJpPhOLg0k4x9ZwrWzw,96,YouTube Shorts,Donald Trump is simply exhausted.,"Help Vice President Kamala Harris and Governor Tim Walz put policies in place that protect our fundamental freedoms and defeat Donald Trump and MAGA Republicans this election. Take action at https://go.kamalaharris.com.
--------------------------------------
Follow Vice President Kamala Harris!

Kamala's Twitter: https://twitter.com/KamalaHarris
Kamala's Tiktok: https://tiktok.com/@kamalaharris
Kamala’s Instagram: https://www.instagram.com/KamalaHarris  
Kamala's Twitch: https://www.twitch.tv/kamalaharris
Kamala's Facebook: https://www.facebook.com/KamalaHarris
Kamala's Threads: https://www.threads.net/@kamalaharris

#KamalaHarris #Harris2024 #shorts #youtubeshorts #election #election2024",14,50732,3657,435,False,UNPLAYABLE,https://www.youtube.com/watch?v=gX7qaCG57S4,2026-08-24T15:51:50+00:00,
tDLHxmAMg9w,2024-10-24,Democratic,candidate,harris,Kamala Harris,UC0XBsJpPhOLg0k4x9ZwrWzw,UC0XBsJpPhOLg0k4x9ZwrWzw,94,YouTube Shorts,Donald Trump’s plan would be a disaster for entrepreneurs and small business owners.,"Help Vice President Kamala Harris and Governor Tim Walz put policies in place that protect our fundamental freedoms and defeat Donald Trump and MAGA Republicans this election. Take action at https://go.kamalaharris.com.
--------------------------------------
Follow Vice President Kamala Harris!

Kamala's Twitter: https://twitter.com/KamalaHarris
Kamala's Tiktok: https://tiktok.com/@kamalaharris
Kamala’s Instagram: https://www.instagram.com/KamalaHarris  
Kamala's Twitch: https://www.twitch.tv/kamalaharris
Kamala's Facebook: https://www.facebook.com/KamalaHarris
Kamala's Threads: https://www.threads.net/@kamalaharris

#KamalaHarris #Harris2024",29,164230,7732,880,False,UNPLAYABLE,https://www.youtube.com/watch?v=tDLHxmAMg9w,2026-08-24T15:51:50+00:00,
-N7R7euR9HQ,2024-10-24,Republican,party,rnc,GOP,UC3o7kbpTUQ5-0WTMIp8sVwA,UC3o7kbpTUQ5-0WTMIp8sVwA,75,YouTube Shorts,Kamala would be the Divider and Chief.,"Two-faced Kamala has been pushing hateful rhetoric for years! In one breath she attacks President Trump and Republicans and in the next, she calls for ""unity.""  

She would be the Divider and Chief.",47,417,33,9,False,UNPLAYABLE,https://www.youtube.com/watch?v=-N7R7euR9HQ,2026-08-24T15:49:12+00:00,
AeO5AjXMEK0,2024-10-24,Republican,party,rnc,GOP,UC3o7kbpTUQ5-0WTMIp8sVwA,UC3o7kbpTUQ5-0WTMIp8sVwA,76,YouTube Shorts,"""An undocumented immigrant is not a criminal."" -Kamala Harris","""An undocumented immigrant is not a criminal."" -Kamala Harris",62,636,61,18,False,UNPLAYABLE,https://www.youtube.com/watch?v=AeO5AjXMEK0,2026-08-24T15:49:13+00:00,
F7lZSIcDv54,2024-10-24,Republican,party,rnc,GOP,UC3o7kbpTUQ5-0WTMIp8sVwA,UC3o7kbpTUQ5-0WTMIp8sVwA,77,YouTube Shorts,BLACK AMERICANS FOR TRUMP,Kamala Harris and Democrats have left Black Americans behind,48,2176,130,20,False,UNPLAYABLE,https://www.youtube.com/watch?v=F7lZSIcDv54,2026-08-24T15:49:13+00:00,
2p9JyiRNyuo,2024-10-25,Democratic,candidate,harris,Kamala Harris,UC0XBsJpPhOLg0k4x9ZwrWzw,UC0XBsJpPhOLg0k4x9ZwrWzw,92,YouTube Shorts,"Chef Rene, your cooking left me speechless.","Help Vice President Kamala Harris and Governor Tim Walz put policies in place that protect our fundamental freedoms and defeat Donald Trump and MAGA Republicans this election. Take action at https://go.kamalaharris.com.
--------------------------------------
Follow Vice President Kamala Harris!

Kamala's Twitter: https://twitter.com/KamalaHarris
Kamala's Tiktok: https://tiktok.com/@kamalaharris
Kamala’s Instagram: https://www.instagram.com/KamalaHarris  
Kamala's Twitch: https://www.twitch.tv/kamalaharris
Kamala's Facebook: https://www.facebook.com/KamalaHarris
Kamala's Threads: https://www.threads.net/@kamalaharris

#KamalaHarris #Harris2024",39,737893,50944,2100,False,UNPLAYABLE,https://www.youtube.com/watch?v=2p9JyiRNyuo,2026-08-24T15:51:47+00:00,
AV1oK64lYsM,2024-10-25,Democratic,candidate,harris,Kamala Harris,UC0XBsJpPhOLg0k4x9ZwrWzw,UC0XBsJpPhOLg0k4x9ZwrWzw,90,YouTube Shorts,It was good to be back in Georgia. Polls are open—now get out and vote.,"Help Vice President Kamala Harris and Governor Tim Walz put policies in place that protect our fundamental freedoms and defeat Donald Trump and MAGA Republicans this election. Take action at https://go.kamalaharris.com.
--------------------------------------
Follow Vice President Kamala Harris!

Kamala's Twitter: https://twitter.com/KamalaHarris
Kamala's Tiktok: https://tiktok.com/@kamalaharris
Kamala’s Instagram: https://www.instagram.com/KamalaHarris  
Kamala's Twitch: https://www.twitch.tv/kamalaharris
Kamala's Facebook: https://www.facebook.com/KamalaHarris
Kamala's Threads: https://www.threads.net/@kamalaharris

#KamalaHarris #Harris2024",17,605386,26048,1500,False,UNPLAYABLE,https://www.youtube.com/watch?v=AV1oK64lYsM,2026-08-24T15:51:45+00:00,
CVUqJWSAF6Q,2024-10-25,Democratic,candidate,harris,Kamala Harris,UC0XBsJpPhOLg0k4x9ZwrWzw,UC0XBsJpPhOLg0k4x9ZwrWzw,91,YouTube Shorts,Donald Trump admires dictators—and he wants to be one on day one if given the chance.,"Our democracy is at stake. Help Vice President Kamala Harris and Governor Tim Walz put policies in place that protect our fundamental freedoms and defeat Donald Trump and MAGA Republicans this election. Take action at https://go.kamalaharris.com.
--------------------------------------
Follow Vice President Kamala Harris!

Kamala's Twitter: https://twitter.com/KamalaHarris
Kamala's Tiktok: https://tiktok.com/@kamalaharris
Kamala’s Instagram: https://www.instagram.com/KamalaHarris  
Kamala's Twitch: https://www.twitch.tv/kamalaharris
Kamala's Facebook: https://www.facebook.com/KamalaHarris
Kamala's Threads: https://www.threads.net/@kamalaharris

#KamalaHarris #Harris2024 #shorts #youtubeshorts #election #election2024",25,73064,3742,589,False,UNPLAYABLE,https://www.youtube.com/watch?v=CVUqJWSAF6Q,2026-08-24T15:51:47+00:00,
H7lfiC5wE2s,2024-10-25,Democratic,candidate,harris,Kamala Harris,UC0XBsJpPhOLg0k4x9ZwrWzw,UC0XBsJpPhOLg0k4x9ZwrWzw,89,YouTube Shorts,"Thank you, @beyonce and @KellyRowland.","Help Vice President Kamala Harris and Governor Tim Walz put policies in place that protect our fundamental freedoms and defeat Donald Trump and MAGA Republicans this election. Take action at https://go.kamalaharris.com.
--------------------------------------
Follow Vice President Kamala Harris!

Kamala's Twitter: https://twitter.com/KamalaHarris
Kamala's Tiktok: https://tiktok.com/@kamalaharris
Kamala’s Instagram: https://www.instagram.com/KamalaHarris  
Kamala's Twitch: https://www.twitch.tv/kamalaharris
Kamala's Facebook: https://www.facebook.com/KamalaHarris
Kamala's Threads: https://www.threads.net/@kamalaharris

#KamalaHarris #Harris2024",22,722143,49023,3900,False,UNPLAYABLE,https://www.youtube.com/watch?v=H7lfiC5wE2s,2026-08-24T15:51:45+00:00,
JpLq1bL9aRE,2024-10-25,Republican,party,rnc,GOP,UC3o7kbpTUQ5-0WTMIp8sVwA,UC3o7kbpTUQ5-0WTMIp8sVwA,74,YouTube Shorts,This is a blatant lie by Kamala Harris.,"As President Trump said, he will NOT impose a national sales tax. This is a blatant lie by Kamala Harris.",25,5026,189,41,False,UNPLAYABLE,https://www.youtube.com/watch?v=JpLq1bL9aRE,2026-08-24T15:49:12+00:00,
OB5-OJ6YRBg,2024-10-25,Republican,party,rnc,GOP,UC3o7kbpTUQ5-0WTMIp8sVwA,UC3o7kbpTUQ5-0WTMIp8sVwA,73,YouTube Shorts,UNITE AMERICA!,,105,598,45,20,False,UNPLAYABLE,https://www.youtube.com/watch?v=OB5-OJ6YRBg,2026-08-24T15:49:11+00:00,
0xUHfRjcilA,2024-10-26,Democratic,candidate,harris,Kamala Harris,UC0XBsJpPhOLg0k4x9ZwrWzw,UC0XBsJpPhOLg0k4x9ZwrWzw,87,YouTube Shorts,"Gen Z, are you ready to have your voices heard?","Help Vice President Kamala Harris and Governor Tim Walz put policies in place that protect our fundamental freedoms and defeat Donald Trump and MAGA Republicans this election. Take action at https://go.kamalaharris.com.
--------------------------------------
Follow Vice President Kamala Harris!

Kamala's Twitter: https://twitter.com/KamalaHarris
Kamala's Tiktok: https://tiktok.com/@kamalaharris
Kamala’s Instagram: https://www.instagram.com/KamalaHarris  
Kamala's Twitch: https://www.twitch.tv/kamalaharris
Kamala's Facebook: https://www.facebook.com/KamalaHarris
Kamala's Threads: https://www.threads.net/@kamalaharris

#KamalaHarris #Harris2024",35,650495,24256,1300,False,UNPLAYABLE,https://www.youtube.com/watch?v=0xUHfRjcilA,2026-08-24T15:51:45+00:00,
4o6V4dThDhU,2024-10-26,Democratic,candidate,harris,Kamala Harris,UC0XBsJpPhOLg0k4x9ZwrWzw,UC0XBsJpPhOLg0k4x9ZwrWzw,86,YouTube Shorts,On the trail with the Boss (and President Obama).,"Help Vice President Kamala Harris and Governor Tim Walz put policies in place that protect our fundamental freedoms and defeat Donald Trump and MAGA Republicans this election. Take action at https://go.kamalaharris.com.
--------------------------------------
Follow Vice President Kamala Harris!

Kamala's Twitter: https://twitter.com/KamalaHarris
Kamala's Tiktok: https://tiktok.com/@kamalaharris
Kamala’s Instagram: https://www.instagram.com/KamalaHarris  
Kamala's Twitch: https://www.twitch.tv/kamalaharris
Kamala's Facebook: https://www.facebook.com/KamalaHarris
Kamala's Threads: https://www.threads.net/@kamalaharris

#KamalaHarris #Harris2024",32,5022526,115823,6500,False,UNPLAYABLE,https://www.youtube.com/watch?v=4o6V4dThDhU,2026-08-24T15:51:44+00:00,
UNm57-MJbVU,2024-10-26,Democratic,candidate,harris,Kamala Harris,UC0XBsJpPhOLg0k4x9ZwrWzw,UC0XBsJpPhOLg0k4x9ZwrWzw,88,YouTube Shorts,Donald Trump calls our country a garbage can.,"Help Vice President Kamala Harris and Governor Tim Walz put policies in place that protect our fundamental freedoms and defeat Donald Trump and MAGA Republicans this election. Take action at https://go.kamalaharris.com.
--------------------------------------
Follow Vice President Kamala Harris!

Kamala's Twitter: https://twitter.com/KamalaHarris
Kamala's Tiktok: https://tiktok.com/@kamalaharris
Kamala’s Instagram: https://www.instagram.com/KamalaHarris  
Kamala's Twitch: https://www.twitch.tv/kamalaharris
Kamala's Facebook: https://www.facebook.com/KamalaHarris
Kamala's Threads: https://www.threads.net/@kamalaharris

#KamalaHarris #Harris2024",11,368562,8699,957,False,UNPLAYABLE,https://www.youtube.com/watch?v=UNm57-MJbVU,2026-08-24T15:51:45+00:00,
bGB775oKdaA,2024-10-26,Democratic,candidate,harris,Kamala Harris,UC0XBsJpPhOLg0k4x9ZwrWzw,UC0XBsJpPhOLg0k4x9ZwrWzw,85,YouTube Shorts,"On Nov. 5, women will show Trump how they feel about him and his attacks on their freedoms.","Help Vice President Kamala Harris and Governor Tim Walz put policies in place that protect our fundamental freedoms and defeat Donald Trump and MAGA Republicans this election. Take action at https://go.kamalaharris.com.
--------------------------------------
Follow Vice President Kamala Harris!

Kamala's Twitter: https://twitter.com/KamalaHarris
Kamala's Tiktok: https://tiktok.com/@kamalaharris
Kamala’s Instagram: https://www.instagram.com/KamalaHarris  
Kamala's Twitch: https://www.twitch.tv/kamalaharris
Kamala's Facebook: https://www.facebook.com/KamalaHarris
Kamala's Threads: https://www.threads.net/@kamalaharris

#KamalaHarris #Harris2024",33,148031,8708,608,False,UNPLAYABLE,https://www.youtube.com/watch?v=bGB775oKdaA,2026-08-24T15:51:44+00:00,
fJ9E_J2yFsU,2024-10-26,Republican,party,rnc,GOP,UC3o7kbpTUQ5-0WTMIp8sVwA,UC3o7kbpTUQ5-0WTMIp8sVwA,71,YouTube Shorts,Kamala Harris wants to abolish ICE,FLASHBACK: Kamala Harris wants to abolish ICE,32,1422,54,11,False,UNPLAYABLE,https://www.youtube.com/watch?v=fJ9E_J2yFsU,2026-08-24T15:49:11+00:00,
wlBSs2NMuGE,2024-10-26,Republican,party,rnc,GOP,UC3o7kbpTUQ5-0WTMIp8sVwA,UC3o7kbpTUQ5-0WTMIp8sVwA,72,YouTube Shorts,"With only 10 days left, let your voice be heard!","YOUR VOTE IS YOUR VOICE! 🇺🇸 

With only 10 days left, let your voice be heard! 📢",34,749,60,11,False,UNPLAYABLE,https://www.youtube.com/watch?v=wlBSs2NMuGE,2026-08-24T15:49:11+00:00,
AIwjO4UXhm8,2024-10-27,Democratic,candidate,harris,Kamala Harris,UC0XBsJpPhOLg0k4x9ZwrWzw,UC0XBsJpPhOLg0k4x9ZwrWzw,82,YouTube Shorts,It's time to make your plan to vote.,"Help Vice President Kamala Harris and Governor Tim Walz put policies in place that protect our fundamental freedoms and defeat Donald Trump and MAGA Republicans this election. Take action at https://go.kamalaharris.com.
--------------------------------------
Follow Vice President Kamala Harris!

Kamala's Twitter: https://twitter.com/KamalaHarris
Kamala's Tiktok: https://tiktok.com/@kamalaharris
Kamala’s Instagram: https://www.instagram.com/KamalaHarris  
Kamala's Twitch: https://www.twitch.tv/kamalaharris
Kamala's Facebook: https://www.facebook.com/KamalaHarris
Kamala's Threads: https://www.threads.net/@kamalaharris

#KamalaHarris #Harris2024",6,2304232,46787,3900,False,UNPLAYABLE,https://www.youtube.com/watch?v=AIwjO4UXhm8,2026-08-24T15:51:44+00:00,
HujxuTdZTlU,2024-10-27,Democratic,candidate,harris,Kamala Harris,UC0XBsJpPhOLg0k4x9ZwrWzw,UC0XBsJpPhOLg0k4x9ZwrWzw,84,YouTube Shorts,I am a former prosecutor. Donald Trump’s DNA is all over Project 2025.,"Help Vice President Kamala Harris and Governor Tim Walz put policies in place that protect our fundamental freedoms and defeat Donald Trump and MAGA Republicans this election. Take action at https://go.kamalaharris.com.
--------------------------------------
Follow Vice President Kamala Harris!

Kamala's Twitter: https://twitter.com/KamalaHarris
Kamala's Tiktok: https://tiktok.com/@kamalaharris
Kamala’s Instagram: https://www.instagram.com/KamalaHarris  
Kamala's Twitch: https://www.twitch.tv/kamalaharris
Kamala's Facebook: https://www.facebook.com/KamalaHarris
Kamala's Threads: https://www.threads.net/@kamalaharris

#KamalaHarris #Harris2024",31,311250,15944,1700,False,UNPLAYABLE,https://www.youtube.com/watch?v=HujxuTdZTlU,2026-08-24T15:51:43+00:00,
vD5WHwprKLw,2024-10-27,Democratic,candidate,harris,Kamala Harris,UC0XBsJpPhOLg0k4x9ZwrWzw,UC0XBsJpPhOLg0k4x9ZwrWzw,83,YouTube Shorts,"Michelle, you are an inspiration.","Help Vice President Kamala Harris and Governor Tim Walz put policies in place that protect our fundamental freedoms and defeat Donald Trump and MAGA Republicans this election. Take action at https://go.kamalaharris.com.
--------------------------------------
Follow Vice President Kamala Harris!

Kamala's Twitter: https://twitter.com/KamalaHarris
Kamala's Tiktok: https://tiktok.com/@kamalaharris
Kamala’s Instagram: https://www.instagram.com/KamalaHarris  
Kamala's Twitch: https://www.twitch.tv/kamalaharris
Kamala's Facebook: https://www.facebook.com/KamalaHarris
Kamala's Threads: https://www.threads.net/@kamalaharris

#KamalaHarris #Harris2024",24,1620184,54249,2600,False,UNPLAYABLE,https://www.youtube.com/watch?v=vD5WHwprKLw,2026-08-24T15:51:41+00:00,
MJm6zClQ0Zw,2024-10-27,Republican,party,rnc,GOP,UC3o7kbpTUQ5-0WTMIp8sVwA,UC3o7kbpTUQ5-0WTMIp8sVwA,70,YouTube Shorts,President Trump has always put the American people first!,"RNC Co-Chair Lara Trump: President Trump is ""the only President to come out of the White House with less money than he went into the White House.""

President Trump has always put the American people first!",56,1680,97,27,False,UNPLAYABLE,https://www.youtube.com/watch?v=MJm6zClQ0Zw,2026-08-24T15:49:10+00:00,
9KhzjmcIcp8,2024-10-28,Democratic,candidate,harris,Kamala Harris,UC0XBsJpPhOLg0k4x9ZwrWzw,UC0XBsJpPhOLg0k4x9ZwrWzw,80,YouTube Shorts,This election is going to be close. It's time to get out and vote!,"This election is going to be close. It's time to get out and vote! https://iwillvote.com/
Help Vice President Kamala Harris and Governor Tim Walz put policies in place that protect our fundamental freedoms and defeat Donald Trump and MAGA Republicans this election. Take action at https://go.kamalaharris.com.--------------------------------------
Follow Vice President Kamala Harris!

Kamala's Twitter: https://twitter.com/KamalaHarris
Kamala's Tiktok: https://tiktok.com/@kamalaharris
Kamala’s Instagram: https://www.instagram.com/KamalaHarris  
Kamala's Twitch: https://www.twitch.tv/kamalaharris
Kamala's Facebook: https://www.facebook.com/KamalaHarris
Kamala's Threads: https://www.threads.net/@kamalaharris

#KamalaHarris #Harris2024 #shorts #youtubeshorts",12,1392090,40235,7500,False,UNPLAYABLE,https://www.youtube.com/watch?v=9KhzjmcIcp8,2026-08-24T15:51:39+00:00,
UGQFadGCQtE,2024-10-28,Democratic,candidate,harris,Kamala Harris,UC0XBsJpPhOLg0k4x9ZwrWzw,UC0XBsJpPhOLg0k4x9ZwrWzw,81,YouTube Shorts,"@steviewonder sang me ""Happy Birthday."" It was a bucket list moment. @ClubShayShay","Help Vice President Kamala Harris and Governor Tim Walz put policies in place that protect our fundamental freedoms and defeat Donald Trump and MAGA Republicans this election. Take action at https://go.kamalaharris.com.
--------------------------------------
Follow Vice President Kamala Harris!

Kamala's Twitter: https://twitter.com/KamalaHarris
Kamala's Tiktok: https://tiktok.com/@kamalaharris
Kamala’s Instagram: https://www.instagram.com/KamalaHarris  
Kamala's Twitch: https://www.twitch.tv/kamalaharris
Kamala's Facebook: https://www.facebook.com/KamalaHarris
Kamala's Threads: https://www.threads.net/@kamalaharris

#KamalaHarris #Harris2024 #shorts #youtubeshorts #election #election2024",60,521532,30331,989,False,UNPLAYABLE,https://www.youtube.com/watch?v=UGQFadGCQtE,2026-08-24T15:51:52+00:00,
xPY9ohej4qc,2024-10-28,Republican,party,rnc,GOP,UC3o7kbpTUQ5-0WTMIp8sVwA,UC3o7kbpTUQ5-0WTMIp8sVwA,69,YouTube Shorts,We Will Never Give Up!,"We are one people

We are one family 

We are one glorious nation under God

We will be excited again about the future of our country...

Together we will FIGHT, FIGHT, FIGHT and we will WIN, WIN, WIN!",36,1708,190,16,False,UNPLAYABLE,https://www.youtube.com/watch?v=xPY9ohej4qc,2026-08-24T15:49:09+00:00,
1pbckrWQoMc,2024-10-29,Democratic,candidate,harris,Kamala Harris,UC0XBsJpPhOLg0k4x9ZwrWzw,UC0XBsJpPhOLg0k4x9ZwrWzw,79,YouTube Shorts,"I chose to put Lady Justice on my presidential challenge coin. For the people, always.","Help Vice President Kamala Harris and Governor Tim Walz put policies in place that protect our fundamental freedoms and defeat Donald Trump and MAGA Republicans this election. Take action at https://go.kamalaharris.com.
--------------------------------------
Follow Vice President Kamala Harris!

Kamala's Twitter: https://twitter.com/KamalaHarris
Kamala's Tiktok: https://tiktok.com/@kamalaharris
Kamala’s Instagram: https://www.instagram.com/KamalaHarris  
Kamala's Twitch: https://www.twitch.tv/kamalaharris
Kamala's Facebook: https://www.facebook.com/KamalaHarris
Kamala's Threads: https://www.threads.net/@kamalaharris

#KamalaHarris #Harris2024 #shorts #youtubeshorts #election #election2024",19,399865,26137,1600,False,UNPLAYABLE,https://www.youtube.com/watch?v=1pbckrWQoMc,2026-08-24T15:51:39+00:00,
DLOn-hNcsSA,2024-10-29,Democratic,candidate,harris,Kamala Harris,UC0XBsJpPhOLg0k4x9ZwrWzw,UC0XBsJpPhOLg0k4x9ZwrWzw,77,YouTube Shorts,It's great to be back in Michigan. Go Blue!,"Help Vice President Kamala Harris and Governor Tim Walz put policies in place that protect our fundamental freedoms and defeat Donald Trump and MAGA Republicans this election. Take action at https://go.kamalaharris.com.
--------------------------------------
Follow Vice President Kamala Harris!

Kamala's Twitter: https://twitter.com/KamalaHarris
Kamala's Tiktok: https://tiktok.com/@kamalaharris
Kamala’s Instagram: https://www.instagram.com/KamalaHarris  
Kamala's Twitch: https://www.twitch.tv/kamalaharris
Kamala's Facebook: https://www.facebook.com/KamalaHarris
Kamala's Threads: https://www.threads.net/@kamalaharris

#KamalaHarris #Harris2024 #shorts #youtubeshorts #election #election2024",14,1614932,35696,1900,False,UNPLAYABLE,https://www.youtube.com/watch?v=DLOn-hNcsSA,2026-08-24T15:51:39+00:00,
OwdzTItujsw,2024-10-29,Democratic,candidate,harris,Kamala Harris,UC0XBsJpPhOLg0k4x9ZwrWzw,UC0XBsJpPhOLg0k4x9ZwrWzw,78,YouTube Shorts,"Dr. Roque, thank you for your commitment to providing reproductive health care.","You are making a difference by not giving up. Help Vice President Kamala Harris and Governor Tim Walz put policies in place that protect our fundamental freedoms and defeat Donald Trump and MAGA Republicans this election. Take action at https://go.kamalaharris.com.
--------------------------------------
Follow Vice President Kamala Harris!

Kamala's Twitter: https://twitter.com/KamalaHarris
Kamala's Tiktok: https://tiktok.com/@kamalaharris
Kamala’s Instagram: https://www.instagram.com/KamalaHarris  
Kamala's Twitch: https://www.twitch.tv/kamalaharris
Kamala's Facebook: https://www.facebook.com/KamalaHarris
Kamala's Threads: https://www.threads.net/@kamalaharris

#KamalaHarris #Harris2024 #shorts #youtubeshorts #election #election2024",39,397821,30472,1400,False,UNPLAYABLE,https://www.youtube.com/watch?v=OwdzTItujsw,2026-08-24T15:51:39+00:00,
XZH_QRMW39o,2024-10-29,Democratic,candidate,harris,Kamala Harris,UC0XBsJpPhOLg0k4x9ZwrWzw,UC0XBsJpPhOLg0k4x9ZwrWzw,75,YouTube Shorts,"Good evening, America.","Help Vice President Kamala Harris and Governor Tim Walz put policies in place that protect our fundamental freedoms and defeat Donald Trump and MAGA Republicans this election. Take action at https://go.kamalaharris.com.
--------------------------------------
Follow Vice President Kamala Harris!

Kamala's Twitter: https://twitter.com/KamalaHarris
Kamala's Tiktok: https://tiktok.com/@kamalaharris
Kamala’s Instagram: https://www.instagram.com/KamalaHarris  
Kamala's Twitch: https://www.twitch.tv/kamalaharris
Kamala's Facebook: https://www.facebook.com/KamalaHarris
Kamala's Threads: https://www.threads.net/@kamalaharris

#KamalaHarris #Harris2024 #shorts #youtubeshorts #election #election2024",15,138573,11463,843,False,UNPLAYABLE,https://www.youtube.com/watch?v=XZH_QRMW39o,2026-08-24T15:51:37+00:00,
huHJ4pDgHdE,2024-10-29,Democratic,candidate,harris,Kamala Harris,UC0XBsJpPhOLg0k4x9ZwrWzw,UC0XBsJpPhOLg0k4x9ZwrWzw,76,YouTube Shorts,You know what to do.,"Make your plan to vote: https://iwillvote.com

Help Vice President Kamala Harris and Governor Tim Walz put policies in place that protect our fundamental freedoms and defeat Donald Trump and MAGA Republicans this election. Take action at https://go.kamalaharris.com.

--------------------------------------
Follow Vice President Kamala Harris!

Kamala's Twitter: https://twitter.com/KamalaHarris
Kamala's Tiktok: https://tiktok.com/@kamalaharris
Kamala’s Instagram: https://www.instagram.com/KamalaHarris  
Kamala's Twitch: https://www.twitch.tv/kamalaharris
Kamala's Facebook: https://www.facebook.com/KamalaHarris
Kamala's Threads: https://www.threads.net/@kamalaharris

#KamalaHarris #Harris2024 #shorts #youtubeshorts #election2024 #election",6,322811,17839,2000,False,UNPLAYABLE,https://www.youtube.com/watch?v=huHJ4pDgHdE,2026-08-24T15:51:38+00:00,
y6jib-IE2PM,2024-10-29,Democratic,candidate,harris,Kamala Harris,UC0XBsJpPhOLg0k4x9ZwrWzw,UC0XBsJpPhOLg0k4x9ZwrWzw,74,YouTube Shorts,Tracee was the first person in line for our rally tonight. Thank you so much for being here with me.,"Help Vice President Kamala Harris and Governor Tim Walz put policies in place that protect our fundamental freedoms and defeat Donald Trump and MAGA Republicans this election. Take action at https://go.kamalaharris.com.
--------------------------------------
Follow Vice President Kamala Harris!

Kamala's Twitter: https://twitter.com/KamalaHarris
Kamala's Tiktok: https://tiktok.com/@kamalaharris
Kamala’s Instagram: https://www.instagram.com/KamalaHarris  
Kamala's Twitch: https://www.twitch.tv/kamalaharris
Kamala's Facebook: https://www.facebook.com/KamalaHarris
Kamala's Threads: https://www.threads.net/@kamalaharris

#KamalaHarris #Harris2024 #shorts #youtubeshorts #election #election2024",59,625754,59546,2500,False,UNPLAYABLE,https://www.youtube.com/watch?v=y6jib-IE2PM,2026-08-24T15:51:36+00:00,
2X87wz7_9Uk,2024-10-29,Republican,party,rnc,GOP,UC3o7kbpTUQ5-0WTMIp8sVwA,UC3o7kbpTUQ5-0WTMIp8sVwA,68,YouTube Shorts,Join the team to Save America! Make your plan to vote for President Trump today!,WATCH: Vianca Rodriguez wants you to join the team to Save America! Make your plan to vote for President Trump today!,69,412,37,16,False,UNPLAYABLE,https://www.youtube.com/watch?v=2X87wz7_9Uk,2026-08-24T15:49:09+00:00,
lQuKyUvX6Os,2024-10-29,Republican,party,rnc,GOP,UC3o7kbpTUQ5-0WTMIp8sVwA,UC3o7kbpTUQ5-0WTMIp8sVwA,67,YouTube Shorts,Only one week left to Make America Great Again! 🇺🇸,Only one week left to Make America Great Again! 🇺🇸,35,818,51,10,False,UNPLAYABLE,https://www.youtube.com/watch?v=lQuKyUvX6Os,2026-08-24T15:49:08+00:00,
0hgi6fhXU88,2024-10-30,Democratic,candidate,harris,Kamala Harris,UC0XBsJpPhOLg0k4x9ZwrWzw,UC0XBsJpPhOLg0k4x9ZwrWzw,68,YouTube Shorts,"When my mother was diagnosed with cancer, I took care of her.","I cooked her meals and found little things that put a smile on her face. It was about love and dignity. Here’s how, as president, I will ensure more of our seniors can live life with dignity.

Help Vice President Kamala Harris and Governor Tim Walz put policies in place that protect our fundamental freedoms and defeat Donald Trump and MAGA Republicans this election. Take action at https://go.kamalaharris.com.--------------------------------------
Follow Vice President Kamala Harris!

Kamala's Twitter: https://twitter.com/KamalaHarris
Kamala's Tiktok: https://tiktok.com/@kamalaharris
Kamala’s Instagram: https://www.instagram.com/KamalaHarris  
Kamala's Twitch: https://www.twitch.tv/kamalaharris
Kamala's Facebook: https://www.facebook.com/KamalaHarris
Kamala's Threads: https://www.threads.net/@kamalaharris

#KamalaHarris #Harris2024 #shorts #youtubeshorts #election #election2024",48,199442,12369,577,False,UNPLAYABLE,https://www.youtube.com/watch?v=0hgi6fhXU88,2026-08-24T15:51:32+00:00,
ITVhPXsrxrs,2024-10-30,Democratic,candidate,harris,Kamala Harris,UC0XBsJpPhOLg0k4x9ZwrWzw,UC0XBsJpPhOLg0k4x9ZwrWzw,67,YouTube Shorts,I love our country—and I pledge to be a president for all Americans.,"Help Vice President Kamala Harris and Governor Tim Walz put policies in place that protect our fundamental freedoms and defeat Donald Trump and MAGA Republicans this election. Take action at https://go.kamalaharris.com.
--------------------------------------
Follow Vice President Kamala Harris!

Kamala's Twitter: https://twitter.com/KamalaHarris
Kamala's Tiktok: https://tiktok.com/@kamalaharris
Kamala’s Instagram: https://www.instagram.com/KamalaHarris  
Kamala's Twitch: https://www.twitch.tv/kamalaharris
Kamala's Facebook: https://www.facebook.com/KamalaHarris
Kamala's Threads: https://www.threads.net/@kamalaharris

#KamalaHarris #Harris2024",13,111670,7339,635,False,UNPLAYABLE,https://www.youtube.com/watch?v=ITVhPXsrxrs,2026-08-24T15:51:31+00:00,
IU9kHyudcEo,2024-10-30,Democratic,candidate,harris,Kamala Harris,UC0XBsJpPhOLg0k4x9ZwrWzw,UC0XBsJpPhOLg0k4x9ZwrWzw,71,YouTube Shorts,Listen to @maggierogersmusic and @TimWalz: Make your plan to vote! Let’s win this thing.,"Help Vice President Kamala Harris and Governor Tim Walz put policies in place that protect our fundamental freedoms and defeat Donald Trump and MAGA Republicans this election. Take action at https://go.kamalaharris.com.
--------------------------------------
Follow Vice President Kamala Harris!

Kamala's Twitter: https://twitter.com/KamalaHarris
Kamala's Tiktok: https://tiktok.com/@kamalaharris
Kamala’s Instagram: https://www.instagram.com/KamalaHarris  
Kamala's Twitch: https://www.twitch.tv/kamalaharris
Kamala's Facebook: https://www.facebook.com/KamalaHarris
Kamala's Threads: https://www.threads.net/@kamalaharris

#KamalaHarris #Harris2024 #shorts #youtubeshorts #election #election2024",16,203890,9879,825,False,UNPLAYABLE,https://www.youtube.com/watch?v=IU9kHyudcEo,2026-08-24T15:51:34+00:00,
_6gJVRVftxs,2024-10-30,Democratic,candidate,harris,Kamala Harris,UC0XBsJpPhOLg0k4x9ZwrWzw,UC0XBsJpPhOLg0k4x9ZwrWzw,70,YouTube Shorts,"Surround yourself with people who know that you are bright, you are smart, and you are a leader.","Help Vice President Kamala Harris and Governor Tim Walz put policies in place that protect our fundamental freedoms and defeat Donald Trump and MAGA Republicans this election. Take action at https://go.kamalaharris.com.
--------------------------------------
Follow Vice President Kamala Harris!

Kamala's Twitter: https://twitter.com/KamalaHarris
Kamala's Tiktok: https://tiktok.com/@kamalaharris
Kamala’s Instagram: https://www.instagram.com/KamalaHarris  
Kamala's Twitch: https://www.twitch.tv/kamalaharris
Kamala's Facebook: https://www.facebook.com/KamalaHarris
Kamala's Threads: https://www.threads.net/@kamalaharris

#KamalaHarris #Harris2024 #shorts #youtubeshorts #election #election2024",47,454586,32387,957,False,UNPLAYABLE,https://www.youtube.com/watch?v=_6gJVRVftxs,2026-08-24T15:51:33+00:00,
bMrWA7QEHFU,2024-10-30,Democratic,candidate,harris,Kamala Harris,UC0XBsJpPhOLg0k4x9ZwrWzw,UC0XBsJpPhOLg0k4x9ZwrWzw,72,YouTube Shorts,"Our campaign is charting a new way forward with hope, joy, and action.","This road has taken us across the country, meeting voters where they are. And we aren’t done yet. We have 6 days left to make our voices heard in this election. Join us: https://iwillvote.com/Help Vice President Kamala Harris and Governor Tim Walz put policies in place that protect our fundamental freedoms and defeat Donald Trump and MAGA Republicans this election. Take action at https://go.kamalaharris.com.
--------------------------------------
Follow Vice President Kamala Harris!

Kamala's Twitter: https://twitter.com/KamalaHarris
Kamala's Tiktok: https://tiktok.com/@kamalaharris
Kamala’s Instagram: https://www.instagram.com/KamalaHarris  
Kamala's Twitch: https://www.twitch.tv/kamalaharris
Kamala's Facebook: https://www.facebook.com/KamalaHarris
Kamala's Threads: https://www.threads.net/@kamalaharris

#KamalaHarris #Harris2024 #shorts #youtubeshorts #election #election2024",19,149110,9373,644,False,UNPLAYABLE,https://www.youtube.com/watch?v=bMrWA7QEHFU,2026-08-24T15:51:34+00:00,
ra1L5gAWIQc,2024-10-30,Democratic,candidate,harris,Kamala Harris,UC0XBsJpPhOLg0k4x9ZwrWzw,UC0XBsJpPhOLg0k4x9ZwrWzw,66,YouTube Shorts,Whether you like it or not.,"Help Vice President Kamala Harris and Governor Tim Walz put policies in place that protect our fundamental freedoms and defeat Donald Trump and MAGA Republicans this election. Take action at https://go.kamalaharris.com.
--------------------------------------
Follow Vice President Kamala Harris!

Kamala's Twitter: https://twitter.com/KamalaHarris
Kamala's Tiktok: https://tiktok.com/@kamalaharris
Kamala’s Instagram: https://www.instagram.com/KamalaHarris  
Kamala's Twitch: https://www.twitch.tv/kamalaharris
Kamala's Facebook: https://www.facebook.com/KamalaHarris
Kamala's Threads: https://www.threads.net/@kamalaharris

#KamalaHarris #Harris2024",11,56494,1842,473,False,UNPLAYABLE,https://www.youtube.com/watch?v=ra1L5gAWIQc,2026-08-24T15:51:32+00:00,
s28CVBS6UpY,2024-10-30,Democratic,candidate,harris,Kamala Harris,UC0XBsJpPhOLg0k4x9ZwrWzw,UC0XBsJpPhOLg0k4x9ZwrWzw,73,YouTube Shorts,"Vegas: When we vote, we win.","Help Vice President Kamala Harris and Governor Tim Walz put policies in place that protect our fundamental freedoms and defeat Donald Trump and MAGA Republicans this election. Take action at https://go.kamalaharris.com.
--------------------------------------
Follow Vice President Kamala Harris!

Kamala's Twitter: https://twitter.com/KamalaHarris
Kamala's Tiktok: https://tiktok.com/@kamalaharris
Kamala’s Instagram: https://www.instagram.com/KamalaHarris  
Kamala's Twitch: https://www.twitch.tv/kamalaharris
Kamala's Facebook: https://www.facebook.com/KamalaHarris
Kamala's Threads: https://www.threads.net/@kamalaharris

#KamalaHarris #Harris2024 #shorts #youtubeshorts #election #election2024",30,231474,28119,1500,False,UNPLAYABLE,https://www.youtube.com/watch?v=s28CVBS6UpY,2026-08-24T15:51:34+00:00,
ytYwAjX94VM,2024-10-30,Democratic,candidate,harris,Kamala Harris,UC0XBsJpPhOLg0k4x9ZwrWzw,UC0XBsJpPhOLg0k4x9ZwrWzw,69,YouTube Shorts,Freedom is what we are fighting for.,"Help Vice President Kamala Harris and Governor Tim Walz put policies in place that protect our fundamental freedoms and defeat Donald Trump and MAGA Republicans this election. Take action at https://go.kamalaharris.com.
--------------------------------------
Follow Vice President Kamala Harris!

Kamala's Twitter: https://twitter.com/KamalaHarris
Kamala's Tiktok: https://tiktok.com/@kamalaharris
Kamala’s Instagram: https://www.instagram.com/KamalaHarris  
Kamala's Twitch: https://www.twitch.tv/kamalaharris
Kamala's Facebook: https://www.facebook.com/KamalaHarris
Kamala's Threads: https://www.threads.net/@kamalaharris

#KamalaHarris #Harris2024 #shorts #youtubeshorts #election #election2024",15,143477,9605,510,False,UNPLAYABLE,https://www.youtube.com/watch?v=ytYwAjX94VM,2026-08-24T15:51:51+00:00,
bucyYczLUck,2024-10-30,Republican,party,rnc,GOP,UC3o7kbpTUQ5-0WTMIp8sVwA,UC3o7kbpTUQ5-0WTMIp8sVwA,66,YouTube Shorts,"""You can't lead America if you don't love Americans."" -President Trump","""You can't lead America if you don't love Americans."" -President Trump",23,3347,133,17,False,UNPLAYABLE,https://www.youtube.com/watch?v=bucyYczLUck,2026-08-24T15:49:08+00:00,
LRusncSLrRQ,2024-10-31,Democratic,candidate,harris,Kamala Harris,UC0XBsJpPhOLg0k4x9ZwrWzw,UC0XBsJpPhOLg0k4x9ZwrWzw,63,YouTube Shorts,"When we fight, we win.","Help Vice President Kamala Harris and Governor Tim Walz put policies in place that protect our fundamental freedoms and defeat Donald Trump and MAGA Republicans this election. Take action at https://go.kamalaharris.com.
--------------------------------------
Follow Vice President Kamala Harris!

Kamala's Twitter: https://twitter.com/KamalaHarris
Kamala's Tiktok: https://tiktok.com/@kamalaharris
Kamala’s Instagram: https://www.instagram.com/KamalaHarris  
Kamala's Twitch: https://www.twitch.tv/kamalaharris
Kamala's Facebook: https://www.facebook.com/KamalaHarris
Kamala's Threads: https://www.threads.net/@kamalaharris

#KamalaHarris #Harris2024",38,182291,7585,729,False,UNPLAYABLE,https://www.youtube.com/watch?v=LRusncSLrRQ,2026-08-24T15:51:36+00:00,
abz_yC9TWNg,2024-10-31,Democratic,candidate,harris,Kamala Harris,UC0XBsJpPhOLg0k4x9ZwrWzw,UC0XBsJpPhOLg0k4x9ZwrWzw,65,YouTube Shorts,"I'm honored you brought your rings out for me, Badgers!","Help Vice President Kamala Harris and Governor Tim Walz put policies in place that protect our fundamental freedoms and defeat Donald Trump and MAGA Republicans this election. Take action at https://go.kamalaharris.com.
--------------------------------------
Follow Vice President Kamala Harris!

Kamala's Twitter: https://twitter.com/KamalaHarris
Kamala's Tiktok: https://tiktok.com/@kamalaharris
Kamala’s Instagram: https://www.instagram.com/KamalaHarris  
Kamala's Twitch: https://www.twitch.tv/kamalaharris
Kamala's Facebook: https://www.facebook.com/KamalaHarris
Kamala's Threads: https://www.threads.net/@kamalaharris

#KamalaHarris #Harris2024 #shorts #youtubeshorts #election #election2024",31,569282,21614,570,False,UNPLAYABLE,https://www.youtube.com/watch?v=abz_yC9TWNg,2026-08-24T15:51:31+00:00,
f1ZwUQZcC7w,2024-10-31,Democratic,candidate,harris,Kamala Harris,UC0XBsJpPhOLg0k4x9ZwrWzw,UC0XBsJpPhOLg0k4x9ZwrWzw,62,YouTube Shorts,No. ❤️,"Help Vice President Kamala Harris and Governor Tim Walz put policies in place that protect our fundamental freedoms and defeat Donald Trump and MAGA Republicans this election. Take action at https://go.kamalaharris.com.
--------------------------------------
Follow Vice President Kamala Harris!

Kamala's Twitter: https://twitter.com/KamalaHarris
Kamala's Tiktok: https://tiktok.com/@kamalaharris
Kamala’s Instagram: https://www.instagram.com/KamalaHarris  
Kamala's Twitch: https://www.twitch.tv/kamalaharris
Kamala's Facebook: https://www.facebook.com/KamalaHarris
Kamala's Threads: https://www.threads.net/@kamalaharris

#KamalaHarris #Harris2024",14,40225,1319,208,False,UNPLAYABLE,https://www.youtube.com/watch?v=f1ZwUQZcC7w,2026-08-24T15:51:30+00:00,
v8JiVk7HQiU,2024-10-31,Democratic,candidate,harris,Kamala Harris,UC0XBsJpPhOLg0k4x9ZwrWzw,UC0XBsJpPhOLg0k4x9ZwrWzw,64,YouTube Shorts,Listen to people when they tell you who they are.,"Help Vice President Kamala Harris and Governor Tim Walz put policies in place that protect our fundamental freedoms and defeat Donald Trump and MAGA Republicans this election. Take action at https://go.kamalaharris.com.
--------------------------------------
Follow Vice President Kamala Harris!

Kamala's Twitter: https://twitter.com/KamalaHarris
Kamala's Tiktok: https://tiktok.com/@kamalaharris
Kamala’s Instagram: https://www.instagram.com/KamalaHarris  
Kamala's Twitch: https://www.twitch.tv/kamalaharris
Kamala's Facebook: https://www.facebook.com/KamalaHarris
Kamala's Threads: https://www.threads.net/@kamalaharris

#KamalaHarris #Harris2024",51,935514,24634,959,False,UNPLAYABLE,https://www.youtube.com/watch?v=v8JiVk7HQiU,2026-08-24T15:51:31+00:00,
1A4TJ-zWn8w,2024-10-31,Republican,party,rnc,GOP,UC3o7kbpTUQ5-0WTMIp8sVwA,UC3o7kbpTUQ5-0WTMIp8sVwA,61,YouTube Shorts,Happy MAGAween! 🎃 🍬,"Happy MAGAween! 🎃 🍬

Let's vote Kamala out and ensure our prices aren't as spooky anymore!",49,1068,91,9,False,UNPLAYABLE,https://www.youtube.com/watch?v=1A4TJ-zWn8w,2026-08-24T15:49:04+00:00,
7lCgLYuaN8E,2024-10-31,Republican,party,rnc,GOP,UC3o7kbpTUQ5-0WTMIp8sVwA,UC3o7kbpTUQ5-0WTMIp8sVwA,62,YouTube Shorts,"Bucks County, PA early vote has been extended till Friday Nov. 1st!","Get out and vote!

Bucks County, PA early vote has been extended till Friday Nov. 1st!",49,712,58,6,False,UNPLAYABLE,https://www.youtube.com/watch?v=7lCgLYuaN8E,2026-08-24T15:49:06+00:00,
Xr-rCTjp3zo,2024-10-31,Republican,party,rnc,GOP,UC3o7kbpTUQ5-0WTMIp8sVwA,UC3o7kbpTUQ5-0WTMIp8sVwA,64,YouTube Shorts,The clock is ticking! 5 days left until we fire Kamala and Make America Great Again! 🇺🇸,The clock is ticking! 5 days left until we fire Kamala and Make America Great Again! 🇺🇸,38,843,58,7,False,UNPLAYABLE,https://www.youtube.com/watch?v=Xr-rCTjp3zo,2026-08-24T15:49:08+00:00,
jp6lt_RT8PE,2024-10-31,Republican,party,rnc,GOP,UC3o7kbpTUQ5-0WTMIp8sVwA,UC3o7kbpTUQ5-0WTMIp8sVwA,63,YouTube Shorts,"""I support President Donald Trump because President Trump supports us.""","""I support President Donald Trump because President Trump supports us.""",68,873,69,13,False,UNPLAYABLE,https://www.youtube.com/watch?v=jp6lt_RT8PE,2026-08-24T15:49:07+00:00,
rTHGWLnr5qI,2024-10-31,Republican,party,rnc,GOP,UC3o7kbpTUQ5-0WTMIp8sVwA,UC3o7kbpTUQ5-0WTMIp8sVwA,65,YouTube Shorts,The joy is gone.,The joy is gone.,8,1068,42,7,False,UNPLAYABLE,https://www.youtube.com/watch?v=rTHGWLnr5qI,2026-08-24T15:49:08+00:00,
OQib1elusJI,2024-10-31,Republican,candidate,trump,Donald J Trump,UCAql2DyGU2un1Ei2nMYsqOA,UCAql2DyGU2un1Ei2nMYsqOA,2,YouTube Shorts,Raging,,15,368434,18522,2600,False,UNPLAYABLE,https://www.youtube.com/watch?v=OQib1elusJI,2026-08-24T15:52:53+00:00,
VJpOIBSJUjs,2024-11-01,Democratic,candidate,harris,Kamala Harris,UC0XBsJpPhOLg0k4x9ZwrWzw,UC0XBsJpPhOLg0k4x9ZwrWzw,59,YouTube Shorts,Congratulations @Dodgers!,"Help Vice President Kamala Harris and Governor Tim Walz put policies in place that protect our fundamental freedoms and defeat Donald Trump and MAGA Republicans this election. Take action at https://go.kamalaharris.com.
--------------------------------------
Follow Vice President Kamala Harris!

Kamala's Twitter: https://twitter.com/KamalaHarris
Kamala's Tiktok: https://tiktok.com/@kamalaharris
Kamala’s Instagram: https://www.instagram.com/KamalaHarris  
Kamala's Twitch: https://www.twitch.tv/kamalaharris
Kamala's Facebook: https://www.facebook.com/KamalaHarris
Kamala's Threads: https://www.threads.net/@kamalaharris

#KamalaHarris #Harris2024 #shorts #dodgers #mlb #youtubeshorts",58,522205,23118,959,False,UNPLAYABLE,https://www.youtube.com/watch?v=VJpOIBSJUjs,2026-08-24T15:51:36+00:00,
Y07gTu2RCQ8,2024-11-01,Democratic,candidate,harris,Kamala Harris,UC0XBsJpPhOLg0k4x9ZwrWzw,UC0XBsJpPhOLg0k4x9ZwrWzw,58,YouTube Shorts,"Thank you, Adrien and @cardib, for joining me in Milwaukee.","Help Vice President Kamala Harris and Governor Tim Walz put policies in place that protect our fundamental freedoms and defeat Donald Trump and MAGA Republicans this election. Take action at https://go.kamalaharris.com.
--------------------------------------
Follow Vice President Kamala Harris!

Kamala's Twitter: https://twitter.com/KamalaHarris
Kamala's Tiktok: https://tiktok.com/@kamalaharris
Kamala’s Instagram: https://www.instagram.com/KamalaHarris  
Kamala's Twitch: https://www.twitch.tv/kamalaharris
Kamala's Facebook: https://www.facebook.com/KamalaHarris
Kamala's Threads: https://www.threads.net/@kamalaharris

#KamalaHarris #Harris2024 #cardib #shorts #youtubeshorts",21,695052,27141,1700,False,UNPLAYABLE,https://www.youtube.com/watch?v=Y07gTu2RCQ8,2026-08-24T15:51:26+00:00,
olyNJ_wKkhI,2024-11-01,Democratic,candidate,harris,Kamala Harris,UC0XBsJpPhOLg0k4x9ZwrWzw,UC0XBsJpPhOLg0k4x9ZwrWzw,60,YouTube Shorts,Listen to @JenniferLopez: Your vote is your voice. Let’s get loud.,"Help Vice President Kamala Harris and Governor Tim Walz put policies in place that protect our fundamental freedoms and defeat Donald Trump and MAGA Republicans this election. Take action at https://go.kamalaharris.com.
--------------------------------------
Follow Vice President Kamala Harris!

Kamala's Twitter: https://twitter.com/KamalaHarris
Kamala's Tiktok: https://tiktok.com/@kamalaharris
Kamala’s Instagram: https://www.instagram.com/KamalaHarris  
Kamala's Twitch: https://www.twitch.tv/kamalaharris
Kamala's Facebook: https://www.facebook.com/KamalaHarris
Kamala's Threads: https://www.threads.net/@kamalaharris

#KamalaHarris #Harris2024 #jlo #shorts #youtubeshorts",19,2050865,44519,10000,False,UNPLAYABLE,https://www.youtube.com/watch?v=olyNJ_wKkhI,2026-08-24T15:51:30+00:00,
qolcyOnnjjo,2024-11-01,Democratic,candidate,harris,Kamala Harris,UC0XBsJpPhOLg0k4x9ZwrWzw,UC0XBsJpPhOLg0k4x9ZwrWzw,61,YouTube Shorts,"Thank you, Nevada—and thank you, J Lo.","Help Vice President Kamala Harris and Governor Tim Walz put policies in place that protect our fundamental freedoms and defeat Donald Trump and MAGA Republicans this election. Take action at https://go.kamalaharris.com.
--------------------------------------
Follow Vice President Kamala Harris!

Kamala's Twitter: https://twitter.com/KamalaHarris
Kamala's Tiktok: https://tiktok.com/@kamalaharris
Kamala’s Instagram: https://www.instagram.com/KamalaHarris  
Kamala's Twitch: https://www.twitch.tv/kamalaharris
Kamala's Facebook: https://www.facebook.com/KamalaHarris
Kamala's Threads: https://www.threads.net/@kamalaharris

#KamalaHarris #Harris2024",29,1465364,45134,3200,False,UNPLAYABLE,https://www.youtube.com/watch?v=qolcyOnnjjo,2026-08-24T15:51:29+00:00,
zUj8YILMz00,2024-11-01,Republican,party,rnc,GOP,UC3o7kbpTUQ5-0WTMIp8sVwA,UC3o7kbpTUQ5-0WTMIp8sVwA,60,YouTube Shorts,"If you're in line, stay in line!","🚨 BUCKS COUNTY, PA today is the last day for early voting!

If you're in line, stay in line!",14,864,66,8,False,UNPLAYABLE,https://www.youtube.com/watch?v=zUj8YILMz00,2026-08-24T15:49:02+00:00,
VVU7pYq3WHw,2024-11-01,Republican,candidate,trump,Donald J Trump,UCAql2DyGU2un1Ei2nMYsqOA,UCAql2DyGU2un1Ei2nMYsqOA,1,YouTube Shorts,Kamala is for they/them. I am for you.,,30,655544,22280,5000,False,UNPLAYABLE,https://www.youtube.com/watch?v=VVU7pYq3WHw,2026-08-24T15:52:51+00:00,
1RaeebB0I4k,2024-11-02,Democratic,candidate,harris,Kamala Harris,UC0XBsJpPhOLg0k4x9ZwrWzw,UC0XBsJpPhOLg0k4x9ZwrWzw,53,YouTube Shorts,"Live from New York, it's Saturday night.","Help Vice President Kamala Harris and Governor Tim Walz put policies in place that protect our fundamental freedoms and defeat Donald Trump and MAGA Republicans this election. Take action at https://go.kamalaharris.com.
--------------------------------------
Follow Vice President Kamala Harris!

Kamala's Twitter: https://twitter.com/KamalaHarris
Kamala's Tiktok: https://tiktok.com/@kamalaharris
Kamala’s Instagram: https://www.instagram.com/KamalaHarris  
Kamala's Twitch: https://www.twitch.tv/kamalaharris
Kamala's Facebook: https://www.facebook.com/KamalaHarris
Kamala's Threads: https://www.threads.net/@kamalaharris

#KamalaHarris #Harris2024",55,1392838,83539,3600,False,UNPLAYABLE,https://www.youtube.com/watch?v=1RaeebB0I4k,2026-08-24T15:51:24+00:00,
LWtZB0KHmmk,2024-11-02,Democratic,candidate,harris,Kamala Harris,UC0XBsJpPhOLg0k4x9ZwrWzw,UC0XBsJpPhOLg0k4x9ZwrWzw,56,YouTube Shorts,"Our nation’s housing supply is too low, and your rent is too high. My plan will fix it.","I’ll work to cut red tape to build more homes and crack down on corporate landlords. Help Vice President Kamala Harris and Governor Tim Walz put policies in place that protect our fundamental freedoms and defeat Donald Trump and MAGA Republicans this election. Take action at https://go.kamalaharris.com.
--------------------------------------
Follow Vice President Kamala Harris!

Kamala's Twitter: https://twitter.com/KamalaHarris
Kamala's Tiktok: https://tiktok.com/@kamalaharris
Kamala’s Instagram: https://www.instagram.com/KamalaHarris  
Kamala's Twitch: https://www.twitch.tv/kamalaharris
Kamala's Facebook: https://www.facebook.com/KamalaHarris
Kamala's Threads: https://www.threads.net/@kamalaharris

#KamalaHarris #Harris2024 #shorts #youtubeshorts #election #election2024",30,59455,4927,447,False,UNPLAYABLE,https://www.youtube.com/watch?v=LWtZB0KHmmk,2026-08-24T15:51:25+00:00,
NJ_RRBoNbho,2024-11-02,Democratic,candidate,harris,Kamala Harris,UC0XBsJpPhOLg0k4x9ZwrWzw,UC0XBsJpPhOLg0k4x9ZwrWzw,54,YouTube Shorts,I trust the women of America to make decisions about their own bodies. Trump does not.,"Help Vice President Kamala Harris and Governor Tim Walz put policies in place that protect our fundamental freedoms and defeat Donald Trump and MAGA Republicans this election. Take action at https://go.kamalaharris.com.
--------------------------------------
Follow Vice President Kamala Harris!

Kamala's Twitter: https://twitter.com/KamalaHarris
Kamala's Tiktok: https://tiktok.com/@kamalaharris
Kamala’s Instagram: https://www.instagram.com/KamalaHarris  
Kamala's Twitch: https://www.twitch.tv/kamalaharris
Kamala's Facebook: https://www.facebook.com/KamalaHarris
Kamala's Threads: https://www.threads.net/@kamalaharris

#KamalaHarris #Harris2024 #election #shorts #youtubeshorts #election2024",13,78462,4302,355,False,UNPLAYABLE,https://www.youtube.com/watch?v=NJ_RRBoNbho,2026-08-24T15:51:24+00:00,
VCcIQDWq6NU,2024-11-02,Democratic,candidate,harris,Kamala Harris,UC0XBsJpPhOLg0k4x9ZwrWzw,UC0XBsJpPhOLg0k4x9ZwrWzw,55,YouTube Shorts,"It's either Trump walking into the Oval Office with his enemies list, or me with my to-do list.","And I'm a hard worker. Help Vice President Kamala Harris and Governor Tim Walz put policies in place that protect our fundamental freedoms and defeat Donald Trump and MAGA Republicans this election. Take action at https://go.kamalaharris.com.
--------------------------------------
Follow Vice President Kamala Harris!

Kamala's Twitter: https://twitter.com/KamalaHarris
Kamala's Tiktok: https://tiktok.com/@kamalaharris
Kamala’s Instagram: https://www.instagram.com/KamalaHarris  
Kamala's Twitch: https://www.twitch.tv/kamalaharris
Kamala's Facebook: https://www.facebook.com/KamalaHarris
Kamala's Threads: https://www.threads.net/@kamalaharris

#KamalaHarris #Harris2024 #shorts #youtubeshorts #election #election2024",44,190719,9116,940,False,UNPLAYABLE,https://www.youtube.com/watch?v=VCcIQDWq6NU,2026-08-24T15:51:27+00:00,
hMPs713j6SY,2024-11-02,Democratic,candidate,harris,Kamala Harris,UC0XBsJpPhOLg0k4x9ZwrWzw,UC0XBsJpPhOLg0k4x9ZwrWzw,57,YouTube Shorts,"Thank you for your support and for spreading the word, @cardib","There's still time to make a plan to vote. Help Vice President Kamala Harris and Governor Tim Walz put policies in place that protect our fundamental freedoms and defeat Donald Trump and MAGA Republicans this election. Take action at https://go.kamalaharris.com.
--------------------------------------
Follow Vice President Kamala Harris!

Kamala's Twitter: https://twitter.com/KamalaHarris
Kamala's Tiktok: https://tiktok.com/@kamalaharris
Kamala’s Instagram: https://www.instagram.com/KamalaHarris  
Kamala's Twitch: https://www.twitch.tv/kamalaharris
Kamala's Facebook: https://www.facebook.com/KamalaHarris
Kamala's Threads: https://www.threads.net/@kamalaharris

#KamalaHarris #Harris2024 #cardib #shorts #youtubeshorts",27,166030,11012,1100,False,UNPLAYABLE,https://www.youtube.com/watch?v=hMPs713j6SY,2026-08-24T15:51:26+00:00,
6D8wIYp2D9o,2024-11-02,Republican,party,rnc,GOP,UC3o7kbpTUQ5-0WTMIp8sVwA,UC3o7kbpTUQ5-0WTMIp8sVwA,58,YouTube Shorts,"""They can never shut down our voice.""","Get out and vote!

""They can never shut down our voice."" - Pennsylvania Rep. Guy Reschenthaler",28,1182,70,3,False,UNPLAYABLE,https://www.youtube.com/watch?v=6D8wIYp2D9o,2026-08-24T15:49:14+00:00,
OC1gyoKERDo,2024-11-02,Republican,party,rnc,GOP,UC3o7kbpTUQ5-0WTMIp8sVwA,UC3o7kbpTUQ5-0WTMIp8sVwA,57,YouTube Shorts,Kamala will only bring more of the same failed policies,Kamala will only bring more of the same failed policies Americans have face over the past 4 years.,19,1311,90,11,False,UNPLAYABLE,https://www.youtube.com/watch?v=OC1gyoKERDo,2026-08-24T15:49:05+00:00,
xSKdCgIlFT8,2024-11-02,Republican,party,rnc,GOP,UC3o7kbpTUQ5-0WTMIp8sVwA,UC3o7kbpTUQ5-0WTMIp8sVwA,59,YouTube Shorts,Kamala wants to talk about manufacturing,"Kamala wants to talk about manufacturing - so let's talk about the 46,000 factory jobs that were lost under her watch last month",12,1400,53,10,False,UNPLAYABLE,https://www.youtube.com/watch?v=xSKdCgIlFT8,2026-08-24T15:49:02+00:00,
DWFFYqleELs,2024-11-03,Democratic,candidate,harris,Kamala Harris,UC0XBsJpPhOLg0k4x9ZwrWzw,UC0XBsJpPhOLg0k4x9ZwrWzw,52,YouTube Shorts,Trump is unhinged.,"Help Vice President Kamala Harris and Governor Tim Walz put policies in place that protect our fundamental freedoms and defeat Donald Trump and MAGA Republicans this election. Take action at https://go.kamalaharris.com.
--------------------------------------
Follow Vice President Kamala Harris!

Kamala's Twitter: https://twitter.com/KamalaHarris
Kamala's Tiktok: https://tiktok.com/@kamalaharris
Kamala’s Instagram: https://www.instagram.com/KamalaHarris  
Kamala's Twitch: https://www.twitch.tv/kamalaharris
Kamala's Facebook: https://www.facebook.com/KamalaHarris
Kamala's Threads: https://www.threads.net/@kamalaharris

#KamalaHarris #Harris2024 #shorts #youtubeshorts #election #election2024",32,114832,5411,536,False,UNPLAYABLE,https://www.youtube.com/watch?v=DWFFYqleELs,2026-08-24T15:51:22+00:00,
KsqHX9QfUqs,2024-11-03,Democratic,candidate,harris,Kamala Harris,UC0XBsJpPhOLg0k4x9ZwrWzw,UC0XBsJpPhOLg0k4x9ZwrWzw,49,YouTube Shorts,The Michigan “I Voted” sticker is interesting. Go vote today and get your own.,"Help Vice President Kamala Harris and Governor Tim Walz put policies in place that protect our fundamental freedoms and defeat Donald Trump and MAGA Republicans this election. Take action at https://go.kamalaharris.com.
--------------------------------------
Follow Vice President Kamala Harris!

Kamala's Twitter: https://twitter.com/KamalaHarris
Kamala's Tiktok: https://tiktok.com/@kamalaharris
Kamala’s Instagram: https://www.instagram.com/KamalaHarris  
Kamala's Twitch: https://www.twitch.tv/kamalaharris
Kamala's Facebook: https://www.facebook.com/KamalaHarris
Kamala's Threads: https://www.threads.net/@kamalaharris

#KamalaHarris #Harris2024 #shorts #election #youtubeshorts #election2024",12,626773,18149,894,False,UNPLAYABLE,https://www.youtube.com/watch?v=KsqHX9QfUqs,2026-08-24T15:51:21+00:00,
Q-c8rrkA8t4,2024-11-03,Democratic,candidate,harris,Kamala Harris,UC0XBsJpPhOLg0k4x9ZwrWzw,UC0XBsJpPhOLg0k4x9ZwrWzw,47,YouTube Shorts,"Georgia, every single vote makes a difference.","Help Vice President Kamala Harris and Governor Tim Walz put policies in place that protect our fundamental freedoms and defeat Donald Trump and MAGA Republicans this election. Take action at https://go.kamalaharris.com.
--------------------------------------
Follow Vice President Kamala Harris!

Kamala's Twitter: https://twitter.com/KamalaHarris
Kamala's Tiktok: https://tiktok.com/@kamalaharris
Kamala’s Instagram: https://www.instagram.com/KamalaHarris  
Kamala's Twitch: https://www.twitch.tv/kamalaharris
Kamala's Facebook: https://www.facebook.com/KamalaHarris
Kamala's Threads: https://www.threads.net/@kamalaharris

#KamalaHarris #Harris2024 #shorts #election #youtubeshorts #election2024",12,50171,3861,329,False,UNPLAYABLE,https://www.youtube.com/watch?v=Q-c8rrkA8t4,2026-08-24T15:51:20+00:00,
STXweNWI6_U,2024-11-03,Democratic,candidate,harris,Kamala Harris,UC0XBsJpPhOLg0k4x9ZwrWzw,UC0XBsJpPhOLg0k4x9ZwrWzw,50,YouTube Shorts,"We are fighting for the future—and when we fight, we win. Thank you for the warm welcome, Arizona.","Help Vice President Kamala Harris and Governor Tim Walz put policies in place that protect our fundamental freedoms and defeat Donald Trump and MAGA Republicans this election. Take action at https://go.kamalaharris.com.
--------------------------------------
Follow Vice President Kamala Harris!

Kamala's Twitter: https://twitter.com/KamalaHarris
Kamala's Tiktok: https://tiktok.com/@kamalaharris
Kamala’s Instagram: https://www.instagram.com/KamalaHarris  
Kamala's Twitch: https://www.twitch.tv/kamalaharris
Kamala's Facebook: https://www.facebook.com/KamalaHarris
Kamala's Threads: https://www.threads.net/@kamalaharris

#KamalaHarris #Harris2024 #shorts #election #youtubeshorts #election2024",22,26666,1900,108,False,UNPLAYABLE,https://www.youtube.com/watch?v=STXweNWI6_U,2026-08-24T15:51:21+00:00,
ezfUhNNsLW8,2024-11-03,Democratic,candidate,harris,Kamala Harris,UC0XBsJpPhOLg0k4x9ZwrWzw,UC0XBsJpPhOLg0k4x9ZwrWzw,46,YouTube Shorts,Experts agree: My economic plan will strengthen America’s economy. Trump's will hurt it.,"Help Vice President Kamala Harris and Governor Tim Walz put policies in place that protect our fundamental freedoms and defeat Donald Trump and MAGA Republicans this election. Take action at https://go.kamalaharris.com.
--------------------------------------
Follow Vice President Kamala Harris!

Kamala's Twitter: https://twitter.com/KamalaHarris
Kamala's Tiktok: https://tiktok.com/@kamalaharris
Kamala’s Instagram: https://www.instagram.com/KamalaHarris  
Kamala's Twitch: https://www.twitch.tv/kamalaharris
Kamala's Facebook: https://www.facebook.com/KamalaHarris
Kamala's Threads: https://www.threads.net/@kamalaharris

#KamalaHarris #Harris2024",13,136734,4071,589,False,UNPLAYABLE,https://www.youtube.com/watch?v=ezfUhNNsLW8,2026-08-24T15:51:20+00:00,
noQ-9Cn8_Ik,2024-11-03,Democratic,candidate,harris,Kamala Harris,UC0XBsJpPhOLg0k4x9ZwrWzw,UC0XBsJpPhOLg0k4x9ZwrWzw,51,YouTube Shorts,"Election Day is Tuesday, November 5. Your voice is your vote, and your vote is your power.","Help Vice President Kamala Harris and Governor Tim Walz put policies in place that protect our fundamental freedoms and defeat Donald Trump and MAGA Republicans this election. Take action at https://go.kamalaharris.com.
--------------------------------------
Follow Vice President Kamala Harris!

Kamala's Twitter: https://twitter.com/KamalaHarris
Kamala's Tiktok: https://tiktok.com/@kamalaharris
Kamala’s Instagram: https://www.instagram.com/KamalaHarris  
Kamala's Twitch: https://www.twitch.tv/kamalaharris
Kamala's Facebook: https://www.facebook.com/KamalaHarris
Kamala's Threads: https://www.threads.net/@kamalaharris

#KamalaHarris #Harris2024",35,198268,9996,1100,False,UNPLAYABLE,https://www.youtube.com/watch?v=noQ-9Cn8_Ik,2026-08-24T15:51:23+00:00,
xFh-YDKwwRM,2024-11-03,Democratic,candidate,harris,Kamala Harris,UC0XBsJpPhOLg0k4x9ZwrWzw,UC0XBsJpPhOLg0k4x9ZwrWzw,48,YouTube Shorts,I believe in the promise of America.,"Help Vice President Kamala Harris and Governor Tim Walz put policies in place that protect our fundamental freedoms and defeat Donald Trump and MAGA Republicans this election. Take action at https://go.kamalaharris.com.
--------------------------------------
Follow Vice President Kamala Harris!

Kamala's Twitter: https://twitter.com/KamalaHarris
Kamala's Tiktok: https://tiktok.com/@kamalaharris
Kamala’s Instagram: https://www.instagram.com/KamalaHarris  
Kamala's Twitch: https://www.twitch.tv/kamalaharris
Kamala's Facebook: https://www.facebook.com/KamalaHarris
Kamala's Threads: https://www.threads.net/@kamalaharris

#KamalaHarris #Harris2024 #shorts #election #youtubeshorts #election2024",15,133638,7793,660,False,UNPLAYABLE,https://www.youtube.com/watch?v=xFh-YDKwwRM,2026-08-24T15:51:34+00:00,
CWKwe--5-Ao,2024-11-04,Democratic,candidate,harris,Kamala Harris,UC0XBsJpPhOLg0k4x9ZwrWzw,UC0XBsJpPhOLg0k4x9ZwrWzw,42,YouTube Shorts,"Pennsylvania, we are fighting out of love for our country.","Help Vice President Kamala Harris and Governor Tim Walz put policies in place that protect our fundamental freedoms and defeat Donald Trump and MAGA Republicans this election. Take action at https://go.kamalaharris.com.
--------------------------------------
Follow Vice President Kamala Harris!

Kamala's Twitter: https://twitter.com/KamalaHarris
Kamala's Tiktok: https://tiktok.com/@kamalaharris
Kamala’s Instagram: https://www.instagram.com/KamalaHarris  
Kamala's Twitch: https://www.twitch.tv/kamalaharris
Kamala's Facebook: https://www.facebook.com/KamalaHarris
Kamala's Threads: https://www.threads.net/@kamalaharris

#KamalaHarris #Harris2024 #shorts #election #youtubeshorts #election2024",25,68727,4800,292,False,UNPLAYABLE,https://www.youtube.com/watch?v=CWKwe--5-Ao,2026-08-24T15:51:17+00:00,
Ci0cDgewtGc,2024-11-04,Democratic,candidate,harris,Kamala Harris,UC0XBsJpPhOLg0k4x9ZwrWzw,UC0XBsJpPhOLg0k4x9ZwrWzw,37,YouTube Shorts,I love Gen Z.,"Help Vice President Kamala Harris and Governor Tim Walz put policies in place that protect our fundamental freedoms and defeat Donald Trump and MAGA Republicans this election. Take action at https://go.kamalaharris.com.
--------------------------------------
Follow Vice President Kamala Harris!

Kamala's Twitter: https://twitter.com/KamalaHarris
Kamala's Tiktok: https://tiktok.com/@kamalaharris
Kamala’s Instagram: https://www.instagram.com/KamalaHarris  
Kamala's Twitch: https://www.twitch.tv/kamalaharris
Kamala's Facebook: https://www.facebook.com/KamalaHarris
Kamala's Threads: https://www.threads.net/@kamalaharris

#KamalaHarris #Harris2024 #shorts #election #youtubeshorts #election2024",50,216308,12389,746,False,UNPLAYABLE,https://www.youtube.com/watch?v=Ci0cDgewtGc,2026-08-24T15:51:13+00:00,
Oeck4VnXqrQ,2024-11-04,Democratic,candidate,harris,Kamala Harris,UC0XBsJpPhOLg0k4x9ZwrWzw,UC0XBsJpPhOLg0k4x9ZwrWzw,39,YouTube Shorts,"In Phoenix, Chef René shared some of his family’s stories and recipes with me.","Thank you for the new molcajete. I’ll use it as soon as I get home, Chef. Help Vice President Kamala Harris and Governor Tim Walz put policies in place that protect our fundamental freedoms and defeat Donald Trump and MAGA Republicans this election. Take action at https://go.kamalaharris.com.
--------------------------------------
Follow Vice President Kamala Harris!

Kamala's Twitter: https://twitter.com/KamalaHarris
Kamala's Tiktok: https://tiktok.com/@kamalaharris
Kamala’s Instagram: https://www.instagram.com/KamalaHarris  
Kamala's Twitch: https://www.twitch.tv/kamalaharris
Kamala's Facebook: https://www.facebook.com/KamalaHarris
Kamala's Threads: https://www.threads.net/@kamalaharris

#KamalaHarris #Harris2024 #shorts #election #youtubeshorts #election2024",18,274774,14272,531,False,UNPLAYABLE,https://www.youtube.com/watch?v=Oeck4VnXqrQ,2026-08-24T15:51:15+00:00,
ScmnbLjVu28,2024-11-04,Democratic,candidate,harris,Kamala Harris,UC0XBsJpPhOLg0k4x9ZwrWzw,UC0XBsJpPhOLg0k4x9ZwrWzw,38,YouTube Shorts,"Your vote is your voice, and your voice is your power. Let’s bring it home, Wisconsin.","Help Vice President Kamala Harris and Governor Tim Walz put policies in place that protect our fundamental freedoms and defeat Donald Trump and MAGA Republicans this election. Take action at https://go.kamalaharris.com.
--------------------------------------
Follow Vice President Kamala Harris!

Kamala's Twitter: https://twitter.com/KamalaHarris
Kamala's Tiktok: https://tiktok.com/@kamalaharris
Kamala’s Instagram: https://www.instagram.com/KamalaHarris  
Kamala's Twitch: https://www.twitch.tv/kamalaharris
Kamala's Facebook: https://www.facebook.com/KamalaHarris
Kamala's Threads: https://www.threads.net/@kamalaharris

#KamalaHarris #Harris2024 #shorts #election #youtubeshorts #election2024",30,69020,3892,192,False,UNPLAYABLE,https://www.youtube.com/watch?v=ScmnbLjVu28,2026-08-24T15:51:16+00:00,
WrlCB2D-BAg,2024-11-04,Democratic,candidate,harris,Kamala Harris,UC0XBsJpPhOLg0k4x9ZwrWzw,UC0XBsJpPhOLg0k4x9ZwrWzw,44,YouTube Shorts,Barbershop Conversations: Kamala Harris' Background in Criminal Justice,"Help Vice President Kamala Harris and Governor Tim Walz put policies in place that protect our fundamental freedoms and defeat Donald Trump and MAGA Republicans this election. Take action at https://go.kamalaharris.com.
--------------------------------------
Follow Vice President Kamala Harris!

Kamala's Twitter: https://twitter.com/KamalaHarris
Kamala's Tiktok: https://tiktok.com/@kamalaharris
Kamala’s Instagram: https://www.instagram.com/KamalaHarris  
Kamala's Twitch: https://www.twitch.tv/kamalaharris
Kamala's Facebook: https://www.facebook.com/KamalaHarris
Kamala's Threads: https://www.threads.net/@kamalaharris

#KamalaHarris #Harris2024 #shorts #election #youtubeshorts #election2024",31,35797,2275,203,False,UNPLAYABLE,https://www.youtube.com/watch?v=WrlCB2D-BAg,2026-08-24T15:51:19+00:00,
aGjq18oaxic,2024-11-04,Democratic,candidate,harris,Kamala Harris,UC0XBsJpPhOLg0k4x9ZwrWzw,UC0XBsJpPhOLg0k4x9ZwrWzw,35,YouTube Shorts,Took some time today to hear from voters in Pennsylvania and ask for their support.,"Help Vice President Kamala Harris and Governor Tim Walz put policies in place that protect our fundamental freedoms and defeat Donald Trump and MAGA Republicans this election. Take action at https://go.kamalaharris.com.
--------------------------------------
Follow Vice President Kamala Harris!

Kamala's Twitter: https://twitter.com/KamalaHarris
Kamala's Tiktok: https://tiktok.com/@kamalaharris
Kamala’s Instagram: https://www.instagram.com/KamalaHarris  
Kamala's Twitch: https://www.twitch.tv/kamalaharris
Kamala's Facebook: https://www.facebook.com/KamalaHarris
Kamala's Threads: https://www.threads.net/@kamalaharris

#KamalaHarris #Harris2024 #shorts #election #youtubeshorts #election2024",42,912928,34513,1300,False,UNPLAYABLE,https://www.youtube.com/watch?v=aGjq18oaxic,2026-08-24T15:51:13+00:00,
ciWxo1m3bAc,2024-11-04,Democratic,candidate,harris,Kamala Harris,UC0XBsJpPhOLg0k4x9ZwrWzw,UC0XBsJpPhOLg0k4x9ZwrWzw,43,YouTube Shorts,"Tomorrow, we choose.","Help Vice President Kamala Harris and Governor Tim Walz put policies in place that protect our fundamental freedoms and defeat Donald Trump and MAGA Republicans this election. Take action at https://go.kamalaharris.com.
--------------------------------------
Follow Vice President Kamala Harris!

Kamala's Twitter: https://twitter.com/KamalaHarris
Kamala's Tiktok: https://tiktok.com/@kamalaharris
Kamala’s Instagram: https://www.instagram.com/KamalaHarris  
Kamala's Twitch: https://www.twitch.tv/kamalaharris
Kamala's Facebook: https://www.facebook.com/KamalaHarris
Kamala's Threads: https://www.threads.net/@kamalaharris

#KamalaHarris #Harris2024 #shorts #election #youtubeshorts #election2024",41,37872,3914,321,False,UNPLAYABLE,https://www.youtube.com/watch?v=ciWxo1m3bAc,2026-08-24T15:51:17+00:00,
i4eH7LoQyEU,2024-11-04,Democratic,candidate,harris,Kamala Harris,UC0XBsJpPhOLg0k4x9ZwrWzw,UC0XBsJpPhOLg0k4x9ZwrWzw,41,YouTube Shorts,I have mad respect for bakers.,"Help Vice President Kamala Harris and Governor Tim Walz put policies in place that protect our fundamental freedoms and defeat Donald Trump and MAGA Republicans this election. Take action at https://go.kamalaharris.com.
--------------------------------------
Follow Vice President Kamala Harris!

Kamala's Twitter: https://twitter.com/KamalaHarris
Kamala's Tiktok: https://tiktok.com/@kamalaharris
Kamala’s Instagram: https://www.instagram.com/KamalaHarris  
Kamala's Twitch: https://www.twitch.tv/kamalaharris
Kamala's Facebook: https://www.facebook.com/KamalaHarris
Kamala's Threads: https://www.threads.net/@kamalaharris

#KamalaHarris #Harris2024 #shorts #election #youtubeshorts #election2024",57,173954,13161,588,False,UNPLAYABLE,https://www.youtube.com/watch?v=i4eH7LoQyEU,2026-08-24T15:51:18+00:00,
o5-JhJLLW60,2024-11-04,Democratic,candidate,harris,Kamala Harris,UC0XBsJpPhOLg0k4x9ZwrWzw,UC0XBsJpPhOLg0k4x9ZwrWzw,36,YouTube Shorts,It's time to turn the page.,"Help Vice President Kamala Harris and Governor Tim Walz put policies in place that protect our fundamental freedoms and defeat Donald Trump and MAGA Republicans this election. Take action at https://go.kamalaharris.com.
--------------------------------------
Follow Vice President Kamala Harris!

Kamala's Twitter: https://twitter.com/KamalaHarris
Kamala's Tiktok: https://tiktok.com/@kamalaharris
Kamala’s Instagram: https://www.instagram.com/KamalaHarris  
Kamala's Twitch: https://www.twitch.tv/kamalaharris
Kamala's Facebook: https://www.facebook.com/KamalaHarris
Kamala's Threads: https://www.threads.net/@kamalaharris

#KamalaHarris #Harris2024 #shorts #election #youtubeshorts #election2024",34,460708,22917,2300,False,UNPLAYABLE,https://www.youtube.com/watch?v=o5-JhJLLW60,2026-08-24T15:51:13+00:00,
sM2HPv3hcVk,2024-11-04,Democratic,candidate,harris,Kamala Harris,UC0XBsJpPhOLg0k4x9ZwrWzw,UC0XBsJpPhOLg0k4x9ZwrWzw,40,YouTube Shorts,I will be a president for all Americans.,"Help Vice President Kamala Harris and Governor Tim Walz put policies in place that protect our fundamental freedoms and defeat Donald Trump and MAGA Republicans this election. Take action at https://go.kamalaharris.com.
--------------------------------------
Follow Vice President Kamala Harris!

Kamala's Twitter: https://twitter.com/KamalaHarris
Kamala's Tiktok: https://tiktok.com/@kamalaharris
Kamala’s Instagram: https://www.instagram.com/KamalaHarris  
Kamala's Twitch: https://www.twitch.tv/kamalaharris
Kamala's Facebook: https://www.facebook.com/KamalaHarris
Kamala's Threads: https://www.threads.net/@kamalaharris

#KamalaHarris #Harris2024 #shorts #election #youtubeshorts #election2024",19,484659,14890,1700,False,UNPLAYABLE,https://www.youtube.com/watch?v=sM2HPv3hcVk,2026-08-24T15:51:16+00:00,
u8WgMeI7T24,2024-11-04,Democratic,candidate,harris,Kamala Harris,UC0XBsJpPhOLg0k4x9ZwrWzw,UC0XBsJpPhOLg0k4x9ZwrWzw,45,YouTube Shorts,I will never forget where I come from.,"And I will never stop fighting for working and middle class families. Help Vice President Kamala Harris and Governor Tim Walz put policies in place that protect our fundamental freedoms and defeat Donald Trump and MAGA Republicans this election. Take action at https://go.kamalaharris.com.
--------------------------------------
Follow Vice President Kamala Harris!

Kamala's Twitter: https://twitter.com/KamalaHarris
Kamala's Tiktok: https://tiktok.com/@kamalaharris
Kamala’s Instagram: https://www.instagram.com/KamalaHarris  
Kamala's Twitch: https://www.twitch.tv/kamalaharris
Kamala's Facebook: https://www.facebook.com/KamalaHarris
Kamala's Threads: https://www.threads.net/@kamalaharris

#KamalaHarris #Harris2024 #shorts #election #youtubeshorts #election2024",44,51233,4526,366,False,UNPLAYABLE,https://www.youtube.com/watch?v=u8WgMeI7T24,2026-08-24T15:51:21+00:00,
w3ZjpaBzfJ0,2024-11-04,Democratic,candidate,harris,Kamala Harris,UC0XBsJpPhOLg0k4x9ZwrWzw,UC0XBsJpPhOLg0k4x9ZwrWzw,34,YouTube Shorts,"Philadelphia, are you ready to make your voices heard?","Help Vice President Kamala Harris and Governor Tim Walz put policies in place that protect our fundamental freedoms and defeat Donald Trump and MAGA Republicans this election. Take action at https://go.kamalaharris.com.
--------------------------------------
Follow Vice President Kamala Harris!

Kamala's Twitter: https://twitter.com/KamalaHarris
Kamala's Tiktok: https://tiktok.com/@kamalaharris
Kamala’s Instagram: https://www.instagram.com/KamalaHarris  
Kamala's Twitch: https://www.twitch.tv/kamalaharris
Kamala's Facebook: https://www.facebook.com/KamalaHarris
Kamala's Threads: https://www.threads.net/@kamalaharris

#KamalaHarris #Harris2024",33,236129,15785,1100,False,UNPLAYABLE,https://www.youtube.com/watch?v=w3ZjpaBzfJ0,2026-08-24T15:51:12+00:00,
EDY5P0tOxDk,2024-11-04,Republican,party,rnc,GOP,UC3o7kbpTUQ5-0WTMIp8sVwA,UC3o7kbpTUQ5-0WTMIp8sVwA,56,YouTube Shorts,Make A Plan!,"Make A Plan!

SWAMPTHEVOTEUSA.COM",16,1004,50,2,False,UNPLAYABLE,https://www.youtube.com/watch?v=EDY5P0tOxDk,2026-08-24T15:49:03+00:00,
PupQ_UvtZnc,2024-11-04,Republican,party,rnc,GOP,UC3o7kbpTUQ5-0WTMIp8sVwA,UC3o7kbpTUQ5-0WTMIp8sVwA,55,YouTube Shorts,That one day out feeling!,That one day out feeling! 🕺,9,5109,353,50,False,UNPLAYABLE,https://www.youtube.com/watch?v=PupQ_UvtZnc,2026-08-24T15:49:04+00:00,
U0yf5lcUYpw,2024-11-04,Republican,party,rnc,GOP,UC3o7kbpTUQ5-0WTMIp8sVwA,UC3o7kbpTUQ5-0WTMIp8sVwA,53,YouTube Shorts,"Kamala broke it, Trump will fix it!","Kamala broke it, Trump will fix it!",17,3166,197,18,False,UNPLAYABLE,https://www.youtube.com/watch?v=U0yf5lcUYpw,2026-08-24T15:49:13+00:00,
UJUu6nzej28,2024-11-04,Republican,party,rnc,GOP,UC3o7kbpTUQ5-0WTMIp8sVwA,UC3o7kbpTUQ5-0WTMIp8sVwA,54,YouTube Shorts,VOTE! VOTE! VOTE!,VOTE! VOTE! VOTE!,48,825,44,5,False,UNPLAYABLE,https://www.youtube.com/watch?v=UJUu6nzej28,2026-08-24T15:49:21+00:00,
1PbRM-7so28,2024-11-05,Democratic,candidate,harris,Kamala Harris,UC0XBsJpPhOLg0k4x9ZwrWzw,UC0XBsJpPhOLg0k4x9ZwrWzw,33,YouTube Shorts,"When we vote, we win. Are you ready to make your voices heard?","Help Vice President Kamala Harris and Governor Tim Walz put policies in place that protect our fundamental freedoms and defeat Donald Trump and MAGA Republicans this election. Take action at https://go.kamalaharris.com.
--------------------------------------
Follow Vice President Kamala Harris!

Kamala's Twitter: https://twitter.com/KamalaHarris
Kamala's Tiktok: https://tiktok.com/@kamalaharris
Kamala’s Instagram: https://www.instagram.com/KamalaHarris  
Kamala's Twitch: https://www.twitch.tv/kamalaharris
Kamala's Facebook: https://www.facebook.com/KamalaHarris
Kamala's Threads: https://www.threads.net/@kamalaharris

#KamalaHarris #Harris2024",26,157837,10890,1000,False,UNPLAYABLE,https://www.youtube.com/watch?v=1PbRM-7so28,2026-08-24T15:51:12+00:00,
BNlr-DJl6hs,2024-11-05,Democratic,candidate,harris,Kamala Harris,UC0XBsJpPhOLg0k4x9ZwrWzw,UC0XBsJpPhOLg0k4x9ZwrWzw,24,YouTube Shorts,To everyone who has worked hard and brought back the joy during this campaign—thank you.,"Help Vice President Kamala Harris and Governor Tim Walz put policies in place that protect our fundamental freedoms and defeat Donald Trump and MAGA Republicans this election. Take action at https://go.kamalaharris.com.
--------------------------------------
Follow Vice President Kamala Harris!

Kamala's Twitter: https://twitter.com/KamalaHarris
Kamala's Tiktok: https://tiktok.com/@kamalaharris
Kamala’s Instagram: https://www.instagram.com/KamalaHarris  
Kamala's Twitch: https://www.twitch.tv/kamalaharris
Kamala's Facebook: https://www.facebook.com/KamalaHarris
Kamala's Threads: https://www.threads.net/@kamalaharris

#KamalaHarris #Harris2024 #shorts #election #youtubeshorts #election2024",29,164240,7648,1200,False,UNPLAYABLE,https://www.youtube.com/watch?v=BNlr-DJl6hs,2026-08-24T15:51:15+00:00,
TkiytaymZjQ,2024-11-05,Democratic,candidate,harris,Kamala Harris,UC0XBsJpPhOLg0k4x9ZwrWzw,UC0XBsJpPhOLg0k4x9ZwrWzw,32,YouTube Shorts,"When we fight, we win.","Help Vice President Kamala Harris and Governor Tim Walz put policies in place that protect our fundamental freedoms and defeat Donald Trump and MAGA Republicans this election. Take action at https://go.kamalaharris.com.
--------------------------------------
Follow Vice President Kamala Harris!

Kamala's Twitter: https://twitter.com/KamalaHarris
Kamala's Tiktok: https://tiktok.com/@kamalaharris
Kamala’s Instagram: https://www.instagram.com/KamalaHarris  
Kamala's Twitch: https://www.twitch.tv/kamalaharris
Kamala's Facebook: https://www.facebook.com/KamalaHarris
Kamala's Threads: https://www.threads.net/@kamalaharris

#KamalaHarris #Harris2024",24,281882,13258,1600,False,UNPLAYABLE,https://www.youtube.com/watch?v=TkiytaymZjQ,2026-08-24T15:51:07+00:00,
a1mHgxj1Uh8,2024-11-05,Democratic,candidate,harris,Kamala Harris,UC0XBsJpPhOLg0k4x9ZwrWzw,UC0XBsJpPhOLg0k4x9ZwrWzw,30,YouTube Shorts,Let's win this.,"Help Vice President Kamala Harris and Governor Tim Walz put policies in place that protect our fundamental freedoms and defeat Donald Trump and MAGA Republicans this election. Take action at https://go.kamalaharris.com.
--------------------------------------
Follow Vice President Kamala Harris!

Kamala's Twitter: https://twitter.com/KamalaHarris
Kamala's Tiktok: https://tiktok.com/@kamalaharris
Kamala’s Instagram: https://www.instagram.com/KamalaHarris  
Kamala's Twitch: https://www.twitch.tv/kamalaharris
Kamala's Facebook: https://www.facebook.com/KamalaHarris
Kamala's Threads: https://www.threads.net/@kamalaharris

#KamalaHarris #Harris2024 #shorts #election #youtubeshorts #election2024",25,373300,15814,1600,False,UNPLAYABLE,https://www.youtube.com/watch?v=a1mHgxj1Uh8,2026-08-24T15:51:10+00:00,
a2MdElzoGs8,2024-11-05,Democratic,candidate,harris,Kamala Harris,UC0XBsJpPhOLg0k4x9ZwrWzw,UC0XBsJpPhOLg0k4x9ZwrWzw,29,YouTube Shorts,The joys of being on the campaign trail.,"Help Vice President Kamala Harris and Governor Tim Walz put policies in place that protect our fundamental freedoms and defeat Donald Trump and MAGA Republicans this election. Take action at https://go.kamalaharris.com.
--------------------------------------
Follow Vice President Kamala Harris!

Kamala's Twitter: https://twitter.com/KamalaHarris
Kamala's Tiktok: https://tiktok.com/@kamalaharris
Kamala’s Instagram: https://www.instagram.com/KamalaHarris  
Kamala's Twitch: https://www.twitch.tv/kamalaharris
Kamala's Facebook: https://www.facebook.com/KamalaHarris
Kamala's Threads: https://www.threads.net/@kamalaharris

#KamalaHarris #Harris2024 #shorts #election #youtubeshorts #election2024",13,391541,20301,1300,False,UNPLAYABLE,https://www.youtube.com/watch?v=a2MdElzoGs8,2026-08-24T15:51:24+00:00,
bIf81eDXwpQ,2024-11-05,Democratic,candidate,harris,Kamala Harris,UC0XBsJpPhOLg0k4x9ZwrWzw,UC0XBsJpPhOLg0k4x9ZwrWzw,31,YouTube Shorts,"Love you, Dougie.","Help Vice President Kamala Harris and Governor Tim Walz put policies in place that protect our fundamental freedoms and defeat Donald Trump and MAGA Republicans this election. Take action at https://go.kamalaharris.com.
--------------------------------------
Follow Vice President Kamala Harris!

Kamala's Twitter: https://twitter.com/KamalaHarris
Kamala's Tiktok: https://tiktok.com/@kamalaharris
Kamala’s Instagram: https://www.instagram.com/KamalaHarris  
Kamala's Twitch: https://www.twitch.tv/kamalaharris
Kamala's Facebook: https://www.facebook.com/KamalaHarris
Kamala's Threads: https://www.threads.net/@kamalaharris

#KamalaHarris #Harris2024",12,765894,29235,1600,False,UNPLAYABLE,https://www.youtube.com/watch?v=bIf81eDXwpQ,2026-08-24T15:51:07+00:00,
mViWZGr0WIs,2024-11-05,Democratic,candidate,harris,Kamala Harris,UC0XBsJpPhOLg0k4x9ZwrWzw,UC0XBsJpPhOLg0k4x9ZwrWzw,27,YouTube Shorts,"Get out there and vote, America.","Help Vice President Kamala Harris and Governor Tim Walz put policies in place that protect our fundamental freedoms and defeat Donald Trump and MAGA Republicans this election. Take action at https://go.kamalaharris.com.
--------------------------------------
Follow Vice President Kamala Harris!

Kamala's Twitter: https://twitter.com/KamalaHarris
Kamala's Tiktok: https://tiktok.com/@kamalaharris
Kamala’s Instagram: https://www.instagram.com/KamalaHarris  
Kamala's Twitch: https://www.twitch.tv/kamalaharris
Kamala's Facebook: https://www.facebook.com/KamalaHarris
Kamala's Threads: https://www.threads.net/@kamalaharris

#KamalaHarris #Harris2024 #shorts #election #election2024 #youtubeshorts",18,212801,10851,2000,False,UNPLAYABLE,https://www.youtube.com/watch?v=mViWZGr0WIs,2026-08-24T15:51:17+00:00,
q8aky3hWXik,2024-11-05,Democratic,candidate,harris,Kamala Harris,UC0XBsJpPhOLg0k4x9ZwrWzw,UC0XBsJpPhOLg0k4x9ZwrWzw,28,YouTube Shorts,"When we vote, we win.","Help Vice President Kamala Harris and Governor Tim Walz put policies in place that protect our fundamental freedoms and defeat Donald Trump and MAGA Republicans this election. Take action at https://go.kamalaharris.com.
--------------------------------------
Follow Vice President Kamala Harris!

Kamala's Twitter: https://twitter.com/KamalaHarris
Kamala's Tiktok: https://tiktok.com/@kamalaharris
Kamala’s Instagram: https://www.instagram.com/KamalaHarris  
Kamala's Twitch: https://www.twitch.tv/kamalaharris
Kamala's Facebook: https://www.facebook.com/KamalaHarris
Kamala's Threads: https://www.threads.net/@kamalaharris

#KamalaHarris #Harris2024 #shorts #election #youtubeshorts #election2024",42,173553,8726,966,False,UNPLAYABLE,https://www.youtube.com/watch?v=q8aky3hWXik,2026-08-24T15:51:08+00:00,
sGwIanon8_E,2024-11-05,Democratic,candidate,harris,Kamala Harris,UC0XBsJpPhOLg0k4x9ZwrWzw,UC0XBsJpPhOLg0k4x9ZwrWzw,23,YouTube Shorts,Our campaign wouldn’t be possible without people like Nicole. Thank you for everything.,"Help Vice President Kamala Harris and Governor Tim Walz put policies in place that protect our fundamental freedoms and defeat Donald Trump and MAGA Republicans this election. Take action at https://go.kamalaharris.com.
--------------------------------------
Follow Vice President Kamala Harris!

Kamala's Twitter: https://twitter.com/KamalaHarris
Kamala's Tiktok: https://tiktok.com/@kamalaharris
Kamala’s Instagram: https://www.instagram.com/KamalaHarris  
Kamala's Twitch: https://www.twitch.tv/kamalaharris
Kamala's Facebook: https://www.facebook.com/KamalaHarris
Kamala's Threads: https://www.threads.net/@kamalaharris

#KamalaHarris #Harris2024 #shorts #election #youtubeshorts #election2024",60,846321,28202,6000,False,UNPLAYABLE,https://www.youtube.com/watch?v=sGwIanon8_E,2026-08-24T15:51:09+00:00,
yVJdVda_lCY,2024-11-05,Democratic,candidate,harris,Kamala Harris,UC0XBsJpPhOLg0k4x9ZwrWzw,UC0XBsJpPhOLg0k4x9ZwrWzw,25,YouTube Shorts,"I love Gen Z, and I am grateful to our first-time voters for making their voices heard.","Help Vice President Kamala Harris and Governor Tim Walz put policies in place that protect our fundamental freedoms and defeat Donald Trump and MAGA Republicans this election. Take action at https://go.kamalaharris.com.
--------------------------------------
Follow Vice President Kamala Harris!

Kamala's Twitter: https://twitter.com/KamalaHarris
Kamala's Tiktok: https://tiktok.com/@kamalaharris
Kamala’s Instagram: https://www.instagram.com/KamalaHarris  
Kamala's Twitch: https://www.twitch.tv/kamalaharris
Kamala's Facebook: https://www.facebook.com/KamalaHarris
Kamala's Threads: https://www.threads.net/@kamalaharris

#KamalaHarris #Harris2024",47,360094,17069,1700,False,UNPLAYABLE,https://www.youtube.com/watch?v=yVJdVda_lCY,2026-08-24T15:51:13+00:00,
zfsNIpBYRdc,2024-11-05,Democratic,candidate,harris,Kamala Harris,UC0XBsJpPhOLg0k4x9ZwrWzw,UC0XBsJpPhOLg0k4x9ZwrWzw,26,YouTube Shorts,Hopped on the phone to speak with voters (and one future voter) today.,"Help Vice President Kamala Harris and Governor Tim Walz put policies in place that protect our fundamental freedoms and defeat Donald Trump and MAGA Republicans this election. Take action at https://go.kamalaharris.com.
--------------------------------------
Follow Vice President Kamala Harris!

Kamala's Twitter: https://twitter.com/KamalaHarris
Kamala's Tiktok: https://tiktok.com/@kamalaharris
Kamala’s Instagram: https://www.instagram.com/KamalaHarris  
Kamala's Twitch: https://www.twitch.tv/kamalaharris
Kamala's Facebook: https://www.facebook.com/KamalaHarris
Kamala's Threads: https://www.threads.net/@kamalaharris

#KamalaHarris #Harris2024",55,322723,15025,1000,False,UNPLAYABLE,https://www.youtube.com/watch?v=zfsNIpBYRdc,2026-08-24T15:51:20+00:00,
Pj5VOhomV2U,2024-11-05,Republican,party,rnc,GOP,UC3o7kbpTUQ5-0WTMIp8sVwA,UC3o7kbpTUQ5-0WTMIp8sVwA,52,YouTube Shorts,The feeling you get after voting for President Trump,The feeling you get after voting for President Trump 🎉,26,8892,575,39,False,UNPLAYABLE,https://www.youtube.com/watch?v=Pj5VOhomV2U,2026-08-24T15:49:20+00:00,
