node,camp,role,platform,slug,channel_id,post_id,published_at_utc,date_et,tab,is_live_broadcast,broadcast_content,duration,title,description,views_now,likes_now,comments_now,privacy_status,url,retrieved_at
DNC,民主党,党组织,youtube,dnc,UClkO4MArT2WKWj32YDD_-Ew,28zFqXfVCpI,2024-07-21T18:41:28+00:00,2024-07-21,streams,True,none,3050,Democratic National Convention Credentials Committee Meeting,"***JOIN OUR TEAM***
Add your name to help elect Democrats: http://bit.ly/2t7MCC8
Follow us on Twitter: https://twitter.com/TheDemocrats
Follow us on Instagram: https://www.instagram.com/thedemocrats/
Like us on Facebook: https://www.facebook.com/democrats/

Text ‘FIGHT’ to 43367

By texting FIGHT to 43367, you are consenting to receive recurring automated text messages and calls from the DNC. For SMS, message and data rates may apply. Text HELP for help. Text STOP to end. Privacy policy: democrats.org/privacy-policy.",4749,151,70,public,https://www.youtube.com/watch?v=28zFqXfVCpI,2026-10-03T08:45:52+00:00
DNC,民主党,党组织,youtube,dnc,UClkO4MArT2WKWj32YDD_-Ew,jHSEofoNPUI,2024-07-24T20:31:56+00:00,2024-07-24,streams,True,none,8446,Democratic National Convention Rules Committee Meeting,"***JOIN OUR TEAM***
Add your name to help elect Democrats: http://bit.ly/2t7MCC8
Follow us on Twitter: https://twitter.com/TheDemocrats
Follow us on Instagram: https://www.instagram.com/thedemocrats/
Like us on Facebook: https://www.facebook.com/democrats/

Text ‘FIGHT’ to 43367

By texting FIGHT to 43367, you are consenting to receive recurring automated text messages and calls from the DNC. For SMS, message and data rates may apply. Text HELP for help. Text STOP to end. Privacy policy: democrats.org/privacy-policy.",10090,372,37,public,https://www.youtube.com/watch?v=jHSEofoNPUI,2026-10-03T08:45:52+00:00
DNC,民主党,党组织,youtube,dnc,UClkO4MArT2WKWj32YDD_-Ew,eS0ZKR1m8ME,2024-08-02T17:30:38+00:00,2024-08-02,streams,True,none,2347,Harris for President Campaign Update,"***JOIN OUR TEAM***
Add your name to help elect Democrats: http://bit.ly/2t7MCC8
Follow us on Twitter: https://twitter.com/TheDemocrats
Follow us on Instagram: https://www.instagram.com/thedemocrats/
Like us on Facebook: https://www.facebook.com/democrats/

Text ‘FIGHT’ to 43367

By texting FIGHT to 43367, you are consenting to receive recurring automated text messages and calls from the DNC. For SMS, message and data rates may apply. Text HELP for help. Text STOP to end. Privacy policy: democrats.org/privacy-policy.",9364,509,49,public,https://www.youtube.com/watch?v=eS0ZKR1m8ME,2026-10-03T08:45:52+00:00
DNC,民主党,党组织,youtube,dnc,UClkO4MArT2WKWj32YDD_-Ew,1L_dWU8YiJU,2024-08-06T22:54:22+00:00,2024-08-06,streams,True,none,4985,Philadelphia Rally with Vice President Kamala Harris and Governor Tim Walz,"HAPPENING NOW: Vice President Harris and Governor Tim Walz are taking the stage in Philadelphia to underscore what’s at stake in this election.

***JOIN OUR TEAM***
Add your name to help elect Democrats: http://bit.ly/2t7MCC8
Follow us on Twitter: https://twitter.com/TheDemocrats
Follow us on Instagram: https://www.instagram.com/thedemocrats/
Like us on Facebook: https://www.facebook.com/democrats/

Text ‘FIGHT’ to 43367

By texting FIGHT to 43367, you are consenting to receive recurring automated text messages and calls from the DNC. For SMS, message and data rates may apply. Text HELP for help. Text STOP to end. Privacy policy: democrats.org/privacy-policy.",3060,139,30,public,https://www.youtube.com/watch?v=1L_dWU8YiJU,2026-10-03T08:45:52+00:00
DNC,民主党,党组织,youtube,dnc,UClkO4MArT2WKWj32YDD_-Ew,esC0qayNJMU,2024-08-07T19:58:16+00:00,2024-08-07,streams,True,none,2635,Wisconsin Rally with Vice President Kamala Harris and Governor Tim Walz,"Three months until Election Day.

For ASL feed, please tune in here: https://us06web.zoom.us/j/87652914659

***JOIN OUR TEAM***
Add your name to help elect Democrats: http://bit.ly/2t7MCC8
Follow us on Twitter: https://twitter.com/TheDemocrats
Follow us on Instagram: https://www.instagram.com/thedemocrats/
Like us on Facebook: https://www.facebook.com/democrats/

Text ‘FIGHT’ to 43367

By texting FIGHT to 43367, you are consenting to receive recurring automated text messages and calls from the DNC. For SMS, message and data rates may apply. Text HELP for help. Text STOP to end. Privacy policy: democrats.org/privacy-policy.",16590,966,60,public,https://www.youtube.com/watch?v=esC0qayNJMU,2026-10-03T08:45:52+00:00
DNC,民主党,党组织,youtube,dnc,UClkO4MArT2WKWj32YDD_-Ew,Nd44dSBoVyY,2024-08-08T00:25:43+00:00,2024-08-07,streams,True,none,2961,Detroit Rally with Vice President Kamala Harris and Governor Tim Walz,"TUNE IN: Vice President Kamala Harris, Governor Tim Walz, and Governor Whitmer are live in Detroit to rally voters and underline the stakes of this election.

For ASL feed, please tune in here: https://us06web.zoom.us/j/83523844333

***JOIN OUR TEAM***
Add your name to help elect Democrats: http://bit.ly/2t7MCC8
Follow us on Twitter: https://twitter.com/TheDemocrats
Follow us on Instagram: https://www.instagram.com/thedemocrats/
Like us on Facebook: https://www.facebook.com/democrats/

Text ‘FIGHT’ to 43367

By texting FIGHT to 43367, you are consenting to receive recurring automated text messages and calls from the DNC. For SMS, message and data rates may apply. Text HELP for help. Text STOP to end. Privacy policy: democrats.org/privacy-policy.",24518,1198,129,public,https://www.youtube.com/watch?v=Nd44dSBoVyY,2026-10-03T08:45:52+00:00
DNC,民主党,党组织,youtube,dnc,UClkO4MArT2WKWj32YDD_-Ew,kfpr9rybq4s,2024-08-10T01:15:32+00:00,2024-08-09,streams,True,none,5245,Arizona Rally with Vice President Kamala Harris and Governor Tim Walz,"There's too much on the line to sit this election out.

Vice President Kamala Harris and Governor Tim Walz are in Phoenix getting voters fired up ahead of November. Tune in. 

For ASL feed, please tune in here: https://us06web.zoom.us/j/89841558517

***JOIN OUR TEAM***
Add your name to help elect Democrats: http://bit.ly/2t7MCC8
Follow us on Twitter: https://twitter.com/TheDemocrats
Follow us on Instagram: https://www.instagram.com/thedemocrats/
Like us on Facebook: https://www.facebook.com/democrats/

Text ‘FIGHT’ to 43367

By texting FIGHT to 43367, you are consenting to receive recurring automated text messages and calls from the DNC. For SMS, message and data rates may apply. Text HELP for help. Text STOP to end. Privacy policy: democrats.org/privacy-policy.",15003,690,73,public,https://www.youtube.com/watch?v=kfpr9rybq4s,2026-10-03T08:45:52+00:00
DNC,民主党,党组织,youtube,dnc,UClkO4MArT2WKWj32YDD_-Ew,u7447l1VRWg,2024-08-11T02:17:19+00:00,2024-08-10,streams,True,none,3431,Nevada Rally with Vice President Kamala Harris and Governor Tim Walz,"This ticket believes in the promise of America, and they are ready to fight for it!

Tune in now as Vice President Kamala Harris and Governor Tim Walz take the stage in Las Vegas.

For ASL feed, please tune in here: https://us06web.zoom.us/j/81714098140

""**JOIN OUR TEAM**
Add your name to help elect Democrats: http://bit.ly/2t7MCC8
Follow us on Twitter:   / thedemocrats  
Follow us on Instagram:   / thedemocrats  
Like us on Facebook:   / democrats  

Text ‘FIGHT’ to 43367

By texting FIGHT to 43367, you are consenting to receive recurring automated text messages and calls from the DNC. For SMS, message and data rates may apply. Text HELP for help. Text STOP to end. Privacy policy: democrats.org/privacy-policy.""",15661,587,95,public,https://www.youtube.com/watch?v=u7447l1VRWg,2026-10-03T08:45:52+00:00
DNC,民主党,党组织,youtube,dnc,UClkO4MArT2WKWj32YDD_-Ew,R98uWfpihVg,2024-08-16T18:58:25+00:00,2024-08-16,streams,True,none,2335,"Campaign Event in Raleigh, North Carolina with Vice President Kamala Harris","As vice president, Kamala Harris has helped to lower everyday costs for families. She’ll continue to do so as president. 

Tune in as she delivers remarks in North Carolina.

For ASL feed, please tune in here: https://us06web.zoom.us/j/81157944845

""**JOIN OUR TEAM**
Add your name to help elect Democrats: http://bit.ly/2t7MCC8
Follow us on Twitter:   / thedemocrats  
Follow us on Instagram:   / thedemocrats  
Like us on Facebook:   / democrats  

Text ‘FIGHT’ to 43367

By texting FIGHT to 43367, you are consenting to receive recurring automated text messages and calls from the DNC. For SMS, message and data rates may apply. Text HELP for help. Text STOP to end. Privacy policy: democrats.org/privacy-policy.""",3342,175,50,public,https://www.youtube.com/watch?v=R98uWfpihVg,2026-10-03T08:45:52+00:00
DNC,民主党,党组织,youtube,dnc,UClkO4MArT2WKWj32YDD_-Ew,mV0_j9MEkRE,2024-08-19T16:33:44+00:00,2024-08-19,streams,True,none,7003,Ethnic Council,"***JOIN OUR TEAM***
Add your name to help elect Democrats: http://bit.ly/2t7MCC8
Follow us on Twitter: https://twitter.com/TheDemocrats
Follow us on Instagram: https://www.instagram.com/thedemocrats/
Like us on Facebook: https://www.facebook.com/democrats/

Text ‘FIGHT’ to 43367

By texting FIGHT to 43367, you are consenting to receive recurring automated text messages and calls from the DNC. For SMS, message and data rates may apply. Text HELP for help. Text STOP to end. Privacy policy: democrats.org/privacy-policy.",1661,47,3,public,https://www.youtube.com/watch?v=mV0_j9MEkRE,2026-10-03T08:45:52+00:00
DNC,民主党,党组织,youtube,dnc,UClkO4MArT2WKWj32YDD_-Ew,SYrXcnwls3M,2024-08-19T16:45:09+00:00,2024-08-19,streams,True,none,5587,Native American Caucus,"***JOIN OUR TEAM***
Add your name to help elect Democrats: http://bit.ly/2t7MCC8
Follow us on Twitter: https://twitter.com/TheDemocrats
Follow us on Instagram: https://www.instagram.com/thedemocrats/
Like us on Facebook: https://www.facebook.com/democrats/

Text ‘FIGHT’ to 43367

By texting FIGHT to 43367, you are consenting to receive recurring automated text messages and calls from the DNC. For SMS, message and data rates may apply. Text HELP for help. Text STOP to end. Privacy policy: democrats.org/privacy-policy.",2456,140,8,public,https://www.youtube.com/watch?v=SYrXcnwls3M,2026-10-03T08:45:52+00:00
DNC,民主党,党组织,youtube,dnc,UClkO4MArT2WKWj32YDD_-Ew,9ReD5fYiKng,2024-08-19T17:35:33+00:00,2024-08-19,streams,True,none,7271,Hispanic Caucus,"***JOIN OUR TEAM***
Add your name to help elect Democrats: http://bit.ly/2t7MCC8
Follow us on Twitter: https://twitter.com/TheDemocrats
Follow us on Instagram: https://www.instagram.com/thedemocrats/
Like us on Facebook: https://www.facebook.com/democrats/

Text ‘FIGHT’ to 43367

By texting FIGHT to 43367, you are consenting to receive recurring automated text messages and calls from the DNC. For SMS, message and data rates may apply. Text HELP for help. Text STOP to end. Privacy policy: democrats.org/privacy-policy.",2653,82,4,public,https://www.youtube.com/watch?v=9ReD5fYiKng,2026-10-03T08:45:52+00:00
DNC,民主党,党组织,youtube,dnc,UClkO4MArT2WKWj32YDD_-Ew,sZNKgEpNDbU,2024-08-19T17:38:48+00:00,2024-08-19,streams,True,none,9730,AAPI Caucus,"***JOIN OUR TEAM***
Add your name to help elect Democrats: http://bit.ly/2t7MCC8
Follow us on Twitter: https://twitter.com/TheDemocrats
Follow us on Instagram: https://www.instagram.com/thedemocrats/
Like us on Facebook: https://www.facebook.com/democrats/

Text ‘FIGHT’ to 43367

By texting FIGHT to 43367, you are consenting to receive recurring automated text messages and calls from the DNC. For SMS, message and data rates may apply. Text HELP for help. Text STOP to end. Privacy policy: democrats.org/privacy-policy.",2466,85,4,public,https://www.youtube.com/watch?v=sZNKgEpNDbU,2026-10-03T08:45:52+00:00
DNC,民主党,党组织,youtube,dnc,UClkO4MArT2WKWj32YDD_-Ew,a0SZIWlgKMI,2024-08-19T18:13:47+00:00,2024-08-19,streams,True,none,8968,Black Caucus,"***JOIN OUR TEAM***
Add your name to help elect Democrats: http://bit.ly/2t7MCC8
Follow us on Twitter: https://twitter.com/TheDemocrats
Follow us on Instagram: https://www.instagram.com/thedemocrats/
Like us on Facebook: https://www.facebook.com/democrats/

Text ‘FIGHT’ to 43367

By texting FIGHT to 43367, you are consenting to receive recurring automated text messages and calls from the DNC. For SMS, message and data rates may apply. Text HELP for help. Text STOP to end. Privacy policy: democrats.org/privacy-policy.",5145,208,19,public,https://www.youtube.com/watch?v=a0SZIWlgKMI,2026-10-03T08:45:52+00:00
DNC,民主党,党组织,youtube,dnc,UClkO4MArT2WKWj32YDD_-Ew,-NXuXQxHZPM,2024-08-19T18:40:45+00:00,2024-08-19,streams,True,none,5921,Small Business Council,"***JOIN OUR TEAM***
Add your name to help elect Democrats: http://bit.ly/2t7MCC8
Follow us on Twitter: https://twitter.com/TheDemocrats
Follow us on Instagram: https://www.instagram.com/thedemocrats/
Like us on Facebook: https://www.facebook.com/democrats/

Text ‘FIGHT’ to 43367

By texting FIGHT to 43367, you are consenting to receive recurring automated text messages and calls from the DNC. For SMS, message and data rates may apply. Text HELP for help. Text STOP to end. Privacy policy: democrats.org/privacy-policy.",1191,54,2,public,https://www.youtube.com/watch?v=-NXuXQxHZPM,2026-10-03T08:45:52+00:00
DNC,民主党,党组织,youtube,dnc,UClkO4MArT2WKWj32YDD_-Ew,uXsLDeiqL8Q,2024-08-19T19:06:02+00:00,2024-08-19,streams,True,none,5674,LGBTQ+ Caucus,"***JOIN OUR TEAM***
Add your name to help elect Democrats: http://bit.ly/2t7MCC8
Follow us on Twitter: https://twitter.com/TheDemocrats
Follow us on Instagram: https://www.instagram.com/thedemocrats/
Like us on Facebook: https://www.facebook.com/democrats/

Text ‘FIGHT’ to 43367

By texting FIGHT to 43367, you are consenting to receive recurring automated text messages and calls from the DNC. For SMS, message and data rates may apply. Text HELP for help. Text STOP to end. Privacy policy: democrats.org/privacy-policy.",5672,225,17,public,https://www.youtube.com/watch?v=uXsLDeiqL8Q,2026-10-03T08:45:52+00:00
DNC,民主党,党组织,youtube,dnc,UClkO4MArT2WKWj32YDD_-Ew,hkJIaZoMEDA,2024-08-19T19:23:04+00:00,2024-08-19,streams,True,none,7290,Labor Council,"***JOIN OUR TEAM***
Add your name to help elect Democrats: http://bit.ly/2t7MCC8
Follow us on Twitter: https://twitter.com/TheDemocrats
Follow us on Instagram: https://www.instagram.com/thedemocrats/
Like us on Facebook: https://www.facebook.com/democrats/

Text ‘FIGHT’ to 43367

By texting FIGHT to 43367, you are consenting to receive recurring automated text messages and calls from the DNC. For SMS, message and data rates may apply. Text HELP for help. Text STOP to end. Privacy policy: democrats.org/privacy-policy.",2529,70,7,public,https://www.youtube.com/watch?v=hkJIaZoMEDA,2026-10-03T08:45:52+00:00
DNC,民主党,党组织,youtube,dnc,UClkO4MArT2WKWj32YDD_-Ew,dIa8BTL4hSY,2024-08-19T20:35:26+00:00,2024-08-19,streams,True,none,5633,Environmental & Climate Crisis Council,"***JOIN OUR TEAM***
Add your name to help elect Democrats: http://bit.ly/2t7MCC8
Follow us on Twitter: https://twitter.com/TheDemocrats
Follow us on Instagram: https://www.instagram.com/thedemocrats/
Like us on Facebook: https://www.facebook.com/democrats/

Text ‘FIGHT’ to 43367

By texting FIGHT to 43367, you are consenting to receive recurring automated text messages and calls from the DNC. For SMS, message and data rates may apply. Text HELP for help. Text STOP to end. Privacy policy: democrats.org/privacy-policy.",3671,130,7,public,https://www.youtube.com/watch?v=dIa8BTL4hSY,2026-10-03T08:45:52+00:00
DNC,民主党,党组织,youtube,dnc,UClkO4MArT2WKWj32YDD_-Ew,9OcYKefLqKQ,2024-08-20T04:59:03+00:00,2024-08-20,streams,True,none,22700,Democratic National Convention: Day 1,"We’re kicking off the first night of the 2024 Democratic National Convention. Tune in now.

***JOIN OUR TEAM***
Add your name to help elect Democrats: http://bit.ly/2t7MCC8
Follow us on Twitter: https://twitter.com/TheDemocrats
Follow us on Instagram: https://www.instagram.com/thedemocrats/
Like us on Facebook: https://www.facebook.com/democrats/

Text ‘FIGHT’ to 43367

By texting FIGHT to 43367, you are consenting to receive recurring automated text messages and calls from the DNC. For SMS, message and data rates may apply. Text HELP for help. Text STOP to end. Privacy policy: democrats.org/privacy-policy.",201478,3124,565,public,https://www.youtube.com/watch?v=9OcYKefLqKQ,2026-10-03T08:45:52+00:00
DNC,民主党,党组织,youtube,dnc,UClkO4MArT2WKWj32YDD_-Ew,kC6iDrxEgtU,2024-08-20T17:50:56+00:00,2024-08-20,streams,True,none,10660,Women's Caucus,"***JOIN OUR TEAM***
Add your name to help elect Democrats: http://bit.ly/2t7MCC8
Follow us on Twitter: https://twitter.com/TheDemocrats
Follow us on Instagram: https://www.instagram.com/thedemocrats/
Like us on Facebook: https://www.facebook.com/democrats/

Text ‘FIGHT’ to 43367

By texting FIGHT to 43367, you are consenting to receive recurring automated text messages and calls from the DNC. For SMS, message and data rates may apply. Text HELP for help. Text STOP to end. Privacy policy: democrats.org/privacy-policy.",6742,129,45,public,https://www.youtube.com/watch?v=kC6iDrxEgtU,2026-10-03T08:45:52+00:00
DNC,民主党,党组织,youtube,dnc,UClkO4MArT2WKWj32YDD_-Ew,KA2CZh8N47s,2024-08-20T18:11:17+00:00,2024-08-20,streams,True,none,3571,Disability Caucus,"***JOIN OUR TEAM***
Add your name to help elect Democrats: http://bit.ly/2t7MCC8
Follow us on Twitter: https://twitter.com/TheDemocrats
Follow us on Instagram: https://www.instagram.com/thedemocrats/
Like us on Facebook: https://www.facebook.com/democrats/

Text ‘FIGHT’ to 43367

By texting FIGHT to 43367, you are consenting to receive recurring automated text messages and calls from the DNC. For SMS, message and data rates may apply. Text HELP for help. Text STOP to end. Privacy policy: democrats.org/privacy-policy.",843,62,0,public,https://www.youtube.com/watch?v=KA2CZh8N47s,2026-10-03T08:45:52+00:00
DNC,民主党,党组织,youtube,dnc,UClkO4MArT2WKWj32YDD_-Ew,MxFOXxD0_es,2024-08-20T18:44:16+00:00,2024-08-20,streams,True,none,2005,Disability Caucus,"***JOIN OUR TEAM***
Add your name to help elect Democrats: http://bit.ly/2t7MCC8
Follow us on Twitter: https://twitter.com/TheDemocrats
Follow us on Instagram: https://www.instagram.com/thedemocrats/
Like us on Facebook: https://www.facebook.com/democrats/

Text ‘FIGHT’ to 43367

By texting FIGHT to 43367, you are consenting to receive recurring automated text messages and calls from the DNC. For SMS, message and data rates may apply. Text HELP for help. Text STOP to end. Privacy policy: democrats.org/privacy-policy.",824,22,1,public,https://www.youtube.com/watch?v=MxFOXxD0_es,2026-10-03T08:45:52+00:00
DNC,民主党,党组织,youtube,dnc,UClkO4MArT2WKWj32YDD_-Ew,ofdK32vx5sI,2024-08-20T18:45:51+00:00,2024-08-20,streams,True,none,5153,Youth Council,"***JOIN OUR TEAM***
Add your name to help elect Democrats: http://bit.ly/2t7MCC8
Follow us on Twitter: https://twitter.com/TheDemocrats
Follow us on Instagram: https://www.instagram.com/thedemocrats/
Like us on Facebook: https://www.facebook.com/democrats/

Text ‘FIGHT’ to 43367

By texting FIGHT to 43367, you are consenting to receive recurring automated text messages and calls from the DNC. For SMS, message and data rates may apply. Text HELP for help. Text STOP to end. Privacy policy: democrats.org/privacy-policy.",1523,75,2,public,https://www.youtube.com/watch?v=ofdK32vx5sI,2026-10-03T08:45:52+00:00
DNC,民主党,党组织,youtube,dnc,UClkO4MArT2WKWj32YDD_-Ew,_Cxc-9y1nkc,2024-08-20T19:04:54+00:00,2024-08-20,streams,True,none,5714,Rural Caucus,"***JOIN OUR TEAM***
Add your name to help elect Democrats: http://bit.ly/2t7MCC8
Follow us on Twitter: https://twitter.com/TheDemocrats
Follow us on Instagram: https://www.instagram.com/thedemocrats/
Like us on Facebook: https://www.facebook.com/democrats/

Text ‘FIGHT’ to 43367

By texting FIGHT to 43367, you are consenting to receive recurring automated text messages and calls from the DNC. For SMS, message and data rates may apply. Text HELP for help. Text STOP to end. Privacy policy: democrats.org/privacy-policy.",1673,63,0,public,https://www.youtube.com/watch?v=_Cxc-9y1nkc,2026-10-03T08:45:52+00:00
DNC,民主党,党组织,youtube,dnc,UClkO4MArT2WKWj32YDD_-Ew,iyxa3eCv44U,2024-08-20T19:31:42+00:00,2024-08-20,shorts,False,none,34,Secretary Hillary Clinton at the 2024 Democratic National Convention,,12209,331,98,public,https://www.youtube.com/watch?v=iyxa3eCv44U,2026-10-03T08:45:52+00:00
DNC,民主党,党组织,youtube,dnc,UClkO4MArT2WKWj32YDD_-Ew,wT4vUS7ifdc,2024-08-20T20:31:36+00:00,2024-08-20,streams,True,none,4705,Interfaith Council,"***JOIN OUR TEAM***
Add your name to help elect Democrats: http://bit.ly/2t7MCC8
Follow us on Twitter: https://twitter.com/TheDemocrats
Follow us on Instagram: https://www.instagram.com/thedemocrats/
Like us on Facebook: https://www.facebook.com/democrats/

Text ‘FIGHT’ to 43367

By texting FIGHT to 43367, you are consenting to receive recurring automated text messages and calls from the DNC. For SMS, message and data rates may apply. Text HELP for help. Text STOP to end. Privacy policy: democrats.org/privacy-policy.",2212,55,1,public,https://www.youtube.com/watch?v=wT4vUS7ifdc,2026-10-03T08:45:52+00:00
DNC,民主党,党组织,youtube,dnc,UClkO4MArT2WKWj32YDD_-Ew,buznpytoxyc,2024-08-20T20:31:42+00:00,2024-08-20,streams,True,none,5759,Veterans and Military Families Council,"***JOIN OUR TEAM***
Add your name to help elect Democrats: http://bit.ly/2t7MCC8
Follow us on Twitter: https://twitter.com/TheDemocrats
Follow us on Instagram: https://www.instagram.com/thedemocrats/
Like us on Facebook: https://www.facebook.com/democrats/

Text ‘FIGHT’ to 43367

By texting FIGHT to 43367, you are consenting to receive recurring automated text messages and calls from the DNC. For SMS, message and data rates may apply. Text HELP for help. Text STOP to end. Privacy policy: democrats.org/privacy-policy.",1581,64,1,public,https://www.youtube.com/watch?v=buznpytoxyc,2026-10-03T08:45:52+00:00
DNC,民主党,党组织,youtube,dnc,UClkO4MArT2WKWj32YDD_-Ew,sR44rQXnsM8,2024-08-20T20:51:28+00:00,2024-08-20,streams,True,none,6782,Poverty Council,"***JOIN OUR TEAM***
Add your name to help elect Democrats: http://bit.ly/2t7MCC8
Follow us on Twitter: https://twitter.com/TheDemocrats
Follow us on Instagram: https://www.instagram.com/thedemocrats/
Like us on Facebook: https://www.facebook.com/democrats/

Text ‘FIGHT’ to 43367

By texting FIGHT to 43367, you are consenting to receive recurring automated text messages and calls from the DNC. For SMS, message and data rates may apply. Text HELP for help. Text STOP to end. Privacy policy: democrats.org/privacy-policy.",1205,47,3,public,https://www.youtube.com/watch?v=sR44rQXnsM8,2026-10-03T08:45:52+00:00
DNC,民主党,党组织,youtube,dnc,UClkO4MArT2WKWj32YDD_-Ew,i9yQIGcXdeY,2024-08-21T04:02:30+00:00,2024-08-21,streams,True,none,18915,Democratic National Convention: Day 2,"Tune in to watch day two of the Democratic National Convention. 

***JOIN OUR TEAM***
Add your name to help elect Democrats: http://bit.ly/2t7MCC8
Follow us on Twitter: https://twitter.com/TheDemocrats
Follow us on Instagram: https://www.instagram.com/thedemocrats/
Like us on Facebook: https://www.facebook.com/democrats/

Text ‘FIGHT’ to 43367

By texting FIGHT to 43367, you are consenting to receive recurring automated text messages and calls from the DNC. For SMS, message and data rates may apply. Text HELP for help. Text STOP to end. Privacy policy: democrats.org/privacy-policy.",154236,2660,315,public,https://www.youtube.com/watch?v=i9yQIGcXdeY,2026-10-03T08:45:52+00:00
DNC,民主党,党组织,youtube,dnc,UClkO4MArT2WKWj32YDD_-Ew,yW1yExSCu3I,2024-08-21T15:48:39+00:00,2024-08-21,videos,False,none,1237,First Lady Michelle Obama Full 2024 Democratic National Convention Speech,"First Lady Michelle Obama Full 2024 Democratic National Convention Speech

-------------------------------------------------------------------------------------------------------------------

We are the Democratic Party. We’re fighting for a brighter, more equal future: rolling up our sleeves and organizing everywhere to build a better America for all.

Text ‘FIGHT’ to 43367
Click to activate your support: win.dnc.org/ytd

-------------------------------------------------------------------------------------------------------------------

The official YouTube account of the Democratic National Committee. 
Let's elect Democrats: https://democrats.org/

By providing your phone number, you consent to receive periodic text messages from the DNC. Message and data rates may apply. Text HELP for help, STOP to quit. Privacy policy: democrats.org/privacy-policy

Paid for by the Democratic National Committee, democrats.org, and not authorized by any candidate or candidate’s committee.",31830,578,138,public,https://www.youtube.com/watch?v=yW1yExSCu3I,2026-10-03T08:45:52+00:00
DNC,民主党,党组织,youtube,dnc,UClkO4MArT2WKWj32YDD_-Ew,-2psNI-AgqE,2024-08-21T15:53:04+00:00,2024-08-21,videos,False,none,2056,President Barack Obama Full 2024 Democratic National Convention Speech,"***JOIN OUR TEAM***
Follow us on Instagram: https://www.instagram.com/thedemocrats/
Follow us on Twitter: https://twitter.com/TheDemocrats
Like us on Facebook: https://www.facebook.com/democrats/",10850,203,36,public,https://www.youtube.com/watch?v=-2psNI-AgqE,2026-10-03T08:45:52+00:00
DNC,民主党,党组织,youtube,dnc,UClkO4MArT2WKWj32YDD_-Ew,eySLvSBmWe0,2024-08-21T16:51:06+00:00,2024-08-21,streams,True,none,6886,Ethnic Council,"***JOIN OUR TEAM***
Add your name to help elect Democrats: http://bit.ly/2t7MCC8
Follow us on Twitter: https://twitter.com/TheDemocrats
Follow us on Instagram: https://www.instagram.com/thedemocrats/
Like us on Facebook: https://www.facebook.com/democrats/

Text ‘FIGHT’ to 43367

By texting FIGHT to 43367, you are consenting to receive recurring automated text messages and calls from the DNC. For SMS, message and data rates may apply. Text HELP for help. Text STOP to end. Privacy policy: democrats.org/privacy-policy.",487,11,1,public,https://www.youtube.com/watch?v=eySLvSBmWe0,2026-10-03T08:45:52+00:00
DNC,民主党,党组织,youtube,dnc,UClkO4MArT2WKWj32YDD_-Ew,zinUfrSfVOg,2024-08-21T16:54:25+00:00,2024-08-21,streams,True,none,7643,Native American Caucus,"***JOIN OUR TEAM***
Add your name to help elect Democrats: http://bit.ly/2t7MCC8
Follow us on Twitter: https://twitter.com/TheDemocrats
Follow us on Instagram: https://www.instagram.com/thedemocrats/
Like us on Facebook: https://www.facebook.com/democrats/

Text ‘FIGHT’ to 43367

By texting FIGHT to 43367, you are consenting to receive recurring automated text messages and calls from the DNC. For SMS, message and data rates may apply. Text HELP for help. Text STOP to end. Privacy policy: democrats.org/privacy-policy.",1586,106,1,public,https://www.youtube.com/watch?v=zinUfrSfVOg,2026-10-03T08:45:52+00:00
DNC,民主党,党组织,youtube,dnc,UClkO4MArT2WKWj32YDD_-Ew,4s6BwRHY-mg,2024-08-21T17:19:08+00:00,2024-08-21,streams,True,none,6066,Hispanic Caucus,"***JOIN OUR TEAM***
Add your name to help elect Democrats: http://bit.ly/2t7MCC8
Follow us on Twitter: https://twitter.com/TheDemocrats
Follow us on Instagram: https://www.instagram.com/thedemocrats/
Like us on Facebook: https://www.facebook.com/democrats/

Text ‘FIGHT’ to 43367

By texting FIGHT to 43367, you are consenting to receive recurring automated text messages and calls from the DNC. For SMS, message and data rates may apply. Text HELP for help. Text STOP to end. Privacy policy: democrats.org/privacy-policy.",1070,40,2,public,https://www.youtube.com/watch?v=4s6BwRHY-mg,2026-10-03T08:45:52+00:00
DNC,民主党,党组织,youtube,dnc,UClkO4MArT2WKWj32YDD_-Ew,KJTz9xraRpE,2024-08-21T17:20:54+00:00,2024-08-21,streams,True,none,8468,AAPI Caucus,"***JOIN OUR TEAM***
Add your name to help elect Democrats: http://bit.ly/2t7MCC8
Follow us on Twitter: https://twitter.com/TheDemocrats
Follow us on Instagram: https://www.instagram.com/thedemocrats/
Like us on Facebook: https://www.facebook.com/democrats/

Text ‘FIGHT’ to 43367

By texting FIGHT to 43367, you are consenting to receive recurring automated text messages and calls from the DNC. For SMS, message and data rates may apply. Text HELP for help. Text STOP to end. Privacy policy: democrats.org/privacy-policy.",882,17,0,public,https://www.youtube.com/watch?v=KJTz9xraRpE,2026-10-03T08:45:52+00:00
DNC,民主党,党组织,youtube,dnc,UClkO4MArT2WKWj32YDD_-Ew,puE154ssCM4,2024-08-21T17:55:05+00:00,2024-08-21,streams,True,none,9474,Black Caucus,"***JOIN OUR TEAM***
Add your name to help elect Democrats: http://bit.ly/2t7MCC8
Follow us on Twitter: https://twitter.com/TheDemocrats
Follow us on Instagram: https://www.instagram.com/thedemocrats/
Like us on Facebook: https://www.facebook.com/democrats/

Text ‘FIGHT’ to 43367

By texting FIGHT to 43367, you are consenting to receive recurring automated text messages and calls from the DNC. For SMS, message and data rates may apply. Text HELP for help. Text STOP to end. Privacy policy: democrats.org/privacy-policy.",1814,50,0,public,https://www.youtube.com/watch?v=puE154ssCM4,2026-10-03T08:45:52+00:00
DNC,民主党,党组织,youtube,dnc,UClkO4MArT2WKWj32YDD_-Ew,TDioeYEM4ss,2024-08-21T18:58:29+00:00,2024-08-21,streams,True,none,5899,Small Business Council,"***JOIN OUR TEAM***
Add your name to help elect Democrats: http://bit.ly/2t7MCC8
Follow us on Twitter: https://twitter.com/TheDemocrats
Follow us on Instagram: https://www.instagram.com/thedemocrats/
Like us on Facebook: https://www.facebook.com/democrats/

Text ‘FIGHT’ to 43367

By texting FIGHT to 43367, you are consenting to receive recurring automated text messages and calls from the DNC. For SMS, message and data rates may apply. Text HELP for help. Text STOP to end. Privacy policy: democrats.org/privacy-policy.",807,44,1,public,https://www.youtube.com/watch?v=TDioeYEM4ss,2026-10-03T08:45:52+00:00
DNC,民主党,党组织,youtube,dnc,UClkO4MArT2WKWj32YDD_-Ew,tfeiGOZCqTM,2024-08-21T19:13:25+00:00,2024-08-21,streams,True,none,7387,Labor Council,"***JOIN OUR TEAM***
Add your name to help elect Democrats: http://bit.ly/2t7MCC8
Follow us on Twitter: https://twitter.com/TheDemocrats
Follow us on Instagram: https://www.instagram.com/thedemocrats/
Like us on Facebook: https://www.facebook.com/democrats/

Text ‘FIGHT’ to 43367

By texting FIGHT to 43367, you are consenting to receive recurring automated text messages and calls from the DNC. For SMS, message and data rates may apply. Text HELP for help. Text STOP to end. Privacy policy: democrats.org/privacy-policy.",728,44,0,public,https://www.youtube.com/watch?v=tfeiGOZCqTM,2026-10-03T08:45:52+00:00
DNC,民主党,党组织,youtube,dnc,UClkO4MArT2WKWj32YDD_-Ew,A6CD3DCLFVc,2024-08-21T19:36:19+00:00,2024-08-21,streams,True,none,8047,LGBTQ+ Caucus,"***JOIN OUR TEAM***
Add your name to help elect Democrats: http://bit.ly/2t7MCC8
Follow us on Twitter: https://twitter.com/TheDemocrats
Follow us on Instagram: https://www.instagram.com/thedemocrats/
Like us on Facebook: https://www.facebook.com/democrats/

Text ‘FIGHT’ to 43367

By texting FIGHT to 43367, you are consenting to receive recurring automated text messages and calls from the DNC. For SMS, message and data rates may apply. Text HELP for help. Text STOP to end. Privacy policy: democrats.org/privacy-policy.",2056,71,4,public,https://www.youtube.com/watch?v=A6CD3DCLFVc,2026-10-03T08:45:52+00:00
DNC,民主党,党组织,youtube,dnc,UClkO4MArT2WKWj32YDD_-Ew,uAbQEytQ4Fg,2024-08-21T20:51:50+00:00,2024-08-21,streams,True,none,6807,Environmental & Climate Crisis Council,"***JOIN OUR TEAM***
Add your name to help elect Democrats: http://bit.ly/2t7MCC8
Follow us on Twitter: https://twitter.com/TheDemocrats
Follow us on Instagram: https://www.instagram.com/thedemocrats/
Like us on Facebook: https://www.facebook.com/democrats/

Text ‘FIGHT’ to 43367

By texting FIGHT to 43367, you are consenting to receive recurring automated text messages and calls from the DNC. For SMS, message and data rates may apply. Text HELP for help. Text STOP to end. Privacy policy: democrats.org/privacy-policy.",3040,92,4,public,https://www.youtube.com/watch?v=uAbQEytQ4Fg,2026-10-03T08:45:52+00:00
DNC,民主党,党组织,youtube,dnc,UClkO4MArT2WKWj32YDD_-Ew,deR4gqhkv9M,2024-08-21T22:00:09+00:00,2024-08-21,streams,True,none,9682,Seniors Council,"***JOIN OUR TEAM***
Add your name to help elect Democrats: http://bit.ly/2t7MCC8
Follow us on Twitter: https://twitter.com/TheDemocrats
Follow us on Instagram: https://www.instagram.com/thedemocrats/
Like us on Facebook: https://www.facebook.com/democrats/

Text ‘FIGHT’ to 43367

By texting FIGHT to 43367, you are consenting to receive recurring automated text messages and calls from the DNC. For SMS, message and data rates may apply. Text HELP for help. Text STOP to end. Privacy policy: democrats.org/privacy-policy.",3871,62,5,public,https://www.youtube.com/watch?v=deR4gqhkv9M,2026-10-03T08:45:52+00:00
DNC,民主党,党组织,youtube,dnc,UClkO4MArT2WKWj32YDD_-Ew,7NtVTfNtDIM,2024-08-22T00:03:26+00:00,2024-08-21,videos,False,none,887,Second Gentleman Doug Emhoff Full 2024 Democratic National Convention Speech,"***JOIN OUR TEAM***
Follow us on Instagram: https://www.instagram.com/thedemocrats/
Follow us on Twitter: https://twitter.com/TheDemocrats
Like us on Facebook: https://www.facebook.com/democrats/",18874,198,109,public,https://www.youtube.com/watch?v=7NtVTfNtDIM,2026-10-03T08:45:52+00:00
DNC,民主党,党组织,youtube,dnc,UClkO4MArT2WKWj32YDD_-Ew,_rb672-MvFo,2024-08-22T04:17:25+00:00,2024-08-22,streams,True,none,19390,Democratic National Convention: Day 3,"Democrats are fired up for Tim Walz—our next Vice President of the United States.

Tune in for day three of the Democratic National Convention! 

***JOIN OUR TEAM***
Add your name to help elect Democrats: http://bit.ly/2t7MCC8
Follow us on Twitter: https://twitter.com/TheDemocrats
Follow us on Instagram: https://www.instagram.com/thedemocrats/
Like us on Facebook: https://www.facebook.com/democrats/

Text ‘FIGHT’ to 43367

By texting FIGHT to 43367, you are consenting to receive recurring automated text messages and calls from the DNC. For SMS, message and data rates may apply. Text HELP for help. Text STOP to end. Privacy policy: democrats.org/privacy-policy.",169699,2460,240,public,https://www.youtube.com/watch?v=_rb672-MvFo,2026-10-03T08:45:52+00:00
DNC,民主党,党组织,youtube,dnc,UClkO4MArT2WKWj32YDD_-Ew,KBuPv7X883A,2024-08-22T14:52:30+00:00,2024-08-22,videos,False,none,891,Oprah Winfrey Full 2024 Democratic National Convention Speech,"***JOIN OUR TEAM***
Follow us on Twitter: https://twitter.com/TheDemocrats
Follow us on Instagram: https://www.instagram.com/thedemocrats/
Like us on Facebook: https://www.facebook.com/democrats/

Text ‘FIGHT’ to 43367

By texting FIGHT to 43367, you are consenting to receive recurring automated text messages and calls from the DNC. For SMS, message and data rates may apply. Text HELP for help. Text STOP to end. Privacy policy: democrats.org/privacy-policy.",5924,139,24,public,https://www.youtube.com/watch?v=KBuPv7X883A,2026-10-03T08:45:52+00:00
DNC,民主党,党组织,youtube,dnc,UClkO4MArT2WKWj32YDD_-Ew,KrUu0SdnSpE,2024-08-22T14:52:32+00:00,2024-08-22,videos,False,none,198,Amanda Gorman Full 2024 Democratic National Convention Poem,"***JOIN OUR TEAM***
Follow us on Instagram: https://www.instagram.com/thedemocrats/
Follow us on Twitter: https://twitter.com/TheDemocrats
Like us on Facebook: https://www.facebook.com/democrats/",3035,100,25,public,https://www.youtube.com/watch?v=KrUu0SdnSpE,2026-10-03T08:45:52+00:00
DNC,民主党,党组织,youtube,dnc,UClkO4MArT2WKWj32YDD_-Ew,lqAwXXjJAA8,2024-08-22T17:03:20+00:00,2024-08-22,streams,True,none,6796,Women's Caucus,"***JOIN OUR TEAM***
Add your name to help elect Democrats: http://bit.ly/2t7MCC8
Follow us on Twitter: https://twitter.com/TheDemocrats
Follow us on Instagram: https://www.instagram.com/thedemocrats/
Like us on Facebook: https://www.facebook.com/democrats/

Text ‘FIGHT’ to 43367

By texting FIGHT to 43367, you are consenting to receive recurring automated text messages and calls from the DNC. For SMS, message and data rates may apply. Text HELP for help. Text STOP to end. Privacy policy: democrats.org/privacy-policy.",3255,108,3,public,https://www.youtube.com/watch?v=lqAwXXjJAA8,2026-10-03T08:45:52+00:00
DNC,民主党,党组织,youtube,dnc,UClkO4MArT2WKWj32YDD_-Ew,iBSk7NVScp4,2024-08-22T18:41:57+00:00,2024-08-22,streams,True,none,5176,Rural Caucus,"***JOIN OUR TEAM***
Add your name to help elect Democrats: http://bit.ly/2t7MCC8
Follow us on Twitter: https://twitter.com/TheDemocrats
Follow us on Instagram: https://www.instagram.com/thedemocrats/
Like us on Facebook: https://www.facebook.com/democrats/

Text ‘FIGHT’ to 43367

By texting FIGHT to 43367, you are consenting to receive recurring automated text messages and calls from the DNC. For SMS, message and data rates may apply. Text HELP for help. Text STOP to end. Privacy policy: democrats.org/privacy-policy.",1097,49,2,public,https://www.youtube.com/watch?v=iBSk7NVScp4,2026-10-03T08:45:52+00:00
DNC,民主党,党组织,youtube,dnc,UClkO4MArT2WKWj32YDD_-Ew,FfAiBUgG8_g,2024-08-22T18:47:06+00:00,2024-08-22,streams,True,none,4422,Youth Council,"***JOIN OUR TEAM***
Add your name to help elect Democrats: http://bit.ly/2t7MCC8
Follow us on Twitter: https://twitter.com/TheDemocrats
Follow us on Instagram: https://www.instagram.com/thedemocrats/
Like us on Facebook: https://www.facebook.com/democrats/

Text ‘FIGHT’ to 43367

By texting FIGHT to 43367, you are consenting to receive recurring automated text messages and calls from the DNC. For SMS, message and data rates may apply. Text HELP for help. Text STOP to end. Privacy policy: democrats.org/privacy-policy.",1275,42,6,public,https://www.youtube.com/watch?v=FfAiBUgG8_g,2026-10-03T08:45:52+00:00
DNC,民主党,党组织,youtube,dnc,UClkO4MArT2WKWj32YDD_-Ew,mxyLJ4khSJ4,2024-08-22T19:02:40+00:00,2024-08-22,streams,True,none,7439,Disability Caucus,"***JOIN OUR TEAM***
Add your name to help elect Democrats: http://bit.ly/2t7MCC8
Follow us on Twitter: https://twitter.com/TheDemocrats
Follow us on Instagram: https://www.instagram.com/thedemocrats/
Like us on Facebook: https://www.facebook.com/democrats/

Text ‘FIGHT’ to 43367

By texting FIGHT to 43367, you are consenting to receive recurring automated text messages and calls from the DNC. For SMS, message and data rates may apply. Text HELP for help. Text STOP to end. Privacy policy: democrats.org/privacy-policy.",2001,48,1,public,https://www.youtube.com/watch?v=mxyLJ4khSJ4,2026-10-03T08:45:52+00:00
DNC,民主党,党组织,youtube,dnc,UClkO4MArT2WKWj32YDD_-Ew,mG2E7XXKmmI,2024-08-22T20:13:47+00:00,2024-08-22,streams,True,none,4361,Poverty Council,"***JOIN OUR TEAM***
Add your name to help elect Democrats: http://bit.ly/2t7MCC8
Follow us on Twitter: https://twitter.com/TheDemocrats
Follow us on Instagram: https://www.instagram.com/thedemocrats/
Like us on Facebook: https://www.facebook.com/democrats/

Text ‘FIGHT’ to 43367

By texting FIGHT to 43367, you are consenting to receive recurring automated text messages and calls from the DNC. For SMS, message and data rates may apply. Text HELP for help. Text STOP to end. Privacy policy: democrats.org/privacy-policy.",1224,23,1,public,https://www.youtube.com/watch?v=mG2E7XXKmmI,2026-10-03T08:45:52+00:00
DNC,民主党,党组织,youtube,dnc,UClkO4MArT2WKWj32YDD_-Ew,NuqYxD0gDP8,2024-08-22T20:19:51+00:00,2024-08-22,streams,True,none,4652,Veterans and Military Families Council,"***JOIN OUR TEAM***
Add your name to help elect Democrats: http://bit.ly/2t7MCC8
Follow us on Twitter: https://twitter.com/TheDemocrats
Follow us on Instagram: https://www.instagram.com/thedemocrats/
Like us on Facebook: https://www.facebook.com/democrats/

Text ‘FIGHT’ to 43367

By texting FIGHT to 43367, you are consenting to receive recurring automated text messages and calls from the DNC. For SMS, message and data rates may apply. Text HELP for help. Text STOP to end. Privacy policy: democrats.org/privacy-policy.",2523,48,2,public,https://www.youtube.com/watch?v=NuqYxD0gDP8,2026-10-03T08:45:52+00:00
DNC,民主党,党组织,youtube,dnc,UClkO4MArT2WKWj32YDD_-Ew,tZYYrt1Y1B4,2024-08-22T20:27:13+00:00,2024-08-22,streams,True,none,5480,Interfaith Council,"***JOIN OUR TEAM***
Add your name to help elect Democrats: http://bit.ly/2t7MCC8
Follow us on Twitter: https://twitter.com/TheDemocrats
Follow us on Instagram: https://www.instagram.com/thedemocrats/
Like us on Facebook: https://www.facebook.com/democrats/

Text ‘FIGHT’ to 43367

By texting FIGHT to 43367, you are consenting to receive recurring automated text messages and calls from the DNC. For SMS, message and data rates may apply. Text HELP for help. Text STOP to end. Privacy policy: democrats.org/privacy-policy.",5774,34,3,public,https://www.youtube.com/watch?v=tZYYrt1Y1B4,2026-10-03T08:45:52+00:00
DNC,民主党,党组织,youtube,dnc,UClkO4MArT2WKWj32YDD_-Ew,iBcn7gAlPYY,2024-08-23T03:47:26+00:00,2024-08-22,streams,True,none,18204,Democratic National Convention: Day 4,"On the last night of the Democratic National Convention, Kamala Harris is taking the stage as the Democratic nominee for President of the United States. Don’t miss out!

***JOIN OUR TEAM***
Add your name to help elect Democrats: http://bit.ly/2t7MCC8
Follow us on Twitter: https://twitter.com/TheDemocrats
Follow us on Instagram: https://www.instagram.com/thedemocrats/
Like us on Facebook: https://www.facebook.com/democrats/

Text ‘FIGHT’ to 43367

By texting FIGHT to 43367, you are consenting to receive recurring automated text messages and calls from the DNC. For SMS, message and data rates may apply. Text HELP for help. Text STOP to end. Privacy policy: democrats.org/privacy-policy.",250336,3733,398,public,https://www.youtube.com/watch?v=iBcn7gAlPYY,2026-10-03T08:45:52+00:00
DNC,民主党,党组织,youtube,dnc,UClkO4MArT2WKWj32YDD_-Ew,H22NPTJDfl8,2024-08-23T15:42:24+00:00,2024-08-23,videos,False,none,986,Governor Tim Walz Full 2024 Democratic National Convention Speech,"***JOIN OUR TEAM***
Follow us on Instagram: https://www.instagram.com/thedemocrats/
Follow us on Twitter: https://twitter.com/TheDemocrats
Like us on Facebook: https://www.facebook.com/democrats/",4659,132,52,public,https://www.youtube.com/watch?v=H22NPTJDfl8,2026-10-03T08:45:52+00:00
DNC,民主党,党组织,youtube,dnc,UClkO4MArT2WKWj32YDD_-Ew,lqCET1mSOZs,2024-08-23T20:34:11+00:00,2024-08-23,videos,False,none,2265,Vice President Kamala Harris Accepts the 2024 Democratic Nomination for President,"We are united behind Kamala Harris—the next president of the United States.

Follow us on Instagram: https://www.instagram.com/thedemocrats
Follow us on Twitter: https://www.twitter.com/TheDemocrats
Follow us on TikTok: https://www.tiktok.com/@TheDemocrats
Like us on Facebook: https://www.facebook.com/democrats",7388,220,112,public,https://www.youtube.com/watch?v=lqCET1mSOZs,2026-10-03T08:45:52+00:00
DNC,民主党,党组织,youtube,dnc,UClkO4MArT2WKWj32YDD_-Ew,1vXQEgd5Wtg,2024-08-27T21:19:57+00:00,2024-08-27,videos,False,none,256,Democratic National Convention Black Caucus Church Service,"JOIN OUR TEAM:
Follow us on Instagram: https://www.instagram.com/thedemocrats
Follow us on Twitter: https://www.twitter.com/TheDemocrats
Follow us on TikTok: https://www.tiktok.com/@TheDemocrats
Like us on Facebook: https://www.facebook.com/democrats",870,54,10,public,https://www.youtube.com/watch?v=1vXQEgd5Wtg,2026-10-03T08:45:52+00:00
DNC,民主党,党组织,youtube,dnc,UClkO4MArT2WKWj32YDD_-Ew,R6nHiq5CRcI,2024-08-28T20:33:54+00:00,2024-08-28,videos,False,none,117,2024 Democratic National Convention Black Caucus Recap,"JOIN OUR TEAM:
Follow us on Instagram: https://www.instagram.com/thedemocrats
Follow us on Twitter: https://www.twitter.com/TheDemocrats
Follow us on TikTok: https://www.tiktok.com/@TheDemocrats
Like us on Facebook: https://www.facebook.com/democrats",578,41,4,public,https://www.youtube.com/watch?v=R6nHiq5CRcI,2026-10-03T08:45:52+00:00
DNC,民主党,党组织,youtube,dnc,UClkO4MArT2WKWj32YDD_-Ew,qi_nh4XxjBQ,2024-08-28T20:35:13+00:00,2024-08-28,videos,False,none,226,2024 Democratic National Convention Black Caucus Day 2,"JOIN OUR TEAM:
Follow us on Instagram: https://www.instagram.com/thedemocrats
Follow us on Twitter: https://www.twitter.com/TheDemocrats
Follow us on TikTok: https://www.tiktok.com/@TheDemocrats
Like us on Facebook: https://www.facebook.com/democrats",699,41,7,public,https://www.youtube.com/watch?v=qi_nh4XxjBQ,2026-10-03T08:45:52+00:00
DNC,民主党,党组织,youtube,dnc,UClkO4MArT2WKWj32YDD_-Ew,Rlqc5FGbagw,2024-08-28T20:46:13+00:00,2024-08-28,videos,False,none,241,2024 Democratic National Convention Black Caucus Day 3,"JOIN OUR TEAM:
Follow us on Instagram: https://www.instagram.com/thedemocrats
Follow us on Twitter: https://www.twitter.com/TheDemocrats
Follow us on TikTok: https://www.tiktok.com/@TheDemocrats
Like us on Facebook: https://www.facebook.com/democrats",692,36,11,public,https://www.youtube.com/watch?v=Rlqc5FGbagw,2026-10-03T08:45:52+00:00
DNC,民主党,党组织,youtube,dnc,UClkO4MArT2WKWj32YDD_-Ew,PX70u9IvL5A,2024-08-28T20:46:50+00:00,2024-08-28,videos,False,none,216,2024 Democratic National Convention Black Caucus Gala,"JOIN OUR TEAM:
Follow us on Instagram: https://www.instagram.com/thedemocrats
Follow us on Twitter: https://www.twitter.com/TheDemocrats
Follow us on TikTok: https://www.tiktok.com/@TheDemocrats
Like us on Facebook: https://www.facebook.com/democrats",1509,55,40,public,https://www.youtube.com/watch?v=PX70u9IvL5A,2026-10-03T08:45:52+00:00
DNC,民主党,党组织,youtube,dnc,UClkO4MArT2WKWj32YDD_-Ew,w0sRF0LytWQ,2024-08-29T21:35:33+00:00,2024-08-29,streams,True,none,1070,Georgia Rally with Vice President Kamala Harris,"HAPPENING NOW: Vice President Kamala Harris is back in Georgia to energize voters ahead of November.

JOIN OUR TEAM:
Follow us on Instagram: https://www.instagram.com/thedemocrats
Follow us on Twitter: https://www.twitter.com/TheDemocrats
Follow us on TikTok: https://www.tiktok.com/@TheDemocrats
Like us on Facebook: https://www.facebook.com/democrats",4053,315,45,public,https://www.youtube.com/watch?v=w0sRF0LytWQ,2026-10-03T08:45:52+00:00
DNC,民主党,党组织,youtube,dnc,UClkO4MArT2WKWj32YDD_-Ew,MO5zif-EqjU,2024-09-02T17:39:39+00:00,2024-09-02,streams,True,none,1735,"Campaign Event in Detroit, Michigan with Vice President Kamala Harris","Vice President @KamalaHarris is back in Detroit, Michigan, to discuss the stakes in this election. Tune in.

For ASL feed, please tune in here: https://us06web.zoom.us/j/85404732104

For 
JOIN OUR TEAM:
Follow us on Instagram: https://www.instagram.com/thedemocrats
Follow us on Twitter: https://www.twitter.com/TheDemocrats
Follow us on TikTok: https://www.tiktok.com/@TheDemocrats
Like us on Facebook: https://www.facebook.com/democrats",6485,378,21,public,https://www.youtube.com/watch?v=MO5zif-EqjU,2026-10-03T08:45:52+00:00
DNC,民主党,党组织,youtube,dnc,UClkO4MArT2WKWj32YDD_-Ew,wJ_JHuWLiOA,2024-09-02T20:20:38+00:00,2024-09-02,streams,True,none,2645,Governor Tim Walz at Milwaukee’s Laborfest 2024,"HAPPENING NOW: Governor Tim Walz stops by Milwaukee’s Laborfest to talk to union members about the stakes in the election.

For ASL feed, please tune in here: https://us06web.zoom.us/j/83511307564

JOIN OUR TEAM:
Follow us on Instagram: https://www.instagram.com/thedemocrats
Follow us on Twitter: https://www.twitter.com/TheDemocrats
Follow us on TikTok: https://www.tiktok.com/@TheDemocrats
Like us on Facebook: https://www.facebook.com/democrats",14994,746,106,public,https://www.youtube.com/watch?v=wJ_JHuWLiOA,2026-10-03T08:45:52+00:00
DNC,民主党,党组织,youtube,dnc,UClkO4MArT2WKWj32YDD_-Ew,xCBUl5CgVl8,2024-09-02T22:31:41+00:00,2024-09-02,streams,True,none,3171,"Campaign Event in Pittsburgh, Pennsylvania with President Joe Biden and Vice President Kamala Harris","TUNE IN: President Joe Biden and Vice President Kamala Harris are live in Pittsburgh to fire up voters on Labor Day. 

JOIN OUR TEAM:
Follow us on Instagram: https://www.instagram.com/thedemocrats
Follow us on Twitter: https://www.twitter.com/TheDemocrats
Follow us on TikTok: https://www.tiktok.com/@TheDemocrats
Like us on Facebook: https://www.facebook.com/democrats",11172,508,56,public,https://www.youtube.com/watch?v=xCBUl5CgVl8,2026-10-03T08:45:52+00:00
DNC,民主党,党组织,youtube,dnc,UClkO4MArT2WKWj32YDD_-Ew,h49Nndb-6kM,2024-09-04T19:36:31+00:00,2024-09-04,streams,True,none,2376,Campaign Event in New Hampshire with Vice President Kamala Harris,"As vice president, @KamalaHarris has helped usher in a small business boom, where a record 19 million new small business applications were filed.

Tune in as she delivers remarks in New Hampshire. 

For ASL feed, please tune in here: https://us06web.zoom.us/j/82515638428

JOIN OUR TEAM:
Follow us on Instagram: https://www.instagram.com/thedemocrats
Follow us on Twitter: https://www.twitter.com/TheDemocrats
Follow us on TikTok: https://www.tiktok.com/@TheDemocrats
Like us on Facebook: https://www.facebook.com/democrats",3148,222,29,public,https://www.youtube.com/watch?v=h49Nndb-6kM,2026-10-03T08:45:52+00:00
DNC,民主党,党组织,youtube,dnc,UClkO4MArT2WKWj32YDD_-Ew,gG-sWHgYuPg,2024-09-05T22:52:50+00:00,2024-09-05,streams,True,none,2391,"Rally in Erie, Pennsylvania with Governor Tim Walz","TUNE IN: Governor Tim Walz is back in Pennsylvania to rally voters and underline the stakes of this election

For ASL feed, please tune in here: https://us06web.zoom.us/j/82643195370

JOIN OUR TEAM:
Follow us on Instagram: https://www.instagram.com/thedemocrats
Follow us on Twitter: https://www.twitter.com/TheDemocrats
Follow us on TikTok: https://www.tiktok.com/@TheDemocrats
Like us on Facebook: https://www.facebook.com/democrats",16755,950,112,public,https://www.youtube.com/watch?v=gG-sWHgYuPg,2026-10-03T08:45:52+00:00
DNC,民主党,党组织,youtube,dnc,UClkO4MArT2WKWj32YDD_-Ew,BHvSNKaBvPs,2024-09-07T23:45:53+00:00,2024-09-07,streams,True,none,2015,Gov. Tim Walz’s Keynote Address at the Human Rights Campaign Annual National Dinner,"Governor Tim Walz has been a fierce advocate for LGBTQ+ rights throughout his career. Watch live as he delivers the keynote address for the Human Rights Campaign Annual National Dinner.

For ASL feed, please tune in here: https://us06web.zoom.us/j/89035640672

JOIN OUR TEAM:
Follow us on Instagram: https://www.instagram.com/thedemocrats
Follow us on Twitter: https://www.twitter.com/TheDemocrats
Follow us on TikTok: https://www.tiktok.com/@TheDemocrats
Like us on Facebook: https://www.facebook.com/democrats",12326,854,79,public,https://www.youtube.com/watch?v=BHvSNKaBvPs,2026-10-03T08:45:52+00:00
DNC,民主党,党组织,youtube,dnc,UClkO4MArT2WKWj32YDD_-Ew,5xZgg1GbOrU,2024-09-11T01:07:03+00:00,2024-09-10,streams,True,none,1590,National Debate Watch Party with Gov. Tim Walz,"The stage is set for Vice President Kamala Harris' presidential debate tonight! 

Tune in for a virtual watch party with Gov. Tim Walz and supporters across the country.


For ASL feed, please tune in here: https://us06web.zoom.us/j/83415420442   

JOIN OUR TEAM:
Follow us on Instagram: https://www.instagram.com/thedemocrats
Follow us on Twitter: https://www.twitter.com/TheDemocrats
Follow us on TikTok: https://www.tiktok.com/@TheDemocrats
Like us on Facebook: https://www.facebook.com/democrats",10885,413,21,public,https://www.youtube.com/watch?v=5xZgg1GbOrU,2026-10-03T08:45:52+00:00
DNC,民主党,党组织,youtube,dnc,UClkO4MArT2WKWj32YDD_-Ew,FpGM8nJ8buU,2024-09-12T20:16:41+00:00,2024-09-12,streams,True,none,2071,"Rally in Charlotte, North Carolina, with Vice President Kamala Harris","First North Carolina stop: Charlotte. 

Vice President Kamala Harris takes the stage to talk about what’s at stake in this election. Tune in. 

JOIN OUR TEAM:
Follow us on Instagram: https://www.instagram.com/thedemocrats
Follow us on Twitter: https://www.twitter.com/TheDemocrats
Follow us on TikTok: https://www.tiktok.com/@TheDemocrats
Like us on Facebook: https://www.facebook.com/democrats

For ASL feed, please tune in here: https://us06web.zoom.us/j/82940151967",19665,869,68,public,https://www.youtube.com/watch?v=FpGM8nJ8buU,2026-10-03T08:45:52+00:00
DNC,民主党,党组织,youtube,dnc,UClkO4MArT2WKWj32YDD_-Ew,REwbJxw7-No,2024-09-12T22:59:33+00:00,2024-09-12,streams,True,none,1901,"Rally in Greensboro, North Carolina, with Vice President Kamala Harris","Vice President Kamala Harris continues through North Carolina and stops at Greensboro to energize voters ahead of the election. Watch now. 

JOIN OUR TEAM:
Follow us on Instagram: https://www.instagram.com/thedemocrats
Follow us on Twitter: https://www.twitter.com/TheDemocrats
Follow us on TikTok: https://www.tiktok.com/@TheDemocrats
Like us on Facebook: https://www.facebook.com/democrats

For ASL feed, please tune in here: https://us06web.zoom.us/j/82940151967",14347,625,77,public,https://www.youtube.com/watch?v=REwbJxw7-No,2026-10-03T08:45:52+00:00
DNC,民主党,党组织,youtube,dnc,UClkO4MArT2WKWj32YDD_-Ew,4Xhw3LC-tVQ,2024-09-12T23:53:22+00:00,2024-09-12,streams,True,none,3081,"Rally in Grand Rapids, Michigan with Governor Tim Walz","Governor Tim Walz is in Grand Rapids, Michigan to fire up voters ahead of the November election. Tune in now. 

JOIN OUR TEAM:
Follow us on Instagram: https://www.instagram.com/thedemocrats
Follow us on Twitter: https://www.twitter.com/TheDemocrats
Follow us on TikTok: https://www.tiktok.com/@TheDemocrats
Like us on Facebook: https://www.facebook.com/democrats",25228,1263,127,public,https://www.youtube.com/watch?v=4Xhw3LC-tVQ,2026-10-03T08:45:52+00:00
DNC,民主党,党组织,youtube,dnc,UClkO4MArT2WKWj32YDD_-Ew,8qgHlS3So0I,2024-09-13T22:48:02+00:00,2024-09-13,streams,True,none,2296,Rally in Pennsylvania with Vice President Kamala Harris,"Vice President Kamala Harris is back in Pennsylvania getting voters fired up ahead of November. Tune in.

For ASL feed, please tune in here: https://us06web.zoom.us/j/88065475808

JOIN OUR TEAM:
Follow us on Instagram: https://www.instagram.com/thedemocrats
Follow us on Twitter: https://www.twitter.com/TheDemocrats
Follow us on TikTok: https://www.tiktok.com/@TheDemocrats
Like us on Facebook: https://www.facebook.com/democrats",9007,463,39,public,https://www.youtube.com/watch?v=8qgHlS3So0I,2026-10-03T08:45:52+00:00
DNC,民主党,党组织,youtube,dnc,UClkO4MArT2WKWj32YDD_-Ew,VanFLqhW7xQ,2024-09-14T21:15:17+00:00,2024-09-14,streams,True,none,3401,"Rally in Superior, WI, with Governor Tim Walz","HAPPENING NOW: Governor Tim Walz is in Wisconsin to energize voters and get out the vote ahead of November. 

For ASL feed, please tune in here: https://us06web.zoom.us/j/86951028913

JOIN OUR TEAM:
Follow us on Instagram: https://www.instagram.com/thedemocrats
Follow us on Twitter: https://www.twitter.com/TheDemocrats
Follow us on TikTok: https://www.tiktok.com/@TheDemocrats
Like us on Facebook: https://www.facebook.com/democrats",17199,990,104,public,https://www.youtube.com/watch?v=VanFLqhW7xQ,2026-10-03T08:45:52+00:00
DNC,民主党,党组织,youtube,dnc,UClkO4MArT2WKWj32YDD_-Ew,tiUhp3NdWtw,2024-09-17T23:15:33+00:00,2024-09-17,streams,True,none,3004,"Rally in Asheville, NC, with Governor Tim Walz","We’re LIVE with Governor Tim Walz in Asheville, North Carolina, on National Voter Registration Day—tune in now! 

For ASL feed, please tune in here: https://us06web.zoom.us/j/85722216325

JOIN OUR TEAM:
Follow us on Instagram: https://www.instagram.com/thedemocrats
Follow us on Twitter: https://www.twitter.com/TheDemocrats
Follow us on TikTok: https://www.tiktok.com/@TheDemocrats
Like us on Facebook: https://www.facebook.com/democrats",6501,378,24,public,https://www.youtube.com/watch?v=tiUhp3NdWtw,2026-10-03T08:45:52+00:00
DNC,民主党,党组织,youtube,dnc,UClkO4MArT2WKWj32YDD_-Ew,aUyMZG90s9g,2024-09-20T02:32:50+00:00,2024-09-19,shorts,False,none,14,are you gonna vote?,"Confirm your voter registration status at IWillVote.com today.

---
Follow us on Instagram: https://www.instagram.com/thedemocrats
Follow us on Twitter: https://www.twitter.com/TheDemocrats
Follow us on TikTok: https://www.tiktok.com/@TheDemocrats
Like us on Facebook: https://www.facebook.com/democrats",16198,695,248,public,https://www.youtube.com/watch?v=aUyMZG90s9g,2026-10-03T08:45:52+00:00
DNC,民主党,党组织,youtube,dnc,UClkO4MArT2WKWj32YDD_-Ew,SsBC02QemEE,2024-09-20T19:48:06+00:00,2024-09-20,streams,True,none,1837,"Vice President Kamala Harris Live from Atlanta, Georgia","Watch Vice President Kamala Harris’ speech live from Atlanta, Georgia. 

There is a lot of work to be done until Election Day. Help Vice President Kamala Harris, Governor Tim Walz, and Democrats around the country defeat Donald Trump and Republicans this election.  

Register & vote: IWillVote.com

For ASL feed, please tune in here: https://us06web.zoom.us/j/81614985603",6224,378,33,public,https://www.youtube.com/watch?v=SsBC02QemEE,2026-10-03T08:45:52+00:00
DNC,民主党,党组织,youtube,dnc,UClkO4MArT2WKWj32YDD_-Ew,48s0xiNQtQY,2024-09-20T23:45:47+00:00,2024-09-20,streams,True,none,2294,"Vice President Kamala Harris Live from Madison, Wisconsin Campaign Rally","Watch Vice President Kamala Harris’ speech live from her Madison, Wisconsin campaign rally.

There is a lot of work to be done until Election Day. Help Vice President Kamala Harris, Governor Tim Walz, and Democrats across the country defeat Donald Trump and Republicans this election.

Register & vote: IWillVote.com

For ASL feed, please tune in here: https://us06web.zoom.us/j/81186093602",19937,871,83,public,https://www.youtube.com/watch?v=48s0xiNQtQY,2026-10-03T08:45:52+00:00
DNC,民主党,党组织,youtube,dnc,UClkO4MArT2WKWj32YDD_-Ew,ZlBGR67kEZY,2024-09-21T17:37:28+00:00,2024-09-21,streams,True,none,5311,"Governor Tim Walz at Rally in Bethlehem, PA","WATCH NOW: Kamala Harris will be a president for all Americans. Governor Tim Walz is live in Bethlehem, Pennsylvania to get out the vote.

For ASL feed, please tune in here: https://us06web.zoom.us/j/88972342025

JOIN OUR TEAM:
Follow us on Instagram: https://www.instagram.com/thedemocrats
Follow us on Twitter: https://www.twitter.com/TheDemocrats
Follow us on TikTok: https://www.tiktok.com/@TheDemocrats
Like us on Facebook: https://www.facebook.com/democrats",29224,1279,196,public,https://www.youtube.com/watch?v=ZlBGR67kEZY,2026-10-03T08:45:52+00:00
DNC,民主党,党组织,youtube,dnc,UClkO4MArT2WKWj32YDD_-Ew,IJgVHTUXSXo,2024-09-21T20:46:19+00:00,2024-09-21,shorts,False,none,55,5 Worst Trump Debate Moments,We're not surprised that Trump’s saying no to a second debate with Vice President Kamala Harris given how the first one went.,38244,630,97,public,https://www.youtube.com/watch?v=IJgVHTUXSXo,2026-10-03T08:45:52+00:00
DNC,民主党,党组织,youtube,dnc,UClkO4MArT2WKWj32YDD_-Ew,3mwO32zayBQ,2024-09-23T17:48:39+00:00,2024-09-23,shorts,False,none,43,how to pronounce Kamala Harris,"You asked, and Kamala Harris and her nieces (and Kerry Washington!) answered: It's pronounced COMMA-LA.",57076,704,148,public,https://www.youtube.com/watch?v=3mwO32zayBQ,2026-10-03T08:45:52+00:00
DNC,民主党,党组织,youtube,dnc,UClkO4MArT2WKWj32YDD_-Ew,DsUj3tbd6tw,2024-09-25T20:16:41+00:00,2024-09-25,streams,True,none,2760,"Vice President Kamala Harris on the Economy - Live from Pittsburgh, Pennsylvania","Watch Vice President Kamala Harris’ speech on her economic policy live from her Pittsburgh, Pennsylvania campaign event.

There is a lot of work to be done until Election Day. Help Vice President Kamala Harris, Governor Tim Walz, and Democrats across the country defeat Donald Trump and Republicans this election.

Register & vote: IWillVote.com

For ASL feed, please tune in here: https://us06web.zoom.us/j/84241286669",19947,722,123,public,https://www.youtube.com/watch?v=DsUj3tbd6tw,2026-10-03T08:45:52+00:00
DNC,民主党,党组织,youtube,dnc,UClkO4MArT2WKWj32YDD_-Ew,f33-xuEDZuE,2024-09-26T15:33:46+00:00,2024-09-26,shorts,False,none,28,Mark Cuban says Vice President Kamala Harris is better for the business community.,"Vice President Harris and Governor Walz are charting a New Way Forward—to a future where everyone has the opportunity not just to get by, but to get ahead. 

--------------------------------------------------------------------------------------------------------------------

Text ‘FIGHT’ to 43367
Click to activate your support: win.dnc.org/ytd",3355,139,33,public,https://www.youtube.com/watch?v=f33-xuEDZuE,2026-10-03T08:45:52+00:00
DNC,民主党,党组织,youtube,dnc,UClkO4MArT2WKWj32YDD_-Ew,O2HFmYNIxzk,2024-09-28T00:39:43+00:00,2024-09-27,streams,True,none,1789,"Vice President Kamala Harris Live from Douglas, Arizona","Watch Vice President Kamala Harris’ speech live from her Douglas, Arizona campaign event.

There is a lot of work to be done until Election Day. Help Vice President Kamala Harris, Governor Tim Walz, and Democrats across the country defeat Donald Trump and Republicans this election.

Register & vote: IWillVote.com

For ASL feed, please tune in here: https://us06web.zoom.us/j/86567516354

--------------------------------------------------------------------------------------------------------------------

We are the Democratic Party.

We’re fighting for a brighter, more equal future: rolling up our sleeves and organizing everywhere to build a better America for all.

--------------------------------------------------------------------------------------------------------------------

Text ‘FIGHT’ to 43367
Click to activate your support: win.dnc.org/ytd",30672,1273,375,public,https://www.youtube.com/watch?v=O2HFmYNIxzk,2026-10-03T08:45:52+00:00
DNC,民主党,党组织,youtube,dnc,UClkO4MArT2WKWj32YDD_-Ew,duUBHnzM-iY,2024-09-30T03:24:47+00:00,2024-09-29,streams,True,none,2051,"Vice President Kamala Harris Live from Las Vegas, Nevada Campaign Rally","Watch Vice President Kamala Harris’ speech live from her Las Vegas, Nevada campaign rally.

There is a lot of work to be done until Election Day. Help Vice President Kamala Harris, Governor Tim Walz, and Democrats across the country defeat Donald Trump and Republicans this election.

Register & vote: IWillVote.com

For ASL feed, please tune in here: https://us06web.zoom.us/j/82118987466

We are the Democratic Party.

We’re fighting for a brighter, more equal future: rolling up our sleeves and organizing everywhere to build a better America for all.

--------------------------------------------------------------------------------------------------------------------

Text ‘FIGHT’ to 43367
Click to activate your support: win.dnc.org/ytd",38486,1298,259,public,https://www.youtube.com/watch?v=duUBHnzM-iY,2026-10-03T08:45:52+00:00
DNC,民主党,党组织,youtube,dnc,UClkO4MArT2WKWj32YDD_-Ew,7jmSVYEkTV0,2024-09-30T20:01:25+00:00,2024-09-30,shorts,False,none,20,Vice President Kamala Harris is ready to lead on day one,Kamala Harris has spent her career fighting for the people.,3985,287,84,public,https://www.youtube.com/watch?v=7jmSVYEkTV0,2026-10-03T08:45:52+00:00
DNC,民主党,党组织,youtube,dnc,UClkO4MArT2WKWj32YDD_-Ew,sshKyGmjqcU,2024-09-30T20:04:31+00:00,2024-09-30,shorts,False,none,29,We have to legalize it,"Well said, Vice President Harris.",8248,257,56,public,https://www.youtube.com/watch?v=sshKyGmjqcU,2026-10-03T08:45:52+00:00
DNC,民主党,党组织,youtube,dnc,UClkO4MArT2WKWj32YDD_-Ew,qaRwozQeD_w,2024-10-02T01:03:41+00:00,2024-10-01,streams,True,none,3447,LIVE | Governor Tim Walz VP Debate Watch Party,"Join supporters across the country for a live vice presidential debate night watch party for Governor Tim Walz.   

Tonight, Governor Walz will come to the debate prepared to deliver Vice President Kamala Harris’ vision of a new way forward for our country. It is time to turn the page on Donald Trump and JD Vance. It is time to build a future where our freedoms are protected and anything is possible, with hard work and ambition.

--------------------------------------------------------------------------------------------------------------------

Text ‘FIGHT’ to 43367
Click to activate your support: win.dnc.org/ytd",13530,348,28,public,https://www.youtube.com/watch?v=qaRwozQeD_w,2026-10-03T08:45:52+00:00
DNC,民主党,党组织,youtube,dnc,UClkO4MArT2WKWj32YDD_-Ew,_6NIecbqI8s,2024-10-02T20:39:55+00:00,2024-10-02,streams,True,none,3585,"Gov. Tim Walz at York, PA Event | LIVE","Join Governor Tim Walz in York, PA, to energize voters ahead of the election. Watch live

Ready to help Vice President Kamala Harris and Governor Tim Walz defeat Donald Trump and MAGA Republicans this election? Head over to go.kamalaharris.com and get more information on volunteer opportunities and events near you. 

For ASL feed, please tune in here: https://us06web.zoom.us/j/82134948062
--------------------------------------------------------------------------------------------------------------------

Text ‘FIGHT’ to 43367
Click to activate your support: win.dnc.org/ytd",16364,705,53,public,https://www.youtube.com/watch?v=_6NIecbqI8s,2026-10-03T08:45:52+00:00
DNC,民主党,党组织,youtube,dnc,UClkO4MArT2WKWj32YDD_-Ew,35fdOZUtyO8,2024-10-03T22:06:05+00:00,2024-10-03,streams,True,none,941,VP Kamala Harris & Congresswoman Liz Cheney at Ripon College Event in WI,"Vice President Kamala Harris and Congresswoman Liz Cheney deliver speeches live from Ripon, WI. Tune in now to hear the VP’s plan for a better tomorrow.
--------------------------------------------------------------------------------------------------------------------

Text ‘FIGHT’ to 43367
Click to activate your support: win.dnc.org/ytd

For ASL feed, please tune in here: https://us06web.zoom.us/j/82134948062",29849,638,26,public,https://www.youtube.com/watch?v=35fdOZUtyO8,2026-10-03T08:45:52+00:00
DNC,民主党,党组织,youtube,dnc,UClkO4MArT2WKWj32YDD_-Ew,TVsewg-52Kg,2024-10-04T18:28:31+00:00,2024-10-04,streams,True,none,1325,"VP Kamala Harris Delivers Remarks in Detroit, Michigan","Watch now: Vice President Kamala Harris delivers remarks live from a Detroit, Michigan firehouse.

For ASL feed, please tune in here: https://us06web.zoom.us/j/82704359768
--------------------------------------------------------------------------------------------------------------------

Text ‘FIGHT’ to 43367
Click to activate your support: win.dnc.org/ytd",11111,405,50,public,https://www.youtube.com/watch?v=TVsewg-52Kg,2026-10-03T08:45:52+00:00
DNC,民主党,党组织,youtube,dnc,UClkO4MArT2WKWj32YDD_-Ew,T2xKHhco3_s,2024-10-04T22:31:53+00:00,2024-10-04,streams,True,none,4180,"VP Kamala Harris Live at Rally in Flint, MI","Vice President Kamala Harris is committed to standing up for every American—no matter their vote. Tune in now and watch her speak live at her Flint, Michigan rally.

Ready to help Vice President Kamala Harris and Governor Tim Walz defeat Donald Trump and the MAGA Republicans this election? Head over to go.kamalaharris.com and get more information on volunteer opportunities and events near you. 

For ASL feed, please tune in here: https://us06web.zoom.us/j/85035012432
--------------------------------------------------------------------------------------------------------------------

Text ‘FIGHT’ to 43367
Click to activate your support: win.dnc.org/ytd",32690,1270,122,public,https://www.youtube.com/watch?v=T2xKHhco3_s,2026-10-03T08:45:52+00:00
DNC,民主党,党组织,youtube,dnc,UClkO4MArT2WKWj32YDD_-Ew,Jp8jAk-tvjY,2024-10-07T21:58:15+00:00,2024-10-07,shorts,False,none,29,JD Vance being JD Vance,"JD Vance being JD Vance

--------------------------------------------------------------------------------------------------------------------

Text ‘FIGHT’ to 43367
Click to activate your support: win.dnc.org/ytd",6175,232,33,public,https://www.youtube.com/watch?v=Jp8jAk-tvjY,2026-10-03T08:45:52+00:00
DNC,民主党,党组织,youtube,dnc,UClkO4MArT2WKWj32YDD_-Ew,yxgNYet_Vls,2024-10-08T23:38:24+00:00,2024-10-08,shorts,False,none,10,No Democrats voted against it,"No Democrats voted against it.

We’re fighting for a brighter, more equal future: rolling up our sleeves and organizing everywhere to build a better America for all.

--------------------------------------------------------------------------------------------------------------------

Text ‘FIGHT’ to 43367
Click to activate your support: win.dnc.org/ytd",17048,397,269,public,https://www.youtube.com/watch?v=yxgNYet_Vls,2026-10-03T08:45:52+00:00
DNC,民主党,党组织,youtube,dnc,UClkO4MArT2WKWj32YDD_-Ew,Bkl3AbM3J9c,2024-10-09T02:21:25+00:00,2024-10-08,streams,True,none,2875,"Governor Tim Walz Rally Speech from Reno, NV","Governor Tim Walz delivers speech from Reno, Nevada rally—tune in. 

For ASL feed, please tune in here: https://us06web.zoom.us/j/81571616675
--------------------------------------------------------------------------------------------------------------------

Text ‘FIGHT’ to 43367 
Click to activate your support: win.dnc.org/ytd",25797,978,96,public,https://www.youtube.com/watch?v=Bkl3AbM3J9c,2026-10-03T08:45:52+00:00
DNC,民主党,党组织,youtube,dnc,UClkO4MArT2WKWj32YDD_-Ew,LQsjBwOf8m0,2024-10-10T01:32:53+00:00,2024-10-09,streams,True,none,4805,"Gov. Tim Walz Rally Speech from  Tucson, Arizona","Governor Tim Walz delivers speech from Tucson, Arizona rally—Tune in. 

For ASL feed, please tune in here: https://us06web.zoom.us/j/85793479274
--------------------------------------------------------------------------------------------------------------------

Text ‘FIGHT’ to 43367
Click to activate your support: win.dnc.org/ytd",17187,816,61,public,https://www.youtube.com/watch?v=LQsjBwOf8m0,2026-10-03T08:45:52+00:00
DNC,民主党,党组织,youtube,dnc,UClkO4MArT2WKWj32YDD_-Ew,Qcvn12fAQac,2024-10-11T00:27:56+00:00,2024-10-10,shorts,False,none,41,Trump is a fraud.,"A fraud.

--------------------------------------------------------------------------------------------------------------------

Text ‘FIGHT’ to 43367
Click to activate your support: win.dnc.org/ytd",11794,392,148,public,https://www.youtube.com/watch?v=Qcvn12fAQac,2026-10-03T08:45:52+00:00
DNC,民主党,党组织,youtube,dnc,UClkO4MArT2WKWj32YDD_-Ew,zUSTZoRObXs,2024-10-11T02:10:22+00:00,2024-10-10,streams,True,none,10091,Rally Across America for Kamala Harris & Tim Walz,"With just 26 days left until Election Day, we’re hitting the ground running with live events across America to energize voters. Whether you're casting your ballot early, voting by mail, or showing up in person—make your plan at IWillVote.com.

Tonight’s power-packed lineup includes:
- The Second Gentleman, Douglas Emhoff, in Georgia 
- President Barack Obama in Pennsylvania 
- Out For Harris organizing call with Governor Tim Walz
- A Fiesta para Kamala Harris 
- VP Kamala Harris Live in Arizona
- Univision Town Hall


For ASL feed, please tune in here: https://us06web.zoom.us/j/83554862158
--------------------------------------------------------------------------------------------------------------------

Text ‘FIGHT’ to 43367
Click to activate your support: win.dnc.org/ytd",24782,947,51,public,https://www.youtube.com/watch?v=zUSTZoRObXs,2026-10-03T08:45:52+00:00
DNC,民主党,党组织,youtube,dnc,UClkO4MArT2WKWj32YDD_-Ew,sTH1JjuXtys,2024-10-11T15:50:39+00:00,2024-10-11,streams,True,none,1723,Gov Tim Walz Speech at Michigan Event,"Governor Tim Walz is speaking in Macomb County, Michigan to remind every American that he and Kamala Harris will always have the backs of working people.

For ASL feed, please tune in here: https://us06web.zoom.us/j/86193412841
--------------------------------------------------------------------------------------------------------------------

Text ‘FIGHT’ to 43367
Click to activate your support: win.dnc.org/ytd",8718,417,107,public,https://www.youtube.com/watch?v=sTH1JjuXtys,2026-10-03T08:45:52+00:00
DNC,民主党,党组织,youtube,dnc,UClkO4MArT2WKWj32YDD_-Ew,KyiycImxDUg,2024-10-13T21:12:00+00:00,2024-10-13,streams,True,none,4795,"Join VP Kamala Harris Live at Greenville, NC Rally","Vice President Kamala Harris is speaking today from a rally in Greenville, North Carolina about her vision for the future of America. Watch now.

For ASL feed, please tune in here: https://us06web.zoom.us/j/81774304491

--------------------------------------------------------------------------------------------------------------------
Text ‘FIGHT’ to 43367
Click to activate your support: win.dnc.org/ytd",30042,1127,115,public,https://www.youtube.com/watch?v=KyiycImxDUg,2026-10-03T08:45:52+00:00
DNC,民主党,党组织,youtube,dnc,UClkO4MArT2WKWj32YDD_-Ew,_WZScgx2_Rk,2024-10-15T00:18:29+00:00,2024-10-14,streams,True,none,4620,"Vice President Kamala Harris in Erie, Pennsylvania & Governor Tim Walz in Wisconsin","Today starts in Green Bay, Wisconsin with Governor Tim Walz. Then, we go live from Erie, Pennsylvania for Vice President Kamala Harris’ speech about a new way forward for Americans.

For ASL feed, please tune in here: https://us06web.zoom.us/j/82089519277",17572,746,56,public,https://www.youtube.com/watch?v=_WZScgx2_Rk,2026-10-03T08:45:52+00:00
DNC,民主党,党组织,youtube,dnc,UClkO4MArT2WKWj32YDD_-Ew,3vljdOu_tlk,2024-10-15T19:41:02+00:00,2024-10-15,streams,True,none,2751,Governor Tim Walz Speech on Rural Policy,"Donald Trump will leave rural America behind.

Join Governor Tim Walz in Pennsylvania as he discusses his and Vice President Kamala Harris' policy plans for rural Americans.

For ASL feed, please tune in here: https://us06web.zoom.us/j/86476275232",6184,376,75,public,https://www.youtube.com/watch?v=3vljdOu_tlk,2026-10-03T08:45:52+00:00
DNC,民主党,党组织,youtube,dnc,UClkO4MArT2WKWj32YDD_-Ew,xW5hMdMTX3c,2024-10-15T20:38:17+00:00,2024-10-15,shorts,False,none,35,What is the Trump campaign hiding?,"We are the Democratic Party.

We’re fighting for a brighter, more equal future: rolling up our sleeves and organizing everywhere to build a better America for all.

--------------------------------------------------------------------------------------------------------------------

Text ‘FIGHT’ to 43367
Click to activate your support: win.dnc.org/ytd",4909,290,99,public,https://www.youtube.com/watch?v=xW5hMdMTX3c,2026-10-03T08:45:52+00:00
DNC,民主党,党组织,youtube,dnc,UClkO4MArT2WKWj32YDD_-Ew,wOwPne1qDfM,2024-10-15T22:48:41+00:00,2024-10-15,streams,True,none,3505,"Governor Tim Walz Rally Speech in Pittsburgh, PA","Governor Tim Walz is in Pittsburgh, Pennsylvania to deliver a rally speech to voters. Watch now.

For ASL feed, please tune in here: https://us06web.zoom.us/j/86893458822",15202,669,66,public,https://www.youtube.com/watch?v=wOwPne1qDfM,2026-10-03T08:45:52+00:00
DNC,民主党,党组织,youtube,dnc,UClkO4MArT2WKWj32YDD_-Ew,h1jZLwYaaME,2024-10-16T20:24:25+00:00,2024-10-16,streams,True,none,916,VP Kamala Harris at Pennsylvania Event,"Watch now: Vice President Kamala Harris delivers remarks live from Washington Crossing, Pennsylvania.

For ASL feed, please tune in here: https://us06web.zoom.us/j/87876719008
--------------------------------------------------------------------------------------------------------------------

Text ‘FIGHT’ to 43367
Click to activate your support: win.dnc.org/ytd",4599,295,73,public,https://www.youtube.com/watch?v=h1jZLwYaaME,2026-10-03T08:45:52+00:00
DNC,民主党,党组织,youtube,dnc,UClkO4MArT2WKWj32YDD_-Ew,ueYpfTNSRuU,2024-10-17T21:36:33+00:00,2024-10-17,streams,True,none,5470,VP Kamala Harris and Mark Cuban at Rally in Wisconsin,"Watch now: Vice President Kamala Harris and Mark Cuban are live from La Crosse, Wisconsin rally.

For ASL feed, please tune in here: https://us06web.zoom.us/j/83135758176
--------------------------------------------------------------------------------------------------------------------

Text ‘FIGHT’ to 43367
Click to activate your support: win.dnc.org/ytd",41015,1208,68,public,https://www.youtube.com/watch?v=ueYpfTNSRuU,2026-10-03T08:45:52+00:00
DNC,民主党,党组织,youtube,dnc,UClkO4MArT2WKWj32YDD_-Ew,WvDKb2HXfHw,2024-10-18T00:30:53+00:00,2024-10-17,streams,True,none,4686,VP Kamala Harris at Rally in Wisconsin,"Watch now: Vice President Kamala Harris is live from Green Bay, Wisconsin rally.

For ASL feed, please tune in here: https://us06web.zoom.us/j/83400353159
--------------------------------------------------------------------------------------------------------------------

Text ‘FIGHT’ to 43367
Click to activate your support: win.dnc.org/ytd",15269,507,49,public,https://www.youtube.com/watch?v=WvDKb2HXfHw,2026-10-03T08:45:52+00:00
DNC,民主党,党组织,youtube,dnc,UClkO4MArT2WKWj32YDD_-Ew,n0iXlC0716I,2024-10-18T19:14:30+00:00,2024-10-18,streams,True,none,2661,VP Kamala Harris Stop 1: Grand Rapids | Michigan Rally Tour,"Vice President Kamala Harris is stopping at 3 cities in Michigan to rally people around the state to get out the vote. Tune in for her speech at the first rally in Grand Rapids. 

For ASL feed, please tune in here: https://us06web.zoom.us/j/88370935730

We are the Democratic Party.

We’re fighting for a brighter, more equal future: rolling up our sleeves and organizing everywhere to build a better America for all.

--------------------------------------------------------------------------------------------------------------------

Text ‘FIGHT’ to 43367
Click to activate your support: win.dnc.org/ytd",13665,653,46,public,https://www.youtube.com/watch?v=n0iXlC0716I,2026-10-03T08:45:52+00:00
DNC,民主党,党组织,youtube,dnc,UClkO4MArT2WKWj32YDD_-Ew,3g690rs7j4w,2024-10-19T00:55:53+00:00,2024-10-18,streams,True,none,6373,President Barack Obama Speech at Arizona Rally for Harris-Walz,"President Barack Obama takes the stage tonight in Tucson, Arizona to speak on the importance of electing Vice President Kamala Harris and Governor Tim Walz.

For ASL feed, please tune in here: https://us06web.zoom.us/j/85025547120

--------------------------------------------------------------------------------------------------------------------

Text ‘FIGHT’ to 43367
Click to activate your support: win.dnc.org/ytd",120371,4546,220,public,https://www.youtube.com/watch?v=3g690rs7j4w,2026-10-03T08:45:52+00:00
DNC,民主党,党组织,youtube,dnc,UClkO4MArT2WKWj32YDD_-Ew,teNbKT-4otE,2024-10-19T18:32:57+00:00,2024-10-19,streams,True,none,1930,VP Kamala Harris & Lizzo Early Vote Event in MI,"Vice President Kamala Harris is back in Detroit, Michigan to speak with voters about everything on the line in this election. Tune in. 

Whether you’re voting early, by mail, or in person—make sure you’ve got a plan. Head to IWillVote.com. 

For ASL feed, please tune in here: https://us06web.zoom.us/j/86478647827
--------------------------------------------------------------------------------------------------------------------

Text ‘FIGHT’ to 43367
Click to activate your support: win.dnc.org/ytd",20122,799,67,public,https://www.youtube.com/watch?v=teNbKT-4otE,2026-10-03T08:45:52+00:00
DNC,民主党,党组织,youtube,dnc,UClkO4MArT2WKWj32YDD_-Ew,cY1kj37ZZK0,2024-10-19T23:27:47+00:00,2024-10-19,streams,True,none,4660,VP Kamala Harris & Usher at Early Vote Event in GA,"Only 17 days until the election and Vice President Kamala Harris is back in Atlanta, Georgia to rally voters to get out the vote. Tune in. 

Whether you’re voting early, by mail, or in person—make sure you’ve got a plan. Head to IWillVote.com. 

For ASL feed, please tune in here: https://us06web.zoom.us/j/86478647827

--------------------------------------------------------------------------------------------------------------------

Text ‘FIGHT’ to 43367
Click to activate your support: win.dnc.org/ytd",44440,1459,137,public,https://www.youtube.com/watch?v=cY1kj37ZZK0,2026-10-03T08:45:52+00:00
DNC,民主党,党组织,youtube,dnc,UClkO4MArT2WKWj32YDD_-Ew,2vmxLc8coq8,2024-10-20T03:24:31+00:00,2024-10-19,streams,True,none,3871,President Barack Obama Speech at Nevada Rally for Harris-Walz,"President Barack Obama takes the stage tonight in Las Vegas, Nevada to highlight the importance of electing Vice President Kamala Harris and Governor Tim Walz.

For ASL feed, please tune in here: https://us06web.zoom.us/j/82531433042

We are the Democratic Party.

We’re fighting for a brighter, more equal future: rolling up our sleeves and organizing everywhere to build a better America for all.

--------------------------------------------------------------------------------------------------------------------

Text ‘FIGHT’ to 43367
Click to activate your support: win.dnc.org/ytd",38506,1355,83,public,https://www.youtube.com/watch?v=2vmxLc8coq8,2026-10-03T08:45:52+00:00
DNC,民主党,党组织,youtube,dnc,UClkO4MArT2WKWj32YDD_-Ew,56NRY38uXnc,2024-10-21T16:36:49+00:00,2024-10-21,streams,True,none,3471,"Conversation in Chester, PA w/ VP Kamala Harris, Liz Cheney & Sarah Longwell","Vice President Kamala Harris is in Chester, PA for a hosted conversation with Congresswoman Liz Cheney and moderated by Sarah Longwell—watch now.

Whether you’re voting early, by mail, or in person—make sure you’ve got a plan. Head to IWillVote.com. 

For ASL feed, please tune in here: https://us06web.zoom.us/j/88174556802

--------------------------------------------------------------------------------------------------------------------

Text ‘FIGHT’ to 43367
Click to activate your support: win.dnc.org/ytd",12703,583,29,public,https://www.youtube.com/watch?v=56NRY38uXnc,2026-10-03T08:45:52+00:00
DNC,民主党,党组织,youtube,dnc,UClkO4MArT2WKWj32YDD_-Ew,vhaQ-5wtJVs,2024-10-21T21:24:56+00:00,2024-10-21,streams,True,none,4220,"Conversation in Oakland County, MI w/ VP Kamala Harris, Liz Cheney & Maria Shriver","Vice President Kamala Harris is in Oakland County, Michigan for a hosted conversation with Congresswoman Liz Cheney and moderated by Maria Shriver—watch now.

For ASL feed, please tune in here: https://us06web.zoom.us/j/86541913053

We are the Democratic Party.

We’re fighting for a brighter, more equal future: rolling up our sleeves and organizing everywhere to build a better America for all.

--------------------------------------------------------------------------------------------------------------------

Text ‘FIGHT’ to 43367
Click to activate your support: win.dnc.org/ytd",12463,512,53,public,https://www.youtube.com/watch?v=vhaQ-5wtJVs,2026-10-03T08:45:52+00:00
DNC,民主党,党组织,youtube,dnc,UClkO4MArT2WKWj32YDD_-Ew,pkM_QiEFNps,2024-10-22T00:59:24+00:00,2024-10-21,streams,True,none,3175,"Conversation in Waukesha, WI w/ VP Kamala Harris, Liz Cheney & Charlie Sykes","Vice President Kamala Harris is in Waukesha, Wisconsin for a hosted conversation with Congresswoman Liz Cheney and moderated by Charlie Sykes—watch now.

For ASL feed, please tune in here: https://us06web.zoom.us/j/85866573914

We are the Democratic Party.

We’re fighting for a brighter, more equal future: rolling up our sleeves and organizing everywhere to build a better America for all.

--------------------------------------------------------------------------------------------------------------------

Text ‘FIGHT’ to 43367
Click to activate your support: win.dnc.org/ytd",15104,720,42,public,https://www.youtube.com/watch?v=pkM_QiEFNps,2026-10-03T08:45:52+00:00
DNC,民主党,党组织,youtube,dnc,UClkO4MArT2WKWj32YDD_-Ew,5N4BtBnzok4,2024-10-22T20:51:37+00:00,2024-10-22,streams,True,none,5509,Governor Tim Walz & President Barack Obama WI Rally,"Governor Tim Walz, President Barack Obama, Governor Tony Evers, and Senator Tammy Baldwin rally voters in Madison, Wisconsin. 

14 days until Election Day. Now is the time for action. Make your voting plan at IWillVote.com.

--------------------------------------------------------------------------------------------------------------------

Text ‘FIGHT’ to 43367
Click to activate your support: win.dnc.org/ytd",28679,1393,83,public,https://www.youtube.com/watch?v=5N4BtBnzok4,2026-10-03T08:45:52+00:00
DNC,民主党,党组织,youtube,dnc,UClkO4MArT2WKWj32YDD_-Ew,P7d2T9CmXMc,2024-10-23T01:19:14+00:00,2024-10-22,streams,True,none,3925,"President Barack Obama and Eminem at Detroit, MI Rally","President Barack Obama is in Detroit, Michigan to speak about the importance of getting out the vote for Vice President Kamala Harris and Tim Walz.

14 days until Election Day. Now is the time for action. Make your voting plan atIWillVote.com

For ASL feed, please tune in here: https://us06web.zoom.us/j/86483412048

We are the Democratic Party.

We’re fighting for a brighter, more equal future: rolling up our sleeves and organizing everywhere to build a better America for all.

--------------------------------------------------------------------------------------------------------------------

Text ‘FIGHT’ to 43367
Click to activate your support: win.dnc.org/ytd",39818,1678,108,public,https://www.youtube.com/watch?v=P7d2T9CmXMc,2026-10-03T08:45:52+00:00
DNC,民主党,党组织,youtube,dnc,UClkO4MArT2WKWj32YDD_-Ew,CemZJ1Y2PG0,2024-10-25T00:32:05+00:00,2024-10-24,streams,True,none,9570,"GA Rally with VP Kamala Harris, President Barack Obama, Bruce Springsteen, & More","President Barack Obama, Bruce Springsteen, Tyler Perry, Spike Lee, Samuel L. Jackson, and Vice President Kamala Harris speak at a rally in Atlanta, Georgia. Tune in now.

For ASL feed, please tune in here:  https://us06web.zoom.us/j/85327592162
--------------------------------------------------------------------------------------------------------------------

Text ‘FIGHT’ to 43367
Click to activate your support: win.dnc.org/ytd",55588,2001,116,public,https://www.youtube.com/watch?v=CemZJ1Y2PG0,2026-10-03T08:45:52+00:00
DNC,民主党,党组织,youtube,dnc,UClkO4MArT2WKWj32YDD_-Ew,6nIcvFilGXQ,2024-10-26T03:04:07+00:00,2024-10-25,streams,True,none,13315,President Barack Obama Rally for Harris-Walz in NC,"President Barack Obama is in North Carolina to talk to voters about what's at stake in this election. Watch now and make sure you have a plan to vote.  www.IWillVote.com

For ASL feed, please tune in here: https://us06web.zoom.us/j/82599066172

We are the Democratic Party.

We’re fighting for a brighter, more equal future: rolling up our sleeves and organizing everywhere to build a better America for all.

--------------------------------------------------------------------------------------------------------------------
Text VOTE to 30330 to find your early vote options and locations.

By providing your mobile phone number you consent to receive recurring automated text messages from Harris for President. Message & Data Rates May Apply. Text HELP for Info. Text STOP to opt out. No purchase necessary. Privacy policy: https://KamalaHarris.com/privacy-policy/.

Text ‘FIGHT’ to 43367
Click to activate your support: win.dnc.org/ytd",59329,1996,30,public,https://www.youtube.com/watch?v=6nIcvFilGXQ,2026-10-03T08:45:52+00:00
DNC,民主党,党组织,youtube,dnc,UClkO4MArT2WKWj32YDD_-Ew,Jiip8IKef9E,2024-10-26T22:16:42+00:00,2024-10-26,streams,True,none,5401,LIVE | MI Rally with Vice President Harris and Michelle Obama,"Watch Live: Kamala Harris and Michelle Obama rally supporters in Kalamazoo, Michigan

For ASL feed, please tune in here: https://us06web.zoom.us/j/86819665018
--------------------------------------------------------------------------------------------------------------------

Text ‘FIGHT’ to 43367
Click to activate your support: win.dnc.org/ytd",65599,2542,164,public,https://www.youtube.com/watch?v=Jiip8IKef9E,2026-10-03T08:45:52+00:00
DNC,民主党,党组织,youtube,dnc,UClkO4MArT2WKWj32YDD_-Ew,HNYMMr8n8V0,2024-10-27T20:50:46+00:00,2024-10-27,streams,True,none,2460,VP Kamala Harris LIVE from Pennsylvania Rally,"Pennsylvania—there are only 9 more days to get out and make your voice heard this election. Join Vice President Kamala Harris in Philadelphia for a community rally. 

Have questions about registration, state voting window, or polling locations? Visit IWillVote.com.

For ASL feed, please tune in here: https://us06web.zoom.us/j/85381952026
--------------------------------------------------------------------------------------------------------------------

Text ‘FIGHT’ to 43367
Click to activate your support: win.dnc.org/ytd",30444,1172,100,public,https://www.youtube.com/watch?v=HNYMMr8n8V0,2026-10-03T08:45:52+00:00
DNC,民主党,党组织,youtube,dnc,UClkO4MArT2WKWj32YDD_-Ew,yYhZ2uOpE-w,2024-10-28T21:38:38+00:00,2024-10-28,streams,True,none,1859,Remarks on Antisemitism in America,"Join Second Gentleman Douglas Emhoff live in Pittsburgh as he speaks on antisemitism and what’s at stake in this election.
--------------------------------------------------------------------------------------------------------------------

Text ‘FIGHT’ to 43367
Click to activate your support: win.dnc.org/ytd",8546,484,21,public,https://www.youtube.com/watch?v=yYhZ2uOpE-w,2026-10-03T08:45:52+00:00
DNC,民主党,党组织,youtube,dnc,UClkO4MArT2WKWj32YDD_-Ew,xZjFnAFQMx0,2024-10-29T00:15:23+00:00,2024-10-28,streams,True,none,4996,"When We Vote We Win MI Rally with VP Kamala Harris, Gov. Tim Walz & Maggie Rogers","""Your vote is your voice. Make sure your voice is heard— IWillVote.com 

Vice President Kamala Harris and Governor Tim Walz are in Ann Arbor, Michigan for the When We Vote, We Win Rally. Special performance by Maggie Rogers. ""

For ASL feed, please tune in here: https://us06web.zoom.us/w/82795701766
--------------------------------------------------------------------------------------------------------------------

Text ‘FIGHT’ to 43367
Click to activate your support: win.dnc.org/ytd",15792,603,37,public,https://www.youtube.com/watch?v=xZjFnAFQMx0,2026-10-03T08:45:52+00:00
DNC,民主党,党组织,youtube,dnc,UClkO4MArT2WKWj32YDD_-Ew,hAE3-H13Dvs,2024-10-29T01:06:17+00:00,2024-10-28,streams,True,none,10120,President Barack Obama Rally for Harris-Walz in PA,"President Barack Obama is taking the stage to discuss the importance of electing Kamala Harris and Tim Walz in 8 days. Tune in.

For ASL feed, please tune in here: https://us06web.zoom.us/j/89928782248

--------------------------------------------------------------------------------------------------------------------

Text ‘FIGHT’ to 43367
Click to activate your support: win.dnc.org/ytd",57177,1965,66,public,https://www.youtube.com/watch?v=hAE3-H13Dvs,2026-10-03T08:45:52+00:00
DNC,民主党,党组织,youtube,dnc,UClkO4MArT2WKWj32YDD_-Ew,VOAU7fe0YII,2024-10-30T00:18:18+00:00,2024-10-29,streams,True,none,7785,Vice President Kamala Harris' Closing Argument from The Ellipse,"Vice President Kamala Harris makes her closing argument for a new way forward and for Americans to turn the page on Donald Trump. 

For ASL feed, please tune in here: https://us06web.zoom.us/j/86132254757
--------------------------------------------------------------------------------------------------------------------

Text ‘FIGHT’ to 43367
Click to activate your support: win.dnc.org/ytd",65468,1796,210,public,https://www.youtube.com/watch?v=VOAU7fe0YII,2026-10-03T08:45:52+00:00
DNC,民主党,党组织,youtube,dnc,UClkO4MArT2WKWj32YDD_-Ew,ePkte4VveKY,2024-10-30T17:24:55+00:00,2024-10-30,streams,True,none,2719,"Rally in Raleigh, NC with Vice President Kamala Harris","In less than a week, our votes will shape the future of America. 

Tune in to hear Vice President Kamala Harris' speech in Raleigh, North Carolina

For ASL feed, please tune in here: https://us06web.zoom.us/j/84343469940
--------------------------------------------------------------------------------------------------------------------

Text ‘FIGHT’ to 43367
Click to activate your support: win.dnc.org/ytd",17630,836,51,public,https://www.youtube.com/watch?v=ePkte4VveKY,2026-10-03T08:45:52+00:00
DNC,民主党,党组织,youtube,dnc,UClkO4MArT2WKWj32YDD_-Ew,1Q7o2mEqEpY,2024-10-30T21:01:40+00:00,2024-10-30,streams,True,none,2556,VP Kamala Harris  at PA Rally,"Today Vice President Kamala Harris is rallying voters in Harrisburg, PA Rally. Tune in. 

For ASL feed, please tune in here: https://us06web.zoom.us/j/86025790405
--------------------------------------------------------------------------------------------------------------------

Text ‘FIGHT’ to 43367
Click to activate your support: win.dnc.org/ytd",17586,757,29,public,https://www.youtube.com/watch?v=1Q7o2mEqEpY,2026-10-03T08:45:52+00:00
DNC,民主党,党组织,youtube,dnc,UClkO4MArT2WKWj32YDD_-Ew,gKFpe1CH0B4,2024-10-31T01:39:16+00:00,2024-10-30,streams,True,none,10125,"VP Kamala Harris at When We Vote We Win Rally in Madison, WI","Vice President Kamala Harris is back in Madison to remind Americans to make their voices heard on Election Day. Special musical guests Gracie Abrams, Mumford + Sons, Remi Wolf, and The National's Matt Berninger + Aaron Dessner. Watch now.

For ASL feed, please tune in here: https://us06web.zoom.us/j/87411751600

--------------------------------------------------------------------------------------------------------------------

Text ‘FIGHT’ to 43367
Click to activate your support: win.dnc.org/ytd",55054,1704,120,public,https://www.youtube.com/watch?v=gKFpe1CH0B4,2026-10-03T08:45:52+00:00
DNC,民主党,党组织,youtube,dnc,UClkO4MArT2WKWj32YDD_-Ew,aANmYEOSyoA,2024-10-31T21:22:25+00:00,2024-10-31,streams,True,none,2665,Arizona Rally with Vice President Harris + Special Musical Guests Los Tigres Del Norte,"Join Vice President Kamala Harris in Phoenix , Arizona as she speaks with voters to make their voices heard this election. With special musical guest, Los Tigres Del Norte.

For ASL feed, please tune in here: https://us06web.zoom.us/j/85207380703

We are the Democratic Party.

We’re fighting for a brighter, more equal future: rolling up our sleeves and organizing everywhere to build a better America for all.

--------------------------------------------------------------------------------------------------------------------

Text ‘FIGHT’ to 43367
Click to activate your support: win.dnc.org/ytd",22166,884,95,public,https://www.youtube.com/watch?v=aANmYEOSyoA,2026-10-03T08:45:52+00:00
DNC,民主党,党组织,youtube,dnc,UClkO4MArT2WKWj32YDD_-Ew,RAPwEAytlWA,2024-11-01T00:52:57+00:00,2024-10-31,streams,True,none,2655,"Vice President Kamala Harris Reno, NV Rally","Tune in to Vice President Kamala Harris' speech in Reno, Nevada as she rallies voters ahead of Election Day.

For ASL feed, please tune in here: https://us06web.zoom.us/j/86534650384

--------------------------------------------------------------------------------------------------------------------

Text ‘FIGHT’ to 43367
Click to activate your support: win.dnc.org/ytd",26290,1080,87,public,https://www.youtube.com/watch?v=RAPwEAytlWA,2026-10-03T08:45:52+00:00
DNC,民主党,党组织,youtube,dnc,UClkO4MArT2WKWj32YDD_-Ew,cCoLtyT7eKk,2024-11-01T04:48:31+00:00,2024-11-01,streams,True,none,8751,Vice President Harris + Special Guests Jennifer Lopez and Maná at Las Vegas Rally,"You have the power to decide what kind of country we live in with your voice and your vote.

Vice President Kamala Harris is in Las Vegas, Nevada to speak about what is at stake in this election. Special guests Jennifer Lopez and Maná. Tune in.

For ASL feed, please tune in here: https://us06web.zoom.us/j/86817538004

--------------------------------------------------------------------------------------------------------------------

Text ‘FIGHT’ to 43367
Click to activate your support: win.dnc.org/ytd",72651,2130,60,public,https://www.youtube.com/watch?v=cCoLtyT7eKk,2026-10-03T08:45:52+00:00
DNC,民主党,党组织,youtube,dnc,UClkO4MArT2WKWj32YDD_-Ew,nx-WDre8r8A,2024-11-01T20:24:18+00:00,2024-11-01,streams,True,none,2306,"Vice President Kamala Harris' Speech at Janesville, WI Rally","Vice President Kamala Harris is fighting for a future where every American has the opportunity to thrive.

Tune in to hear her speech in Janesville, Wisconsin.
--------------------------------------------------------------------------------------------------------------------

Text ‘FIGHT’ to 43367
Click to activate your support: win.dnc.org/ytd",11020,489,64,public,https://www.youtube.com/watch?v=nx-WDre8r8A,2026-10-03T08:45:52+00:00
DNC,民主党,党组织,youtube,dnc,UClkO4MArT2WKWj32YDD_-Ew,soG-Q0f0bdY,2024-11-01T23:25:18+00:00,2024-11-01,streams,True,none,2936,"Little Chute, WI Community Rally with Vice President Kamala Harris","Tune in to Vice President Kamala Harris' speech in Little Chute, WI  as she rallies voters ahead of Election Day.
--------------------------------------------------------------------------------------------------------------------

Text ‘FIGHT’ to 43367
Click to activate your support: win.dnc.org/ytd",20466,673,23,public,https://www.youtube.com/watch?v=soG-Q0f0bdY,2026-10-03T08:45:52+00:00
DNC,民主党,党组织,youtube,dnc,UClkO4MArT2WKWj32YDD_-Ew,mseX-3ymkYo,2024-11-02T02:55:31+00:00,2024-11-01,streams,True,none,8291,"VP Kamala Harris in Milwaukee, WI | When We Vote We Win Rally","This election is too important to sit on the sidelines.

Vice President Kamala Harris is in Milwaukee, Wisconsin getting voters fired up. Guest speakers Cardi B and Keegan-Michael Key, featuring performances by Flo Milli, GloRilla, and MC Lyte. Tune in.

--------------------------------------------------------------------------------------------------------------------

Text ‘FIGHT’ to 43367
Click to activate your support: win.dnc.org/ytd",18036,646,39,public,https://www.youtube.com/watch?v=mseX-3ymkYo,2026-10-03T08:45:52+00:00
DNC,民主党,党组织,youtube,dnc,UClkO4MArT2WKWj32YDD_-Ew,LCSIJ8JLVro,2024-11-02T18:08:15+00:00,2024-11-02,streams,True,none,4025,GA Rally with Vice President Kamala Harris and Special Guests,"Join Vice President Kamala Harris in Atlanta, Georgia for a When We Vote, We Win Rally 

For ASL feed, please tune in here: https://us06web.zoom.us/j/82468413472
--------------------------------------------------------------------------------------------------------------------

Text ‘FIGHT’ to 43367
Click to activate your support: win.dnc.org/ytd",14593,671,24,public,https://www.youtube.com/watch?v=LCSIJ8JLVro,2026-10-03T08:45:52+00:00
DNC,民主党,党组织,youtube,dnc,UClkO4MArT2WKWj32YDD_-Ew,cVuqqv1-bcE,2024-11-02T21:25:47+00:00,2024-11-02,streams,True,none,10905,Kamala Harris at NC Rally with Special Guests,"Vice President Kamala Harris is in Charlotte, North Carolina for a When We Vote, We Win Rally with special guest speakers Kerry Washington and Chris Rock. Performances by Jon Bon Jovi, The War and Treaty, and Brittney Spencer.

We are the Democratic Party.

We’re fighting for a brighter, more equal future: rolling up our sleeves and organizing everywhere to build a better America for all.

For ASL feed, please tune in here: https://us06web.zoom.us/j/86955341464
--------------------------------------------------------------------------------------------------------------------

Text ‘FIGHT’ to 43367
Click to activate your support: win.dnc.org/ytd",33362,952,141,public,https://www.youtube.com/watch?v=cVuqqv1-bcE,2026-10-03T08:45:52+00:00
DNC,民主党,党组织,youtube,dnc,UClkO4MArT2WKWj32YDD_-Ew,f8r4wvxMSbQ,2024-11-03T00:02:32+00:00,2024-11-02,streams,True,none,3835,Michelle Obama Speaks at Montgomery County Rally,"Tune in to watch Michelle Obama speak on the importance of voting in this election and electing Vice President Kamala Harris and Governor Tim Walz to office.

We are the Democratic Party.

We’re fighting for a brighter, more equal future: rolling up our sleeves and organizing everywhere to build a better America for all.

For ASL feed, please tune in here: https://us06web.zoom.us/j/84873417796
--------------------------------------------------------------------------------------------------------------------

Text ‘FIGHT’ to 43367
Click to activate your support: win.dnc.org/ytd",129267,4832,417,public,https://www.youtube.com/watch?v=f8r4wvxMSbQ,2026-10-03T08:45:52+00:00
DNC,民主党,党组织,youtube,dnc,UClkO4MArT2WKWj32YDD_-Ew,GsfLHvVfkoc,2024-11-03T20:56:28+00:00,2024-11-03,streams,True,none,4350,President Barack Obama Speaks at Milwaukee Rally,"Tune in to watch President Barack Obama speak on the importance of voting in this election and electing Vice President Kamala Harris and Governor Tim Walz to the White House.

For ASL feed, please tune in here: https://us06web.zoom.us/j/81506218383
--------------------------------------------------------------------------------------------------------------------
Text ‘FIGHT’ to 43367
Click to activate your support: win.dnc.org/ytd",70122,2774,133,public,https://www.youtube.com/watch?v=GsfLHvVfkoc,2026-10-03T08:45:52+00:00
DNC,民主党,党组织,youtube,dnc,UClkO4MArT2WKWj32YDD_-Ew,uReLQDZX5Ys,2024-11-03T22:09:03+00:00,2024-11-03,streams,True,none,7080,"Governor Tim Walz and Second Gentleman Doug Emhoff at Atlanta, GA Rally","Watch live: Governor Walz and Second Gentleman Doug Emhoff rally supporters in Atlanta, GA.

For ASL feed, please tune in here: https://us06web.zoom.us/j/87142968283
--------------------------------------------------------------------------------------------------------------------

Text ‘FIGHT’ to 43367
Click to activate your support: win.dnc.org/ytd",13818,728,22,public,https://www.youtube.com/watch?v=uReLQDZX5Ys,2026-10-03T08:45:52+00:00
DNC,民主党,党组织,youtube,dnc,UClkO4MArT2WKWj32YDD_-Ew,6zeVwQSjzVQ,2024-11-03T23:33:00+00:00,2024-11-03,streams,True,none,3826,Vice President Kamala Harris Speaks at Michigan Rally,"Join Vice President Kamala Harris in East Lansing, Michigan as she rallies voters to make their voice heard.

For ASL feed, please tune in here: https://us06web.zoom.us/j/84054305191

We are the Democratic Party.

We’re fighting for a brighter, more equal future: rolling up our sleeves and organizing everywhere to build a better America for all.

--------------------------------------------------------------------------------------------------------------------

Text ‘FIGHT’ to 43367
Click to activate your support: win.dnc.org/ytd",21960,850,65,public,https://www.youtube.com/watch?v=6zeVwQSjzVQ,2026-10-03T08:45:52+00:00
DNC,民主党,党组织,youtube,dnc,UClkO4MArT2WKWj32YDD_-Ew,D1xmG0it3HY,2024-11-04T21:40:03+00:00,2024-11-04,streams,True,none,3090,"VP Kamala Harris Delivers Remarks at Allentown, PA Rally","There is still time to make a plan to vote this Election Day. 

Vice President Kamala Harris is in Allentown to speak with Pennsylvanians about the power of Americans' vote and voice. Tune in now. 

For ASL feed, please tune in here: https://us06web.zoom.us/j/88539866545
--------------------------------------------------------------------------------------------------------------------

Text ‘FIGHT’ to 43367
Click to activate your support: win.dnc.org/ytd",30091,1275,167,public,https://www.youtube.com/watch?v=D1xmG0it3HY,2026-10-03T08:45:52+00:00
DNC,民主党,党组织,youtube,dnc,UClkO4MArT2WKWj32YDD_-Ew,HUbZ1vD9ChY,2024-11-05T05:16:21+00:00,2024-11-05,streams,True,none,13166,Vote for Freedom Rallies for VP Kamala Harris and Gov Tim Walz,"Across America, voters are sharing the joy of making their voices heard this Election Eve. Join Vice President Kamala Harris, Governor Tim Walz, and special guests for rallies in Arizona, Georgia, Michigan, Nevada, North Carolina, Pennsylvania, and Wisconsin. Watch now.

We are the Democratic Party.

We’re fighting for a brighter, more equal future: rolling up our sleeves and organizing everywhere to build a better America for all.

For ASL feed, please tune in here: https://us06web.zoom.us/j/86827420718
--------------------------------------------------------------------------------------------------------------------

Text ‘FIGHT’ to 43367
Click to activate your support: win.dnc.org/ytd",59895,1640,82,public,https://www.youtube.com/watch?v=HUbZ1vD9ChY,2026-10-03T08:45:52+00:00
Kamala Harris,民主党,候选人阵营,youtube,harris,UC0XBsJpPhOLg0k4x9ZwrWzw,WgIvqD7R8Ro,2024-07-22T22:17:55+00:00,2024-07-22,streams,True,none,1760,"Staff Meeting at Campaign HQ in Wilmington, DE | Harris 2024","I’m in Wilmington, Delaware at our campaign headquarters to speak with staff. Tune in now. 

--------------------------------------
Follow Kamala!

Kamala's Twitter: https://twitter.com/KamalaHarris
Kamala's Facebook: https://www.facebook.com/KamalaHarris
Kamala’s Instagram: https://www.instagram.com/KamalaHarris  
Kamala's Threads: https://www.threads.net/@kamalaharris

#KamalaHarris #Harris2024",174151,8918,1505,public,https://www.youtube.com/watch?v=WgIvqD7R8Ro,2026-10-03T08:46:11+00:00
Kamala Harris,民主党,候选人阵营,youtube,harris,UC0XBsJpPhOLg0k4x9ZwrWzw,f6hcPwHIGc0,2024-07-23T15:44:22+00:00,2024-07-23,shorts,False,none,48,Vice President Kamala Harris Knows Donald Trump’s Type | Harris 2024,"Before I became vice president and before I was elected as U.S. senator, I was the attorney general of California. Before that, I was a prosecutor who took on predators, fraudsters, and cheaters.

So I know Donald Trump’s type. 

In this campaign, I will put my record against his.",216908,10736,1667,public,https://www.youtube.com/watch?v=f6hcPwHIGc0,2026-10-03T08:46:11+00:00
Kamala Harris,民主党,候选人阵营,youtube,harris,UC0XBsJpPhOLg0k4x9ZwrWzw,R6ONEjjfafk,2024-07-23T18:56:33+00:00,2024-07-23,streams,True,none,2770,Campaign Event in Wisconsin with Vice President Kamala Harris,I’m in Wisconsin to speak about what is at stake in this election. Tune in.,299334,12741,2154,public,https://www.youtube.com/watch?v=R6ONEjjfafk,2026-10-03T08:46:11+00:00
Kamala Harris,民主党,候选人阵营,youtube,harris,UC0XBsJpPhOLg0k4x9ZwrWzw,znewO-GkNCs,2024-07-24T14:59:27+00:00,2024-07-24,shorts,False,none,43,Vice President Kamala Harris Trusts Women | Harris 2024,"We who believe in reproductive freedom will stop Donald Trump's extreme abortion bans—because we trust women to make decisions about their bodies.

When Congress passes a law to restore reproductive freedoms, as president, I will sign it into law.

--------------------------------------
Follow Kamala!

Kamala's Twitter: https://twitter.com/KamalaHarris
Kamala's Facebook: https://www.facebook.com/KamalaHarris
Kamala’s Instagram: https://www.instagram.com/KamalaHarris  
Kamala's Threads: https://www.threads.net/@kamalaharris

#KamalaHarris #Harris2024 #shorts",307117,12498,2218,public,https://www.youtube.com/watch?v=znewO-GkNCs,2026-10-03T08:46:11+00:00
Kamala Harris,民主党,候选人阵营,youtube,harris,UC0XBsJpPhOLg0k4x9ZwrWzw,sHky_Xopyrw,2024-07-25T12:25:36+00:00,2024-07-25,videos,False,none,80,Kamala Harris Launches Her Campaign for President,"I’m Kamala Harris, and I’m running for President of the United States. 
_____
Follow Kamala! 

Kamala's Twitter: https://twitter.com/KamalaHarris
Kamala's Facebook: https://www.facebook.com/KamalaHarris
Kamala’s Instagram: https://www.instagram.com/KamalaHarris  
Kamala's Threads: https://www.threads.net/@kamalaharris

#KamalaHarris #Harris2024",2200841,81388,15316,public,https://www.youtube.com/watch?v=sHky_Xopyrw,2026-10-03T08:46:11+00:00
Kamala Harris,民主党,候选人阵营,youtube,harris,UC0XBsJpPhOLg0k4x9ZwrWzw,l2D4P02HfGk,2024-07-26T12:11:41+00:00,2024-07-26,videos,False,none,56,Barack and Michelle Obama Endorse Kamala Harris for President,"It means so much to have the endorsements of my friends President Barack Obama and former First Lady Michelle Obama. 

Let’s get to work.

--------------------------------------
Follow Kamala!

Kamala's Twitter: https://twitter.com/KamalaHarris
Kamala's Facebook: https://www.facebook.com/KamalaHarris
Kamala’s Instagram: https://www.instagram.com/KamalaHarris  
Kamala's Threads: https://www.threads.net/@kamalaharris

#KamalaHarris #Harris2024",286778,12107,2613,public,https://www.youtube.com/watch?v=l2D4P02HfGk,2026-10-03T08:46:11+00:00
Kamala Harris,民主党,候选人阵营,youtube,harris,UC0XBsJpPhOLg0k4x9ZwrWzw,tI_FqaAotA8,2024-07-27T18:40:20+00:00,2024-07-27,videos,False,none,46,100  Days Out | Harris-Walz 2024,"When we fight, we win. So today, I’m kicking off a 100 Days Out Weekend of Action.

Let’s get to work.

Volunteer: https://kamalaharris.link/100daysvolunteer
Apply: https://kamalaharris.link/100daysjobs
Phone bank: https://kamalaharris.link/100daysevents
Donate: https://kamalaharris.link/100daysdonate
--------------------------------------
Follow Kamala!

Kamala's Twitter: https://twitter.com/KamalaHarris
Kamala's Facebook: https://www.facebook.com/KamalaHarris
Kamala’s Instagram: https://www.instagram.com/KamalaHarris  
Kamala's Threads: https://www.threads.net/@kamalaharris

#KamalaHarris #Harris2024",277446,21144,4047,public,https://www.youtube.com/watch?v=tI_FqaAotA8,2026-10-03T08:46:11+00:00
Kamala Harris,民主党,候选人阵营,youtube,harris,UC0XBsJpPhOLg0k4x9ZwrWzw,lQRO50A6ogE,2024-07-30T01:46:31+00:00,2024-07-29,streams,True,none,9925,Women for Harris National Organizing Call,"--------------------------------------
Follow Kamala!

Kamala's Twitter: https://twitter.com/KamalaHarris
Kamala's Facebook: https://www.facebook.com/KamalaHarris
Kamala’s Instagram: https://www.instagram.com/KamalaHarris  
Kamala's Threads: https://www.threads.net/@kamalaharris

#KamalaHarris #Harris2024",534425,11394,990,public,https://www.youtube.com/watch?v=lQRO50A6ogE,2026-10-03T08:46:11+00:00
Kamala Harris,民主党,候选人阵营,youtube,harris,UC0XBsJpPhOLg0k4x9ZwrWzw,q7Yr4U5Clls,2024-07-30T22:57:11+00:00,2024-07-30,videos,False,none,61,Fearless | Harris-Walz 2024,"--------------------------------------
Follow Kamala!

Kamala's Twitter: https://twitter.com/KamalaHarris
Kamala's Facebook: https://www.facebook.com/KamalaHarris
Kamala’s Instagram: https://www.instagram.com/KamalaHarris  
Kamala's Threads: https://www.threads.net/@kamalaharris

#KamalaHarris #Harris2024",3234786,15461,3093,public,https://www.youtube.com/watch?v=q7Yr4U5Clls,2026-10-03T08:46:11+00:00
Kamala Harris,民主党,候选人阵营,youtube,harris,UC0XBsJpPhOLg0k4x9ZwrWzw,hamD7RueuvA,2024-07-30T22:57:15+00:00,2024-07-30,videos,False,none,51,Blocked | Harris-Walz 2024,"--------------------------------------
Follow Kamala!

Kamala's Twitter: https://twitter.com/KamalaHarris
Kamala's Facebook: https://www.facebook.com/KamalaHarris
Kamala’s Instagram: https://www.instagram.com/KamalaHarris  
Kamala's Threads: https://www.threads.net/@kamalaharris

#KamalaHarris #Harris2024",336140,20515,5779,public,https://www.youtube.com/watch?v=hamD7RueuvA,2026-10-03T08:46:11+00:00
Kamala Harris,民主党,候选人阵营,youtube,harris,UC0XBsJpPhOLg0k4x9ZwrWzw,uV9tz4WMVxc,2024-07-31T00:00:16+00:00,2024-07-30,streams,True,none,4041,"Campaign Event in Atlanta, Georgia with Vice President Kamala Harris","Freedom is on the ballot this November.

That is why I’m in Atlanta with Megan Thee Stallion to speak with voters about the stakes of this election. Tune in and join our people powered campaign.
--------------------------------------
Follow Kamala!

Kamala's Twitter: https://twitter.com/KamalaHarris
Kamala's Facebook: https://www.facebook.com/KamalaHarris
Kamala’s Instagram: https://www.instagram.com/KamalaHarris  
Kamala's Threads: https://www.threads.net/@kamalaharris

#KamalaHarris #Harris2024",765195,23288,4019,public,https://www.youtube.com/watch?v=uV9tz4WMVxc,2026-10-03T08:46:11+00:00
Kamala Harris,民主党,候选人阵营,youtube,harris,UC0XBsJpPhOLg0k4x9ZwrWzw,sHWPDg_814Y,2024-08-02T17:37:55+00:00,2024-08-02,streams,True,none,2360,Harris for President Campaign Update,"Our team is hosting a campaign update call for grassroots supporters. Tune in now to join us. 

--------------------------------------
Follow Kamala!

Kamala's Twitter: https://twitter.com/KamalaHarris
Kamala's Facebook: https://www.facebook.com/KamalaHarris
Kamala’s Instagram: https://www.instagram.com/KamalaHarris  
Kamala's Threads: https://www.threads.net/@kamalaharris

#KamalaHarris #Harris2024",107683,4872,750,public,https://www.youtube.com/watch?v=sHWPDg_814Y,2026-10-03T08:46:11+00:00
Kamala Harris,民主党,候选人阵营,youtube,harris,UC0XBsJpPhOLg0k4x9ZwrWzw,eF6sMbRVRYw,2024-08-06T18:10:16+00:00,2024-08-06,videos,False,none,88,Meet Tim Walz | Harris-Walz 2024,"--------------------------------------
Follow Kamala!

Kamala's Twitter: https://twitter.com/KamalaHarris
Kamala's Facebook: https://www.facebook.com/KamalaHarris
Kamala’s Instagram: https://www.instagram.com/KamalaHarris  
Kamala's Threads: https://www.threads.net/@kamalaharris

#KamalaHarris #Harris2024",225244,18205,2758,public,https://www.youtube.com/watch?v=eF6sMbRVRYw,2026-10-03T08:46:11+00:00
Kamala Harris,民主党,候选人阵营,youtube,harris,UC0XBsJpPhOLg0k4x9ZwrWzw,wP5qOjgY88M,2024-08-06T22:55:05+00:00,2024-08-06,streams,True,none,4901,Philadelphia Rally with Vice President Kamala Harris and Governor Tim Walz | Harris 2024,"We love this nation and together, we will fight to build the future that people deserve.

Tune in now as Governor Tim Walz and I rally voters in Philadelphia. 
--------------------------------------
Follow Kamala!

Kamala's Twitter: https://twitter.com/KamalaHarris
Kamala's Facebook: https://www.facebook.com/KamalaHarris
Kamala’s Instagram: https://www.instagram.com/KamalaHarris  
Kamala's Threads: https://www.threads.net/@kamalaharris

#KamalaHarris #Harris2024",336962,14163,1374,public,https://www.youtube.com/watch?v=wP5qOjgY88M,2026-10-03T08:46:11+00:00
Kamala Harris,民主党,候选人阵营,youtube,harris,UC0XBsJpPhOLg0k4x9ZwrWzw,__4Fj7DrM8Y,2024-08-07T00:01:40+00:00,2024-08-06,shorts,False,none,40,"Let’s compare @Tim_Walz’s resume to that of Trump’s running mate, shall we? | Harris 2024","--------------------------------------
Follow Kamala!

Kamala's Twitter: https://twitter.com/KamalaHarris
Kamala's Facebook: https://www.facebook.com/KamalaHarris
Kamala’s Instagram: https://www.instagram.com/KamalaHarris  
Kamala's Threads: https://www.threads.net/@kamalaharris

#KamalaHarris #Harris2024",1063961,20597,2268,public,https://www.youtube.com/watch?v=__4Fj7DrM8Y,2026-10-03T08:46:11+00:00
Kamala Harris,民主党,候选人阵营,youtube,harris,UC0XBsJpPhOLg0k4x9ZwrWzw,PDILPa5Tus4,2024-08-07T19:58:46+00:00,2024-08-07,streams,True,none,2641,Wisconsin Rally with Vice President Kamala Harris and Governor Tim Walz | Harris 2024,"This election is a fight for our country, our future, and our fundamental freedoms and rights. 

That's why Governor Tim Walz and I are in Wisconsin to fire up voters for November. 
 
For ASL feed, please tune in here: https://us06web.zoom.us/j/87652914659

--------------------------------------
Follow Kamala!

Kamala's Twitter: https://twitter.com/KamalaHarris
Kamala's Facebook: https://www.facebook.com/KamalaHarris
Kamala’s Instagram: https://www.instagram.com/KamalaHarris  
Kamala's Threads: https://www.threads.net/@kamalaharris

#KamalaHarris #Harris2024",290652,15010,1315,public,https://www.youtube.com/watch?v=PDILPa5Tus4,2026-10-03T08:46:11+00:00
Kamala Harris,民主党,候选人阵营,youtube,harris,UC0XBsJpPhOLg0k4x9ZwrWzw,RL9xw5Arg3g,2024-08-08T00:26:11+00:00,2024-08-07,streams,True,none,2946,Detroit Rally with Vice President Kamala Harris and Governor Tim Walz | Harris 2024,"The power is with the people. 

Tune in as Governor Tim Walz and I speak with Michigan voters about what’s at stake in this election.

For ASL feed, please tune in here: https://us06web.zoom.us/j/83523844333
--------------------------------------
Follow Kamala!

Kamala's Twitter: https://twitter.com/KamalaHarris
Kamala's Facebook: https://www.facebook.com/KamalaHarris
Kamala’s Instagram: https://www.instagram.com/KamalaHarris  
Kamala's Threads: https://www.threads.net/@kamalaharris

#KamalaHarris #Harris2024",328787,15137,1922,public,https://www.youtube.com/watch?v=RL9xw5Arg3g,2026-10-03T08:46:11+00:00
Kamala Harris,民主党,候选人阵营,youtube,harris,UC0XBsJpPhOLg0k4x9ZwrWzw,9mUuY6USQKs,2024-08-10T01:15:12+00:00,2024-08-09,streams,True,none,5205,Arizona Rally with Vice President Kamala Harris and Governor Tim Walz | Harris 2024,"Phoenix, Governor Tim Walz and I are ready to roll up our sleeves and get to work. Are you with us?

For ASL feed, please tune in here: https://us06web.zoom.us/j/89841558517
--------------------------------------
Follow Kamala!

Kamala's Twitter: https://twitter.com/KamalaHarris
Kamala's Facebook: https://www.facebook.com/KamalaHarris
Kamala’s Instagram: https://www.instagram.com/KamalaHarris  
Kamala's Threads: https://www.threads.net/@kamalaharris

#KamalaHarris #Harris2024",443645,19233,1437,public,https://www.youtube.com/watch?v=9mUuY6USQKs,2026-10-03T08:46:11+00:00
Kamala Harris,民主党,候选人阵营,youtube,harris,UC0XBsJpPhOLg0k4x9ZwrWzw,fDcXZp4Vi4Y,2024-08-11T02:20:20+00:00,2024-08-10,streams,True,none,3421,Nevada Rally with Vice President Kamala Harris and Governor Tim Walz,"Governor Tim Walz and I are running a people powered campaign to represent all Americans—from red states to blue states, from the heartland to the Southwest. Tune in as we take the stage in Las Vegas.

For ASL feed, please tune in here: https://us06web.zoom.us/j/81714098140

--------------------------------------
Follow Kamala!

Kamala's Twitter: https://twitter.com/KamalaHarris
Kamala's Facebook: https://www.facebook.com/KamalaHarris
Kamala’s Instagram: https://www.instagram.com/KamalaHarris  
Kamala's Threads: https://www.threads.net/@kamalaharris

#KamalaHarris #Harris2024",370544,16666,1811,public,https://www.youtube.com/watch?v=fDcXZp4Vi4Y,2026-10-03T08:46:11+00:00
Kamala Harris,民主党,候选人阵营,youtube,harris,UC0XBsJpPhOLg0k4x9ZwrWzw,LQ9a-x_gqQ0,2024-08-11T02:41:54+00:00,2024-08-10,videos,False,none,31,Knows | Harris-Walz 2024,"--------------------------------------
Follow Kamala!

Kamala's Twitter: https://twitter.com/KamalaHarris
Kamala's Facebook: https://www.facebook.com/KamalaHarris
Kamala’s Instagram: https://www.instagram.com/KamalaHarris  
Kamala's Threads: https://www.threads.net/@kamalaharris

#KamalaHarris #Harris2024",170309,9252,2124,public,https://www.youtube.com/watch?v=LQ9a-x_gqQ0,2026-10-03T08:46:11+00:00
Kamala Harris,民主党,候选人阵营,youtube,harris,UC0XBsJpPhOLg0k4x9ZwrWzw,WkwZ_A49hb8,2024-08-15T18:00:06+00:00,2024-08-15,videos,True,none,595,"Kamala Harris and Tim Walz on tacos, music, and the future of America","Vice President Kamala Harris and her running mate, Minnesota Governor Tim Walz, sit down for a conversation about their historic campaign. They talk taco recipes, hot peppers, their childhoods, careers, and the rights and freedoms they want to protect. 

Tune in Thursday, August 15.

--------------------------------------
Follow Kamala!

Kamala's Twitter: https://twitter.com/KamalaHarris
Kamala's Facebook: https://www.facebook.com/KamalaHarris
Kamala’s Instagram: https://www.instagram.com/KamalaHarris  
Kamala's Threads: https://www.threads.net/@kamalaharris

#KamalaHarris #Harris2024",2151324,118659,25193,public,https://www.youtube.com/watch?v=WkwZ_A49hb8,2026-10-03T08:46:11+00:00
Kamala Harris,民主党,候选人阵营,youtube,harris,UC0XBsJpPhOLg0k4x9ZwrWzw,IbhXnF2Jo94,2024-08-16T18:59:05+00:00,2024-08-16,streams,True,none,2466,"Campaign Event in Raleigh, North Carolina with Vice President Kamala Harris","America's families deserve a chance not just to get by, but to get ahead. 

Tune in as I take the stage in North Carolina to discuss how we're fighting to lower costs.

For ASL feed, please tune in here: https://us06web.zoom.us/j/81157944845

--------------------------------------
Follow Kamala!

Kamala's Twitter: https://twitter.com/KamalaHarris
Kamala's Facebook: https://www.facebook.com/KamalaHarris
Kamala’s Instagram: https://www.instagram.com/KamalaHarris  
Kamala's Threads: https://www.threads.net/@kamalaharris

#KamalaHarris #Harris2024",216349,11706,2002,public,https://www.youtube.com/watch?v=IbhXnF2Jo94,2026-10-03T08:46:11+00:00
Kamala Harris,民主党,候选人阵营,youtube,harris,UC0XBsJpPhOLg0k4x9ZwrWzw,uG6aIR5LvWM,2024-08-20T04:50:21+00:00,2024-08-20,streams,True,none,21457,Democratic National Convention: Day 1,"Together, we will fight for the promise of America’s future. Tune in now to watch the first night of the Democratic National Convention.
--------------------------------------
Follow Kamala!

Kamala's Twitter: https://twitter.com/KamalaHarris
Kamala's Facebook: https://www.facebook.com/KamalaHarris
Kamala’s Instagram: https://www.instagram.com/KamalaHarris  
Kamala's Threads: https://www.threads.net/@kamalaharris

#KamalaHarris #Harris2024",900652,30576,1791,public,https://www.youtube.com/watch?v=uG6aIR5LvWM,2026-10-03T08:46:11+00:00
Kamala Harris,民主党,候选人阵营,youtube,harris,UC0XBsJpPhOLg0k4x9ZwrWzw,M0vkD_naPiI,2024-08-21T03:58:13+00:00,2024-08-20,streams,True,none,9310,Democratic National Convention: Day 2,"True patriotism means fighting to make our nation better for each generation.

Tune in now for day two of the Democratic National Convention.
--------------------------------------
Follow Kamala!

Kamala's Twitter: https://twitter.com/KamalaHarris
Kamala's Facebook: https://www.facebook.com/KamalaHarris
Kamala's Instagram: https://www.instagram.com/KamalaHarris  
Kamala's Threads: https://www.threads.net/@kamalaharris

#KamalaHarris #Harris2024",430393,12329,863,public,https://www.youtube.com/watch?v=M0vkD_naPiI,2026-10-03T08:46:11+00:00
Kamala Harris,民主党,候选人阵营,youtube,harris,UC0XBsJpPhOLg0k4x9ZwrWzw,ArmhreqR2AI,2024-08-22T04:31:57+00:00,2024-08-22,streams,True,none,10016,Democratic National Convention: Day 3,"Governor, congressman, dad, husband, coach. 

Soon, our nation will know Governor Tim Walz as Vice President of the United States of America. 

Tune in now for day three of the Democratic National Convention.
--------------------------------------
Follow Kamala!

Kamala's Twitter: https://twitter.com/KamalaHarris
Kamala's Facebook: https://www.facebook.com/KamalaHarris
Kamala's Instagram: https://www.instagram.com/KamalaHarris  
Kamala's Threads: https://www.threads.net/@kamalaharris

#KamalaHarris #Harris2024",873727,13463,707,public,https://www.youtube.com/watch?v=ArmhreqR2AI,2026-10-03T08:46:11+00:00
Kamala Harris,民主党,候选人阵营,youtube,harris,UC0XBsJpPhOLg0k4x9ZwrWzw,z9D5O04ZwO4,2024-08-23T03:39:58+00:00,2024-08-22,streams,True,none,9006,Democratic National Convention: Day 4,"This election is a fight for our country, our future, and our fundamental freedoms and rights.

Tune in as I take the stage tonight as the Democratic nominee for President of the United States.

--------------------------------------
Follow Kamala!

Kamala's Twitter: https://twitter.com/KamalaHarris
Kamala's Facebook: https://www.facebook.com/KamalaHarris
Kamala’s Instagram: https://www.instagram.com/KamalaHarris  
Kamala's Threads: https://www.threads.net/@kamalaharris

#KamalaHarris #Harris2024",752148,18188,1272,public,https://www.youtube.com/watch?v=z9D5O04ZwO4,2026-10-03T08:46:11+00:00
Kamala Harris,民主党,候选人阵营,youtube,harris,UC0XBsJpPhOLg0k4x9ZwrWzw,D9Ltln7uqIM,2024-08-23T19:12:09+00:00,2024-08-23,shorts,False,none,18,Kamala Harris accepts the nomination for President of the United States | Harris-Walz 2024,,98410,6169,885,public,https://www.youtube.com/watch?v=D9Ltln7uqIM,2026-10-03T08:46:11+00:00
Kamala Harris,民主党,候选人阵营,youtube,harris,UC0XBsJpPhOLg0k4x9ZwrWzw,1aZLL63wlTU,2024-08-23T23:15:12+00:00,2024-08-23,videos,False,none,2253,Kamala Harris accepts the nomination for President of the United States | Harris-Walz 2024,"Vice President Kamala Harris delivers her speech to accept the nomination for President of the United States at the 2024 Democratic National Convention.

--------------------------------------
Follow Kamala!

Kamala's Twitter: https://twitter.com/KamalaHarris
Kamala's Facebook: https://www.facebook.com/KamalaHarris
Kamala’s Instagram: https://www.instagram.com/KamalaHarris  
Kamala's Threads: https://www.threads.net/@kamalaharris

#KamalaHarris #Harris2024",242279,8013,3769,public,https://www.youtube.com/watch?v=1aZLL63wlTU,2026-10-03T08:46:11+00:00
Kamala Harris,民主党,候选人阵营,youtube,harris,UC0XBsJpPhOLg0k4x9ZwrWzw,rkuOOfpDyWg,2024-08-28T14:20:58+00:00,2024-08-28,videos,False,none,61,Control | Harris-Walz 2024,"--------------------------------------
Follow Kamala!

Kamala's Twitter: https://twitter.com/KamalaHarris
Kamala's Facebook: https://www.facebook.com/KamalaHarris
Kamala’s Instagram: https://www.instagram.com/KamalaHarris  
Kamala's Threads: https://www.threads.net/@kamalaharris

#KamalaHarris #Harris2024",289323,11613,2140,public,https://www.youtube.com/watch?v=rkuOOfpDyWg,2026-10-03T08:46:11+00:00
Kamala Harris,民主党,候选人阵营,youtube,harris,UC0XBsJpPhOLg0k4x9ZwrWzw,uuI-ENPNweI,2024-08-29T21:36:05+00:00,2024-08-29,streams,True,none,1680,Georgia Rally with Vice President Kamala Harris | Harris-Walz 2024,"Our campaign is focused on the future of our nation—we are not going back. 

Tune in as I rally voters in Savannah. 

For ASL feed, please tune in here: https://us06web.zoom.us/j/81880260749
--------------------------------------
Follow Kamala!

Kamala's Twitter: https://twitter.com/KamalaHarris
Kamala's Facebook: https://www.facebook.com/KamalaHarris
Kamala’s Instagram: https://www.instagram.com/KamalaHarris  
Kamala's Threads: https://www.threads.net/@kamalaharris

#KamalaHarris #Harris2024",327443,14827,1894,public,https://www.youtube.com/watch?v=uuI-ENPNweI,2026-10-03T08:46:11+00:00
Kamala Harris,民主党,候选人阵营,youtube,harris,UC0XBsJpPhOLg0k4x9ZwrWzw,PNCjJ0hTcYM,2024-08-29T21:37:17+00:00,2024-08-29,streams,True,none,1572,Georgia Rally with Vice President Kamala Harris (Vertical) | Harris-Walz 2024,"Our campaign is focused on the future of our nation—we are not going back. 

Tune in as I rally voters in Savannah. 

For ASL feed, please tune in here: https://us06web.zoom.us/j/81880260749
--------------------------------------
Follow Kamala!

Kamala's Twitter: https://twitter.com/KamalaHarris
Kamala's Facebook: https://www.facebook.com/KamalaHarris
Kamala’s Instagram: https://www.instagram.com/KamalaHarris  
Kamala's Threads: https://www.threads.net/@kamalaharris

#KamalaHarris #Harris2024",37924,2266,442,public,https://www.youtube.com/watch?v=PNCjJ0hTcYM,2026-10-03T08:46:11+00:00
Kamala Harris,民主党,候选人阵营,youtube,harris,UC0XBsJpPhOLg0k4x9ZwrWzw,rfSoN5pKo6U,2024-08-31T16:19:26+00:00,2024-08-31,shorts,False,none,27,Had to get a sweet treat at Dottie’s Market in Savannah.,,1098487,49027,2148,public,https://www.youtube.com/watch?v=rfSoN5pKo6U,2026-10-03T08:46:11+00:00
Kamala Harris,民主党,候选人阵营,youtube,harris,UC0XBsJpPhOLg0k4x9ZwrWzw,Xu1Y9lLh9Hg,2024-08-31T20:28:41+00:00,2024-08-31,videos,False,none,204,A Look Into The 2024 Democratic National Convention | Harris-Walz 2024,"--------------------------------------
Follow Kamala!

Kamala's Twitter: https://twitter.com/KamalaHarris
Kamala's Facebook: https://www.facebook.com/KamalaHarris
Kamala’s Instagram: https://www.instagram.com/KamalaHarris  
Kamala's Threads: https://www.threads.net/@kamalaharris

#KamalaHarris #Harris2024",57989,3928,979,public,https://www.youtube.com/watch?v=Xu1Y9lLh9Hg,2026-10-03T08:46:11+00:00
Kamala Harris,民主党,候选人阵营,youtube,harris,UC0XBsJpPhOLg0k4x9ZwrWzw,m7UhkRsLOE8,2024-09-01T00:00:09+00:00,2024-08-31,shorts,False,none,57,The secret ingredient for my greens? Tabasco.,,1213417,53415,3630,public,https://www.youtube.com/watch?v=m7UhkRsLOE8,2026-10-03T08:46:11+00:00
Kamala Harris,民主党,候选人阵营,youtube,harris,UC0XBsJpPhOLg0k4x9ZwrWzw,oyMmxMlnr7k,2024-09-02T17:39:10+00:00,2024-09-02,streams,True,none,1024,"Campaign Event in Detroit, Michigan with Vice President Kamala Harris (Vertical) | Harris-Walz 2024","So much is on the line in November. 

That is why I'm back in Detroit, Michigan to speak with voters about the stakes of this election. Tune in. 

For ASL feed, please tune in here: https://us06web.zoom.us/j/85404732104
--------------------------------------
Follow Kamala!

Kamala's Twitter: https://twitter.com/KamalaHarris
Kamala's Facebook: https://www.facebook.com/KamalaHarris
Kamala’s Instagram: https://www.instagram.com/KamalaHarris  
Kamala's Threads: https://www.threads.net/@kamalaharris

#KamalaHarris #Harris2024",37262,2605,409,public,https://www.youtube.com/watch?v=oyMmxMlnr7k,2026-10-03T08:46:11+00:00
Kamala Harris,民主党,候选人阵营,youtube,harris,UC0XBsJpPhOLg0k4x9ZwrWzw,vVW6efTCM8M,2024-09-02T17:39:40+00:00,2024-09-02,streams,True,none,1720,"Campaign Event in Detroit, Michigan with Vice President Kamala Harris","So much is on the line in November. 

That is why I'm back in Detroit, Michigan to speak with voters about the stakes of this election. Tune in. 

For ASL feed, please tune in here: https://us06web.zoom.us/j/85404732104
--------------------------------------
Follow Kamala!

Kamala's Twitter: https://twitter.com/KamalaHarris
Kamala's Facebook: https://www.facebook.com/KamalaHarris
Kamala’s Instagram: https://www.instagram.com/KamalaHarris  
Kamala's Threads: https://www.threads.net/@kamalaharris

#KamalaHarris #Harris2024",113481,6275,724,public,https://www.youtube.com/watch?v=vVW6efTCM8M,2026-10-03T08:46:11+00:00
Kamala Harris,民主党,候选人阵营,youtube,harris,UC0XBsJpPhOLg0k4x9ZwrWzw,qaXJ_wgCDfw,2024-09-02T20:31:04+00:00,2024-09-02,not_in_index,True,upcoming,0,Vice President Kamala Harris | Election Night Remarks | VERTICAL,"Tune in to watch Vice President Kamala Harris deliver remarks to America on Election Night. 
--------------------------------------
Follow Kamala!

Kamala's Twitter: https://twitter.com/KamalaHarris
Kamala's Facebook: https://www.facebook.com/KamalaHarris
Kamala’s Instagram: https://www.instagram.com/KamalaHarris  
Kamala's Threads: https://www.threads.net/@kamalaharris

#KamalaHarris #Harris2024",0,1,0,public,https://www.youtube.com/watch?v=qaXJ_wgCDfw,2026-10-03T08:46:11+00:00
Kamala Harris,民主党,候选人阵营,youtube,harris,UC0XBsJpPhOLg0k4x9ZwrWzw,u_ALqeE3aaw,2024-09-02T22:31:32+00:00,2024-09-02,streams,True,none,3065,"Campaign Event in Pittsburgh, Pennsylvania with President Joe Biden and Vice President Kamala Harris","When unions are strong, America is strong.

I'm back in Pennsylvania with Joe Biden on Labor Day, talking to voters about everything on the line for workers. Tune in.
--------------------------------------
Follow Kamala!

Kamala's Twitter: https://twitter.com/KamalaHarris
Kamala's Facebook: https://www.facebook.com/KamalaHarris
Kamala’s Instagram: https://www.instagram.com/KamalaHarris  
Kamala's Threads: https://www.threads.net/@kamalaharris

#KamalaHarris #Harris2024",37038,1332,88,public,https://www.youtube.com/watch?v=u_ALqeE3aaw,2026-10-03T08:46:11+00:00
Kamala Harris,民主党,候选人阵营,youtube,harris,UC0XBsJpPhOLg0k4x9ZwrWzw,2M0fHti7DZI,2024-09-02T22:32:12+00:00,2024-09-02,streams,True,none,2991,"Campaign Event in Pittsburgh, Pennsylvania with President Joe Biden and Vice President Kamala Harris","When unions are strong, America is strong.

I'm back in Pennsylvania with Joe Biden on Labor Day, talking to voters about everything on the line for workers. Tune in.
--------------------------------------
Follow Kamala!

Kamala's Twitter: https://twitter.com/KamalaHarris
Kamala's Facebook: https://www.facebook.com/KamalaHarris
Kamala’s Instagram: https://www.instagram.com/KamalaHarris  
Kamala's Threads: https://www.threads.net/@kamalaharris

#KamalaHarris #Harris2024",323481,12494,1387,public,https://www.youtube.com/watch?v=2M0fHti7DZI,2026-10-03T08:46:11+00:00
Kamala Harris,民主党,候选人阵营,youtube,harris,UC0XBsJpPhOLg0k4x9ZwrWzw,pjTjb63DgY8,2024-09-03T13:53:55+00:00,2024-09-03,videos,False,none,31,Focused | Harris-Walz 2024,"--------------------------------------
Follow Kamala!

Kamala's Twitter: https://twitter.com/KamalaHarris
Kamala's Facebook: https://www.facebook.com/KamalaHarris
Kamala’s Instagram: https://www.instagram.com/KamalaHarris  
Kamala's Threads: https://www.threads.net/@kamalaharris

#KamalaHarris #Harris2024",118102,5017,1481,public,https://www.youtube.com/watch?v=pjTjb63DgY8,2026-10-03T08:46:11+00:00
Kamala Harris,民主党,候选人阵营,youtube,harris,UC0XBsJpPhOLg0k4x9ZwrWzw,GvnNVPnH5ho,2024-09-04T19:35:04+00:00,2024-09-04,streams,True,none,2031,Campaign Event in New Hampshire with Vice President Kamala Harris [VERTICAL] | Harris-Walz 2024,"Through their creativity and tenacity, small business owners inspire their community. 

Tune in as I take the stage in New Hampshire to discuss how we’re fighting every day for America’s small business owners and entrepreneurs.

For ASL feed, please tune in here: https://us06web.zoom.us/j/82515638428
--------------------------------------
Follow Kamala!

Kamala's Twitter: https://twitter.com/KamalaHarris
Kamala's Facebook: https://www.facebook.com/KamalaHarris
Kamala’s Instagram: https://www.instagram.com/KamalaHarris  
Kamala's Threads: https://www.threads.net/@kamalaharris

#KamalaHarris #Harris2024",75370,1730,168,public,https://www.youtube.com/watch?v=GvnNVPnH5ho,2026-10-03T08:46:11+00:00
Kamala Harris,民主党,候选人阵营,youtube,harris,UC0XBsJpPhOLg0k4x9ZwrWzw,IzMCg30Ot2s,2024-09-04T19:36:29+00:00,2024-09-04,streams,True,none,2376,Campaign Event in New Hampshire with Vice President Kamala Harris | Harris-Walz 2024,"Through their creativity and tenacity, small business owners inspire their community. 

Tune in as I take the stage in New Hampshire to discuss how we’re fighting every day for America’s small business owners and entrepreneurs.

For ASL feed, please tune in here: https://us06web.zoom.us/j/82515638428
--------------------------------------
Follow Kamala!

Kamala's Twitter: https://twitter.com/KamalaHarris
Kamala's Facebook: https://www.facebook.com/KamalaHarris
Kamala’s Instagram: https://www.instagram.com/KamalaHarris  
Kamala's Threads: https://www.threads.net/@kamalaharris

#KamalaHarris #Harris2024",166860,7280,1075,public,https://www.youtube.com/watch?v=IzMCg30Ot2s,2026-10-03T08:46:11+00:00
Kamala Harris,民主党,候选人阵营,youtube,harris,UC0XBsJpPhOLg0k4x9ZwrWzw,r2UIo_iiIrI,2024-09-04T20:00:16+00:00,2024-09-04,videos,False,none,31,Fearless | Harris-Walz 2024,"--------------------------------------
Follow Kamala!

Kamala's Twitter: https://twitter.com/KamalaHarris
Kamala's Facebook: https://www.facebook.com/KamalaHarris
Kamala’s Instagram: https://www.instagram.com/KamalaHarris  
Kamala's Threads: https://www.threads.net/@kamalaharris

#KamalaHarris #Harris2024",62664,3993,1548,public,https://www.youtube.com/watch?v=r2UIo_iiIrI,2026-10-03T08:46:11+00:00
Kamala Harris,民主党,候选人阵营,youtube,harris,UC0XBsJpPhOLg0k4x9ZwrWzw,m6oQXN2WNtU,2024-09-09T13:20:59+00:00,2024-09-09,videos,False,none,61,The Best People | Harris-Walz 2024,"--------------------------------------
Follow Kamala!

Kamala's Twitter: https://twitter.com/KamalaHarris
Kamala's Facebook: https://www.facebook.com/KamalaHarris
Kamala’s Instagram: https://www.instagram.com/KamalaHarris  
Kamala's Threads: https://www.threads.net/@kamalaharris

#KamalaHarris #Harris2024",702365,20092,2014,public,https://www.youtube.com/watch?v=m6oQXN2WNtU,2026-10-03T08:46:11+00:00
Kamala Harris,民主党,候选人阵营,youtube,harris,UC0XBsJpPhOLg0k4x9ZwrWzw,tlOC0tc7x88,2024-09-10T09:08:26+00:00,2024-09-10,videos,False,none,31,Crowd Size | Harris-Walz 2024,"--------------------------------------
Follow Kamala!

Kamala's Twitter: https://twitter.com/KamalaHarris
Kamala's Facebook: https://www.facebook.com/KamalaHarris
Kamala’s Instagram: https://www.instagram.com/KamalaHarris  
Kamala's Threads: https://www.threads.net/@kamalaharris

#KamalaHarris #Harris2024",460382,8653,1135,public,https://www.youtube.com/watch?v=tlOC0tc7x88,2026-10-03T08:46:11+00:00
Kamala Harris,民主党,候选人阵营,youtube,harris,UC0XBsJpPhOLg0k4x9ZwrWzw,TQcWPXd9A2s,2024-09-11T01:06:31+00:00,2024-09-10,streams,True,none,1900,National Debate Watch Party with Gov. Tim Walz  [VERTICAL],"Before I take the stage tonight, join supporters nationwide for a virtual watch party with Governor Tim Walz. 

For ASL feed, please tune in here: https://us06web.zoom.us/j/83415420442

--------------------------------------
Follow Kamala!

Kamala's Twitter: https://twitter.com/KamalaHarris
Kamala's Facebook: https://www.facebook.com/KamalaHarris
Kamala’s Instagram: https://www.instagram.com/KamalaHarris  
Kamala's Threads: https://www.threads.net/@kamalaharris

#KamalaHarris #Harris2024",74083,1807,186,public,https://www.youtube.com/watch?v=TQcWPXd9A2s,2026-10-03T08:46:11+00:00
Kamala Harris,民主党,候选人阵营,youtube,harris,UC0XBsJpPhOLg0k4x9ZwrWzw,WB0LNtHypdE,2024-09-11T01:07:04+00:00,2024-09-10,streams,True,none,1901,National Debate Watch Party with Gov. Tim Walz,"Before I take the stage tonight, join supporters nationwide for a virtual watch party with Governor Tim Walz. 

For ASL feed, please tune in here: https://us06web.zoom.us/j/83415420442
--------------------------------------
Follow Kamala!

Kamala's Twitter: https://twitter.com/KamalaHarris
Kamala's Facebook: https://www.facebook.com/KamalaHarris
Kamala’s Instagram: https://www.instagram.com/KamalaHarris  
Kamala's Threads: https://www.threads.net/@kamalaharris

#KamalaHarris #Harris2024",215432,6888,599,public,https://www.youtube.com/watch?v=WB0LNtHypdE,2026-10-03T08:46:11+00:00
Kamala Harris,民主党,候选人阵营,youtube,harris,UC0XBsJpPhOLg0k4x9ZwrWzw,Z95FFJtcAV4,2024-09-11T05:12:40+00:00,2024-09-11,shorts,False,none,45,This is so rich. | Harris-Walz 2024,,2566972,68747,4404,public,https://www.youtube.com/watch?v=Z95FFJtcAV4,2026-10-03T08:46:11+00:00
Kamala Harris,民主党,候选人阵营,youtube,harris,UC0XBsJpPhOLg0k4x9ZwrWzw,yR4ZzLZcW8E,2024-09-12T16:40:59+00:00,2024-09-12,videos,False,none,31,Leadership | Harris-Walz 2024,"--------------------------------------
Follow Kamala!

Kamala's Twitter: https://twitter.com/KamalaHarris
Kamala's Facebook: https://www.facebook.com/KamalaHarris
Kamala’s Instagram: https://www.instagram.com/KamalaHarris  
Kamala's Threads: https://www.threads.net/@kamalaharris

#KamalaHarris #Harris2024",63164,4853,641,public,https://www.youtube.com/watch?v=yR4ZzLZcW8E,2026-10-03T08:46:11+00:00
Kamala Harris,民主党,候选人阵营,youtube,harris,UC0XBsJpPhOLg0k4x9ZwrWzw,jgX5RDcKcao,2024-09-12T18:33:56+00:00,2024-09-12,videos,False,none,61,Wanted | Harris-Walz 2024,"--------------------------------------
Follow Kamala!

Kamala's Twitter: https://twitter.com/KamalaHarris
Kamala's Facebook: https://www.facebook.com/KamalaHarris
Kamala’s Instagram: https://www.instagram.com/KamalaHarris  
Kamala's Threads: https://www.threads.net/@kamalaharris

#KamalaHarris #Harris2024",131640,8961,1237,public,https://www.youtube.com/watch?v=jgX5RDcKcao,2026-10-03T08:46:11+00:00
Kamala Harris,民主党,候选人阵营,youtube,harris,UC0XBsJpPhOLg0k4x9ZwrWzw,e2TgQMobRY0,2024-09-12T20:15:15+00:00,2024-09-12,streams,True,none,1861,"Rally in Charlotte, North Carolina with Vice President Kamala Harris [VERTICAL] | Harris-Walz 2024","Generations of Americans before us fought for freedom. Now, the baton is in our hands. 

Tune in as I rally voters in Charlotte. 

For ASL feed, please tune in here: https://us06web.zoom.us/j/82940151967
--------------------------------------
Follow Kamala!

Kamala's Twitter: https://twitter.com/KamalaHarris
Kamala's Facebook: https://www.facebook.com/KamalaHarris
Kamala’s Instagram: https://www.instagram.com/KamalaHarris  
Kamala's Threads: https://www.threads.net/@kamalaharris

#KamalaHarris #Harris2024",118108,1104,98,public,https://www.youtube.com/watch?v=e2TgQMobRY0,2026-10-03T08:46:11+00:00
Kamala Harris,民主党,候选人阵营,youtube,harris,UC0XBsJpPhOLg0k4x9ZwrWzw,j52C5uGVhRs,2024-09-12T20:15:56+00:00,2024-09-12,streams,True,none,2021,"Rally in Charlotte, North Carolina with Vice President Kamala Harris | Harris-Walz 2024","Generations of Americans before us fought for freedom. Now, the baton is in our hands. 

Tune in as I rally voters in Charlotte. 

For ASL feed, please tune in here: https://us06web.zoom.us/j/82940151967
--------------------------------------
Follow Kamala!

Kamala's Twitter: https://twitter.com/KamalaHarris
Kamala's Facebook: https://www.facebook.com/KamalaHarris
Kamala’s Instagram: https://www.instagram.com/KamalaHarris  
Kamala's Threads: https://www.threads.net/@kamalaharris

#KamalaHarris #Harris2024",141988,8201,856,public,https://www.youtube.com/watch?v=j52C5uGVhRs,2026-10-03T08:46:11+00:00
Kamala Harris,民主党,候选人阵营,youtube,harris,UC0XBsJpPhOLg0k4x9ZwrWzw,jiECwJlRKus,2024-09-12T22:58:54+00:00,2024-09-12,streams,True,none,1855,"Rally in Greensboro, North Carolina with Vice President Kamala Harris [VERTICAL]","We are less than two months from Election Day, and it will take all of us to fight for our fundamental freedoms. 

I'm in Greensboro to speak with North Carolina voters. Tune in. 

For ASL feed, please tune in here: https://us06web.zoom.us/j/82940151967
--------------------------------------
Follow Kamala!

Kamala's Twitter: https://twitter.com/KamalaHarris
Kamala's Facebook: https://www.facebook.com/KamalaHarris
Kamala’s Instagram: https://www.instagram.com/KamalaHarris  
Kamala's Threads: https://www.threads.net/@kamalaharris

#KamalaHarris #Harris2024",122591,1366,100,public,https://www.youtube.com/watch?v=jiECwJlRKus,2026-10-03T08:46:11+00:00
Kamala Harris,民主党,候选人阵营,youtube,harris,UC0XBsJpPhOLg0k4x9ZwrWzw,aX-uJgI3Pl8,2024-09-12T22:59:52+00:00,2024-09-12,streams,True,none,1906,"Rally in Greensboro, North Carolina with Vice President Kamala Harris","We are less than two months from Election Day, and it will take all of us to fight for our fundamental freedoms. 

I'm in Greensboro to speak with North Carolina voters. Tune in. 

For ASL feed, please tune in here: https://us06web.zoom.us/j/82940151967
--------------------------------------
Follow Kamala!

Kamala's Twitter: https://twitter.com/KamalaHarris
Kamala's Facebook: https://www.facebook.com/KamalaHarris
Kamala’s Instagram: https://www.instagram.com/KamalaHarris  
Kamala's Threads: https://www.threads.net/@kamalaharris

#KamalaHarris #Harris2024",155137,7238,1235,public,https://www.youtube.com/watch?v=aX-uJgI3Pl8,2026-10-03T08:46:11+00:00
Kamala Harris,民主党,候选人阵营,youtube,harris,UC0XBsJpPhOLg0k4x9ZwrWzw,mf9jGS_zjhI,2024-09-13T18:22:28+00:00,2024-09-13,videos,False,none,31,All Americans | Harris-Walz 2024,"--------------------------------------
Follow Kamala!

Kamala's Twitter: https://twitter.com/KamalaHarris
Kamala's Facebook: https://www.facebook.com/KamalaHarris
Kamala’s Instagram: https://www.instagram.com/KamalaHarris  
Kamala's Threads: https://www.threads.net/@kamalaharris

#KamalaHarris #Harris2024",103484,6299,1189,public,https://www.youtube.com/watch?v=mf9jGS_zjhI,2026-10-03T08:46:11+00:00
Kamala Harris,民主党,候选人阵营,youtube,harris,UC0XBsJpPhOLg0k4x9ZwrWzw,dOHsCEvzkZY,2024-09-13T22:48:17+00:00,2024-09-13,streams,True,none,2281,Rally in Pennsylvania with Vice President Kamala Harris | Harris-Walz 2024,"It is time to unite our country to chart a new way forward.

I'm in Wilkes-Barre, Pennsylvania to speak with voters about everything on the line in this election. Tune in. 

For ASL feed, please tune in here: https://us06web.zoom.us/j/88065475808
--------------------------------------
Follow Kamala!

Kamala's Twitter: https://twitter.com/KamalaHarris
Kamala's Facebook: https://www.facebook.com/KamalaHarris
Kamala’s Instagram: https://www.instagram.com/KamalaHarris  
Kamala's Threads: https://www.threads.net/@kamalaharris

#KamalaHarris #Harris2024",195316,8809,1355,public,https://www.youtube.com/watch?v=dOHsCEvzkZY,2026-10-03T08:46:11+00:00
Kamala Harris,民主党,候选人阵营,youtube,harris,UC0XBsJpPhOLg0k4x9ZwrWzw,LvffkP1Ziyo,2024-09-14T21:54:27+00:00,2024-09-14,shorts,False,none,61,"Under my economic plan, we will help entrepreneurs start and grow their small businesses.",,277719,12253,1568,public,https://www.youtube.com/watch?v=LvffkP1Ziyo,2026-10-03T08:46:11+00:00
Kamala Harris,民主党,候选人阵营,youtube,harris,UC0XBsJpPhOLg0k4x9ZwrWzw,XHYeqeWl5-Q,2024-09-18T12:32:42+00:00,2024-09-18,videos,False,none,61,Monster | Harris-Walz 2024,"--------------------------------------
Follow Kamala!

Kamala's Twitter: https://twitter.com/KamalaHarris
Kamala's Facebook: https://www.facebook.com/KamalaHarris
Kamala’s Instagram: https://www.instagram.com/KamalaHarris  
Kamala's Threads: https://www.threads.net/@kamalaharris

#KamalaHarris #Harris2024",832680,30690,4315,public,https://www.youtube.com/watch?v=XHYeqeWl5-Q,2026-10-03T08:46:11+00:00
Kamala Harris,民主党,候选人阵营,youtube,harris,UC0XBsJpPhOLg0k4x9ZwrWzw,i2F9qGxTKcU,2024-09-19T17:32:00+00:00,2024-09-19,videos,False,none,31,Tougher | Harris-Walz 2024,"--------------------------------------
Follow Kamala!

Kamala's Twitter: https://twitter.com/KamalaHarris
Kamala's Facebook: https://www.facebook.com/KamalaHarris
Kamala’s Instagram: https://www.instagram.com/KamalaHarris  
Kamala's Threads: https://www.threads.net/@kamalaharris

#KamalaHarris #Harris2024",264264,6081,1783,public,https://www.youtube.com/watch?v=i2F9qGxTKcU,2026-10-03T08:46:11+00:00
Kamala Harris,民主党,候选人阵营,youtube,harris,UC0XBsJpPhOLg0k4x9ZwrWzw,bZasBoVhuUA,2024-09-20T01:41:04+00:00,2024-09-19,streams,True,none,5636,Unite for America Rally with Vice President Kamala Harris and Oprah Winfrey,"Our campaign is fueled by hope, optimism, and our love of country. Momentum is on our side-and there is a lot of hard, but joyful work to do between now and Election Day.

Tune in as I join my friend Oprah to discuss the issues that matter most to working families.

For ASL feed, please tune in here: https://us06web.zoom.us/j/81568750628
--------------------------------------
Follow Kamala!

Kamala's Twitter: https://twitter.com/KamalaHarris
Kamala's Facebook: https://www.facebook.com/KamalaHarris
Kamala's Instagram: https://www.instagram.com/KamalaHarris  
Kamala's Threads: https://www.threads.net/@kamalaharris

#KamalaHarris #Harris2024",2679620,87503,20484,public,https://www.youtube.com/watch?v=bZasBoVhuUA,2026-10-03T08:46:11+00:00
Kamala Harris,民主党,候选人阵营,youtube,harris,UC0XBsJpPhOLg0k4x9ZwrWzw,qFKkKJi7698,2024-09-20T16:32:05+00:00,2024-09-20,videos,False,none,31,Both Wrong | Harris-Walz 2024,"--------------------------------------
Follow Kamala!

Kamala's Twitter: https://twitter.com/KamalaHarris
Kamala's Facebook: https://www.facebook.com/KamalaHarris
Kamala’s Instagram: https://www.instagram.com/KamalaHarris  
Kamala's Threads: https://www.threads.net/@kamalaharris

#KamalaHarris #Harris2024",209957,5828,957,public,https://www.youtube.com/watch?v=qFKkKJi7698,2026-10-03T08:46:11+00:00
Kamala Harris,民主党,候选人阵营,youtube,harris,UC0XBsJpPhOLg0k4x9ZwrWzw,fmtT8pvw2uY,2024-09-20T18:22:04+00:00,2024-09-20,shorts,False,none,56,Kamala Harris speaks with Oprah Winfrey about Trump Abortion Bans | Harris-Walz 2024,"--------------------------------------
Follow Kamala!

Kamala's Twitter: https://twitter.com/KamalaHarris
Kamala's Facebook: https://www.facebook.com/KamalaHarris
Kamala’s Instagram: https://www.instagram.com/KamalaHarris  
Kamala's Threads: https://www.threads.net/@kamalaharris

#KamalaHarris #Harris2024",75276,3565,543,public,https://www.youtube.com/watch?v=fmtT8pvw2uY,2026-10-03T08:46:11+00:00
Kamala Harris,民主党,候选人阵营,youtube,harris,UC0XBsJpPhOLg0k4x9ZwrWzw,NpTX7uF6lEc,2024-09-20T19:47:53+00:00,2024-09-20,streams,True,none,1842,"VP Kamala Harris Live Remarks from Atlanta, Georgia","This is a critical moment for reproductive freedom. Watch Vice President Kamala Harris' speech live from Atlanta, Georgia. 

Help Vice President Kamala Harris and Governor Tim Walz put policies in place that protect our fundamental freedoms and defeat Donald Trump and MAGA Republicans this election. Take action at go.kamalaharris.com.

For ASL feed, please tune in here: https://us06web.zoom.us/j/81614985603",133278,6275,749,public,https://www.youtube.com/watch?v=NpTX7uF6lEc,2026-10-03T08:46:11+00:00
Kamala Harris,民主党,候选人阵营,youtube,harris,UC0XBsJpPhOLg0k4x9ZwrWzw,WLoxQ44epxI,2024-09-20T23:42:14+00:00,2024-09-20,streams,True,none,1840,"Vice President Kamala Harris Campaign Rally in Madison, Wisconsin | Harris-Walz 2024","Join Vice President Kamala Harris in Madison, Wisconsin as she speaks about what is at stake in this election.

Help Vice President Kamala Harris and Governor Tim Walz protect our fundamental freedoms and defeat Donald Trump and the Republicans this election. Take action at go.kamalaharris.com.

For ASL feed, please tune in here: https://us06web.zoom.us/j/81186093602
--------------------------------------
Follow Kamala!

Kamala's Twitter: https://twitter.com/KamalaHarris
Kamala's Facebook: https://www.facebook.com/KamalaHarris
Kamala’s Instagram: https://www.instagram.com/KamalaHarris  
Kamala's Threads: https://www.threads.net/@kamalaharris

#KamalaHarris #Harris2024",142708,6169,1209,public,https://www.youtube.com/watch?v=WLoxQ44epxI,2026-10-03T08:46:11+00:00
Kamala Harris,民主党,候选人阵营,youtube,harris,UC0XBsJpPhOLg0k4x9ZwrWzw,fhLi5nz8B6c,2024-09-21T21:41:30+00:00,2024-09-21,shorts,False,none,59,Kamala Harris speaks with Oprah Winfrey about our power in a democracy | Harris-Walz 2024,"--------------------------------------
Follow Kamala!

Kamala's Twitter: https://twitter.com/KamalaHarris
Kamala's Facebook: https://www.facebook.com/KamalaHarris
Kamala’s Instagram: https://www.instagram.com/KamalaHarris  
Kamala's Threads: https://www.threads.net/@kamalaharris

#KamalaHarris #Harris2024",94290,3696,980,public,https://www.youtube.com/watch?v=fhLi5nz8B6c,2026-10-03T08:46:11+00:00
Kamala Harris,民主党,候选人阵营,youtube,harris,UC0XBsJpPhOLg0k4x9ZwrWzw,SYGc5HG-kHo,2024-09-23T02:02:33+00:00,2024-09-22,videos,False,none,31,Big Family | Harris-Walz 2024,"--------------------------------------
Follow Kamala!

Kamala's Twitter: https://twitter.com/KamalaHarris
Kamala's Facebook: https://www.facebook.com/KamalaHarris
Kamala’s Instagram: https://www.instagram.com/KamalaHarris  
Kamala's Threads: https://www.threads.net/@kamalaharris

#KamalaHarris #Harris2024",45581,3948,683,public,https://www.youtube.com/watch?v=SYGc5HG-kHo,2026-10-03T08:46:11+00:00
Kamala Harris,民主党,候选人阵营,youtube,harris,UC0XBsJpPhOLg0k4x9ZwrWzw,5iwvu-CNU7Q,2024-09-24T14:12:37+00:00,2024-09-24,videos,False,none,31,Not Again | Harris-Walz 2024,"--------------------------------------
Follow Kamala!

Kamala's Twitter: https://twitter.com/KamalaHarris
Kamala's Facebook: https://www.facebook.com/KamalaHarris
Kamala’s Instagram: https://www.instagram.com/KamalaHarris  
Kamala's Threads: https://www.threads.net/@kamalaharris

#KamalaHarris #Harris2024",102423,6794,942,public,https://www.youtube.com/watch?v=5iwvu-CNU7Q,2026-10-03T08:46:11+00:00
Kamala Harris,民主党,候选人阵营,youtube,harris,UC0XBsJpPhOLg0k4x9ZwrWzw,maV7hlF_ufQ,2024-09-24T14:13:10+00:00,2024-09-24,videos,False,none,61,Common Sense | Harris-Walz 2024,"Help Vice President Kamala Harris and Governor Tim Walz put policies in place that protect our fundamental freedoms and defeat Donald Trump and MAGA Republicans this election. Take action at go.kamalaharris.com.
--------------------------------------
Follow Vice President Kamala Harris!

Kamala's Twitter: https://twitter.com/KamalaHarris
Kamala's Tiktok: www.tiktok.com/@kamalaharris
Kamala’s Instagram: https://www.instagram.com/KamalaHarris  
Kamala's Twitch: https://www.twitch.tv/kamalaharris
Kamala's Facebook: https://www.facebook.com/KamalaHarris
Kamala's Threads: https://www.threads.net/@kamalaharris

#KamalaHarris #Harris2024",57901,4676,1352,public,https://www.youtube.com/watch?v=maV7hlF_ufQ,2026-10-03T08:46:11+00:00
Kamala Harris,民主党,候选人阵营,youtube,harris,UC0XBsJpPhOLg0k4x9ZwrWzw,d2XrDzXwmQI,2024-09-25T20:16:02+00:00,2024-09-25,streams,True,none,2707,"Vice President Kamala Harris on the Economy - Live from Pittsburgh, PA (Vertical) | Harris-Walz 2024","Join Vice President Kamala Harris in Pittsburgh, Pennsylvania as she speaks about building an economy that will work for all Americans.

Help Vice President Kamala Harris and Governor Tim Walz protect our fundamental freedoms and defeat Donald Trump and the Republicans this election. Take action at go.kamalaharris.com.

For ASL feed, please tune in here: https://us06web.zoom.us/j/84241286669

Help Vice President Kamala Harris and Governor Tim Walz put policies in place that protect our fundamental freedoms and defeat Donald Trump and MAGA Republicans this election. Take action at go.kamalaharris.com.
--------------------------------------
Follow Vice President Kamala Harris!

Kamala's Twitter: https://twitter.com/KamalaHarris
Kamala's Tiktok: www.tiktok.com/@kamalaharris
Kamala’s Instagram: https://www.instagram.com/KamalaHarris  
Kamala's Twitch: https://www.twitch.tv/kamalaharris
Kamala's Facebook: https://www.facebook.com/KamalaHarris
Kamala's Threads: https://www.threads.net/@kamalaharris

#KamalaHarris #Harris2024",96687,1904,329,public,https://www.youtube.com/watch?v=d2XrDzXwmQI,2026-10-03T08:46:11+00:00
Kamala Harris,民主党,候选人阵营,youtube,harris,UC0XBsJpPhOLg0k4x9ZwrWzw,XokApnr_Cak,2024-09-25T20:16:53+00:00,2024-09-25,streams,True,none,2745,"Vice President Kamala Harris on the Economy - Live from Pittsburgh, Pennsylvania | Harris-Walz 2024","Join Vice President Kamala Harris in Pittsburgh, Pennsylvania as she speaks about building an economy that will work for all Americans.

Help Vice President Kamala Harris and Governor Tim Walz protect our fundamental freedoms and defeat Donald Trump and the Republicans this election. Take action at go.kamalaharris.com.

For ASL feed, please tune in here: https://us06web.zoom.us/j/84241286669

Help Vice President Kamala Harris and Governor Tim Walz put policies in place that protect our fundamental freedoms and defeat Donald Trump and MAGA Republicans this election. Take action at go.kamalaharris.com.
--------------------------------------
Follow Vice President Kamala Harris!

Kamala's Twitter: https://twitter.com/KamalaHarris
Kamala's Tiktok: www.tiktok.com/@kamalaharris
Kamala’s Instagram: https://www.instagram.com/KamalaHarris  
Kamala's Twitch: https://www.twitch.tv/kamalaharris
Kamala's Facebook: https://www.facebook.com/KamalaHarris
Kamala's Threads: https://www.threads.net/@kamalaharris

#KamalaHarris #Harris2024",176687,7405,2015,public,https://www.youtube.com/watch?v=XokApnr_Cak,2026-10-03T08:46:11+00:00
Kamala Harris,民主党,候选人阵营,youtube,harris,UC0XBsJpPhOLg0k4x9ZwrWzw,vS2lOVuFHn0,2024-09-27T16:32:11+00:00,2024-09-27,videos,False,none,31,Never Backed Down | Harris-Walz 2024,"Help Vice President Kamala Harris and Governor Tim Walz put policies in place that protect our fundamental freedoms and defeat Donald Trump and MAGA Republicans this election. Take action at go.kamalaharris.com.
--------------------------------------
Follow Vice President Kamala Harris!

Kamala's Twitter: https://twitter.com/KamalaHarris
Kamala's Tiktok: www.tiktok.com/@kamalaharris
Kamala’s Instagram: https://www.instagram.com/KamalaHarris  
Kamala's Twitch: https://www.twitch.tv/kamalaharris
Kamala's Facebook: https://www.facebook.com/KamalaHarris
Kamala's Threads: https://www.threads.net/@kamalaharris

#KamalaHarris #Harris2024",41361,3762,787,public,https://www.youtube.com/watch?v=vS2lOVuFHn0,2026-10-03T08:46:11+00:00
Kamala Harris,民主党,候选人阵营,youtube,harris,UC0XBsJpPhOLg0k4x9ZwrWzw,QeGWT7ard5U,2024-09-28T00:39:03+00:00,2024-09-27,streams,True,none,1804,"Vice President Kamala Harris Delivers Remarks from Douglas, AZ | Harris-Walz 2024","Join Vice President Kamala Harris in Douglas, Arizona, as she speaks about what is at stake in this election. 

Help Vice President Kamala Harris and Governor Tim Walz protect our fundamental freedoms and defeat Donald Trump and the Republicans this election. Take action at go.kamalaharris.com.

For ASL feed, please tune in here: https://us06web.zoom.us/j/86567516354
--------------------------------------
Follow Vice President Kamala Harris!

Kamala's Twitter: https://twitter.com/KamalaHarris
Kamala's Tiktok: www.tiktok.com/@kamalaharris
Kamala’s Instagram: https://www.instagram.com/KamalaHarris  
Kamala's Twitch: https://www.twitch.tv/kamalaharris
Kamala's Facebook: https://www.facebook.com/KamalaHarris
Kamala's Threads: https://www.threads.net/@kamalaharris

#KamalaHarris #Harris2024",178859,8836,1713,public,https://www.youtube.com/watch?v=QeGWT7ard5U,2026-10-03T08:46:11+00:00
Kamala Harris,民主党,候选人阵营,youtube,harris,UC0XBsJpPhOLg0k4x9ZwrWzw,YEOVT4DhZC0,2024-09-28T16:53:55+00:00,2024-09-28,videos,False,none,31,Say It To My Face | Harris-Walz 2024,"Help Vice President Kamala Harris and Governor Tim Walz put policies in place that protect our fundamental freedoms and defeat Donald Trump and MAGA Republicans this election. Take action at go.kamalaharris.com.
--------------------------------------
Follow Vice President Kamala Harris!

Kamala's Twitter: https://twitter.com/KamalaHarris
Kamala's Tiktok: www.tiktok.com/@kamalaharris
Kamala’s Instagram: https://www.instagram.com/KamalaHarris  
Kamala's Twitch: https://www.twitch.tv/kamalaharris
Kamala's Facebook: https://www.facebook.com/KamalaHarris
Kamala's Threads: https://www.threads.net/@kamalaharris

#KamalaHarris #Harris2024",271261,8673,2279,public,https://www.youtube.com/watch?v=YEOVT4DhZC0,2026-10-03T08:46:11+00:00
Kamala Harris,民主党,候选人阵营,youtube,harris,UC0XBsJpPhOLg0k4x9ZwrWzw,Q3cr9Zq0axM,2024-09-30T03:24:59+00:00,2024-09-29,streams,True,none,2052,"Vice President Kamala Harris Campaign Rally in Las Vegas, Nevada | Harris-Walz 2024","Join Vice President Kamala Harris in Las Vegas as she shares her vision for a brighter future with voters. 

Help Vice President Kamala Harris and Governor Tim Walz protect our fundamental freedoms and defeat Donald Trump and the Republicans this election. Take action at go.kamalaharris.com.

For ASL feed, please tune in here: https://us06web.zoom.us/j/82118987466
--------------------------------------
Follow Vice President Kamala Harris!

Kamala's Twitter: https://twitter.com/KamalaHarris
Kamala's Tiktok: www.tiktok.com/@kamalaharris
Kamala’s Instagram: https://www.instagram.com/KamalaHarris  
Kamala's Twitch: https://www.twitch.tv/kamalaharris
Kamala's Facebook: https://www.facebook.com/KamalaHarris
Kamala's Threads: https://www.threads.net/@kamalaharris

#KamalaHarris #Harris2024",227145,10060,1611,public,https://www.youtube.com/watch?v=Q3cr9Zq0axM,2026-10-03T08:46:11+00:00
Kamala Harris,民主党,候选人阵营,youtube,harris,UC0XBsJpPhOLg0k4x9ZwrWzw,lJoa2SV8LsE,2024-09-30T04:54:54+00:00,2024-09-30,videos,False,none,433,"Vice President Kamala Harris Visits Savannah, Georgia | Harris-Walz 2024","Help Vice President Kamala Harris and Governor Tim Walz put policies in place that protect our fundamental freedoms and defeat Donald Trump and MAGA Republicans this election. Take action at go.kamalaharris.com.

--------------------------------------
Follow Vice President Kamala Harris!

Kamala's Twitter: https://twitter.com/KamalaHarris
Kamala's Tiktok: www.tiktok.com/@kamalaharris
Kamala’s Instagram: https://www.instagram.com/KamalaHarris  
Kamala's Twitch: https://www.twitch.tv/kamalaharris
Kamala's Facebook: https://www.facebook.com/KamalaHarris
Kamala's Threads: https://www.threads.net/@kamalaharris

#KamalaHarris #Harris2024",89050,5299,1407,public,https://www.youtube.com/watch?v=lJoa2SV8LsE,2026-10-03T08:46:11+00:00
Kamala Harris,民主党,候选人阵营,youtube,harris,UC0XBsJpPhOLg0k4x9ZwrWzw,oPk8d1jA34k,2024-10-01T13:09:48+00:00,2024-10-01,videos,False,none,61,Concepts Of A Plan | Harris-Walz 2024,"Help Vice President Kamala Harris and Governor Tim Walz put policies in place that protect our fundamental freedoms and defeat Donald Trump and MAGA Republicans this election. Take action at go.kamalaharris.com.
--------------------------------------
Follow Vice President Kamala Harris!

Kamala's Twitter: https://twitter.com/KamalaHarris
Kamala's Tiktok: www.tiktok.com/@kamalaharris
Kamala’s Instagram: https://www.instagram.com/KamalaHarris  
Kamala's Twitch: https://www.twitch.tv/kamalaharris
Kamala's Facebook: https://www.facebook.com/KamalaHarris
Kamala's Threads: https://www.threads.net/@kamalaharris

#KamalaHarris #Harris2024",131598,6363,1032,public,https://www.youtube.com/watch?v=oPk8d1jA34k,2026-10-03T08:46:11+00:00
Kamala Harris,民主党,候选人阵营,youtube,harris,UC0XBsJpPhOLg0k4x9ZwrWzw,dtjA8nNnCEI,2024-10-02T01:03:23+00:00,2024-10-01,streams,True,none,3129,LIVE | Governor Tim Walz VP Debate Watch Party,"Join supporters across the country for a live debate night watch party for Governor Tim Walz.   

Tonight, Governor Walz will come to the debate prepared to deliver Vice President Kamala Harris’ vision of a new way forward for our country. It is time to turn the page on Donald Trump and JD Vance. It is time to build a future where our freedoms are protected and anything is possible with hard work and ambition.

For ASL feed, please tune in here: https://us06web.zoom.us/j/85296461985
--------------------------------------
Follow Vice President Kamala Harris!

Kamala's Twitter: https://twitter.com/KamalaHarris
Kamala's Tiktok: www.tiktok.com/@kamalaharris
Kamala’s Instagram: https://www.instagram.com/KamalaHarris  
Kamala's Twitch: https://www.twitch.tv/kamalaharris
Kamala's Facebook: https://www.facebook.com/KamalaHarris
Kamala's Threads: https://www.threads.net/@kamalaharris

#KamalaHarris #Harris2024",306532,6506,601,public,https://www.youtube.com/watch?v=dtjA8nNnCEI,2026-10-03T08:46:11+00:00
Kamala Harris,民主党,候选人阵营,youtube,harris,UC0XBsJpPhOLg0k4x9ZwrWzw,VJXxW5b90IM,2024-10-02T01:10:02+00:00,2024-10-01,videos,False,none,3045,Governor Tim Walz VP Debate Watch Party,"Join supporters across the country for a live debate night watch party for Governor Tim Walz.   

Tonight, Governor Walz will come to the debate prepared to deliver Vice President Kamala Harris’ vision of a new way forward for our country. It is time to turn the page on Donald Trump and JD Vance. It is time to build a future where our freedoms are protected and anything is possible with hard work and ambition.

For ASL feed, please tune in here: https://us06web.zoom.us/j/85296461985
--------------------------------------
Follow Vice President Kamala Harris!

Kamala's Twitter: https://twitter.com/KamalaHarris
Kamala's Tiktok: www.tiktok.com/@kamalaharris
Kamala’s Instagram: https://www.instagram.com/KamalaHarris  
Kamala's Twitch: https://www.twitch.tv/kamalaharris
Kamala's Facebook: https://www.facebook.com/KamalaHarris
Kamala's Threads: https://www.threads.net/@kamalaharris

#KamalaHarris #Harris2024",16489,884,371,public,https://www.youtube.com/watch?v=VJXxW5b90IM,2026-10-03T08:46:11+00:00
Kamala Harris,民主党,候选人阵营,youtube,harris,UC0XBsJpPhOLg0k4x9ZwrWzw,tfZzGFzFFRY,2024-10-02T20:40:39+00:00,2024-10-02,videos,False,none,61,Better Off Dying | Harris-Walz 2024,"Help Vice President Kamala Harris and Governor Tim Walz put policies in place that protect our fundamental freedoms and defeat Donald Trump and MAGA Republicans this election. Take action at go.kamalaharris.com.
--------------------------------------
Follow Vice President Kamala Harris!

Kamala's Twitter: https://twitter.com/KamalaHarris
Kamala's Tiktok: www.tiktok.com/@kamalaharris
Kamala’s Instagram: https://www.instagram.com/KamalaHarris  
Kamala's Twitch: https://www.twitch.tv/kamalaharris
Kamala's Facebook: https://www.facebook.com/KamalaHarris
Kamala's Threads: https://www.threads.net/@kamalaharris

#KamalaHarris #Harris2024",228243,12742,955,public,https://www.youtube.com/watch?v=tfZzGFzFFRY,2026-10-03T08:46:11+00:00
Kamala Harris,民主党,候选人阵营,youtube,harris,UC0XBsJpPhOLg0k4x9ZwrWzw,yPlz-Qf-pJU,2024-10-02T20:41:04+00:00,2024-10-02,videos,False,none,31,Saved My Life | Harris-Walz 2024,"Help Vice President Kamala Harris and Governor Tim Walz put policies in place that protect our fundamental freedoms and defeat Donald Trump and MAGA Republicans this election. Take action at go.kamalaharris.com.
--------------------------------------
Follow Vice President Kamala Harris!

Kamala's Twitter: https://twitter.com/KamalaHarris
Kamala's Tiktok: www.tiktok.com/@kamalaharris
Kamala’s Instagram: https://www.instagram.com/KamalaHarris  
Kamala's Twitch: https://www.twitch.tv/kamalaharris
Kamala's Facebook: https://www.facebook.com/KamalaHarris
Kamala's Threads: https://www.threads.net/@kamalaharris

#KamalaHarris #Harris2024",22108,2036,298,public,https://www.youtube.com/watch?v=yPlz-Qf-pJU,2026-10-03T08:46:11+00:00
Kamala Harris,民主党,候选人阵营,youtube,harris,UC0XBsJpPhOLg0k4x9ZwrWzw,DiIN7vPvbdQ,2024-10-03T13:26:46+00:00,2024-10-03,videos,False,none,61,Unstable Threat | Harris-Walz 2024,"Help Vice President Kamala Harris and Governor Tim Walz put policies in place that protect our fundamental freedoms and defeat Donald Trump and MAGA Republicans this election. Take action at go.kamalaharris.com.
--------------------------------------
Follow Vice President Kamala Harris!

Kamala's Twitter: https://twitter.com/KamalaHarris
Kamala's Tiktok: www.tiktok.com/@kamalaharris
Kamala’s Instagram: https://www.instagram.com/KamalaHarris  
Kamala's Twitch: https://www.twitch.tv/kamalaharris
Kamala's Facebook: https://www.facebook.com/KamalaHarris
Kamala's Threads: https://www.threads.net/@kamalaharris

#KamalaHarris #Harris2024",103867,7632,719,public,https://www.youtube.com/watch?v=DiIN7vPvbdQ,2026-10-03T08:46:11+00:00
Kamala Harris,民主党,候选人阵营,youtube,harris,UC0XBsJpPhOLg0k4x9ZwrWzw,bugo6K7G0PE,2024-10-03T14:26:37+00:00,2024-10-03,shorts,False,none,15,"While in Augusta, Georgia yesterday, I spoke with people impacted by Hurricane Helene.","Over the past few days, communities in the southeast have endured destruction and devastation.

While in Augusta, Georgia yesterday, I spoke with people impacted by Hurricane Helene, and received briefings from those who are working around the clock to help folks on the ground. We will continue to do everything we can to help communities recover.",94864,8157,1112,public,https://www.youtube.com/watch?v=bugo6K7G0PE,2026-10-03T08:46:11+00:00
Kamala Harris,民主党,候选人阵营,youtube,harris,UC0XBsJpPhOLg0k4x9ZwrWzw,44xtbK9n44M,2024-10-03T16:01:19+00:00,2024-10-03,shorts,False,none,32,The burden of these natural disasters on local and state governments has been immense.,"The burden of these natural disasters on local and state governments has been immense. 

Yesterday, we announced that the federal government will reimburse 100% of local costs to get relief to those impacted by Hurricane Helene as quickly as possible.",57881,3457,420,public,https://www.youtube.com/watch?v=44xtbK9n44M,2026-10-03T08:46:11+00:00
Kamala Harris,民主党,候选人阵营,youtube,harris,UC0XBsJpPhOLg0k4x9ZwrWzw,AJIPyi5tmdk,2024-10-03T16:26:02+00:00,2024-10-03,videos,False,none,31,Protect | Harris-Walz 2024,"Help Vice President Kamala Harris and Governor Tim Walz put policies in place that protect our fundamental freedoms and defeat Donald Trump and MAGA Republicans this election. Take action at go.kamalaharris.com.
--------------------------------------
Follow Vice President Kamala Harris!

Kamala's Twitter: https://twitter.com/KamalaHarris
Kamala's Tiktok: www.tiktok.com/@kamalaharris
Kamala’s Instagram: https://www.instagram.com/KamalaHarris  
Kamala's Twitch: https://www.twitch.tv/kamalaharris
Kamala's Facebook: https://www.facebook.com/KamalaHarris
Kamala's Threads: https://www.threads.net/@kamalaharris

#KamalaHarris #Harris2024",33490,3525,,public,https://www.youtube.com/watch?v=AJIPyi5tmdk,2026-10-03T08:46:11+00:00
Kamala Harris,民主党,候选人阵营,youtube,harris,UC0XBsJpPhOLg0k4x9ZwrWzw,C-5RYB6l0z0,2024-10-03T18:59:32+00:00,2024-10-03,shorts,False,none,7,President Biden and I will continue to make sure that communities have the support that they need.,"President Biden and I will continue to make sure that communities have the support and the resources that they need not only to respond to this storm and its immediate aftermath, but also the resources they will need to recover.",1915155,30670,2749,public,https://www.youtube.com/watch?v=C-5RYB6l0z0,2026-10-03T08:46:11+00:00
Kamala Harris,民主党,候选人阵营,youtube,harris,UC0XBsJpPhOLg0k4x9ZwrWzw,k3qoE-F_X8w,2024-10-03T19:15:16+00:00,2024-10-03,videos,False,none,31,Who Does That? | Harris-Walz 2024,"Help Vice President Kamala Harris and Governor Tim Walz put policies in place that protect our fundamental freedoms and defeat Donald Trump and MAGA Republicans this election. Take action at go.kamalaharris.com.
--------------------------------------
Follow Vice President Kamala Harris!

Kamala's Twitter: https://twitter.com/KamalaHarris
Kamala's Tiktok: www.tiktok.com/@kamalaharris
Kamala’s Instagram: https://www.instagram.com/KamalaHarris  
Kamala's Twitch: https://www.twitch.tv/kamalaharris
Kamala's Facebook: https://www.facebook.com/KamalaHarris
Kamala's Threads: https://www.threads.net/@kamalaharris

#KamalaHarris #Harris2024",165837,2280,231,public,https://www.youtube.com/watch?v=k3qoE-F_X8w,2026-10-03T08:46:11+00:00
Kamala Harris,民主党,候选人阵营,youtube,harris,UC0XBsJpPhOLg0k4x9ZwrWzw,C9uzn8eEp08,2024-10-03T19:16:23+00:00,2024-10-03,videos,False,none,31,Matt McCaffery | Harris-Walz 2024,"Help Vice President Kamala Harris and Governor Tim Walz put policies in place that protect our fundamental freedoms and defeat Donald Trump and MAGA Republicans this election. Take action at go.kamalaharris.com.
--------------------------------------
Follow Vice President Kamala Harris!

Kamala's Twitter: https://twitter.com/KamalaHarris
Kamala's Tiktok: www.tiktok.com/@kamalaharris
Kamala’s Instagram: https://www.instagram.com/KamalaHarris  
Kamala's Twitch: https://www.twitch.tv/kamalaharris
Kamala's Facebook: https://www.facebook.com/KamalaHarris
Kamala's Threads: https://www.threads.net/@kamalaharris

#KamalaHarris #Harris2024",164892,1366,194,public,https://www.youtube.com/watch?v=C9uzn8eEp08,2026-10-03T08:46:11+00:00
Kamala Harris,民主党,候选人阵营,youtube,harris,UC0XBsJpPhOLg0k4x9ZwrWzw,rV8IgxBb5MI,2024-10-03T22:04:49+00:00,2024-10-03,videos,False,none,31,Simple Math | Harris-Walz 2024,"Help Vice President Kamala Harris and Governor Tim Walz put policies in place that protect our fundamental freedoms and defeat Donald Trump and MAGA Republicans this election. Take action at go.kamalaharris.com.
--------------------------------------
Follow Vice President Kamala Harris!

Kamala's Twitter: https://twitter.com/KamalaHarris
Kamala's Tiktok: www.tiktok.com/@kamalaharris
Kamala’s Instagram: https://www.instagram.com/KamalaHarris  
Kamala's Twitch: https://www.twitch.tv/kamalaharris
Kamala's Facebook: https://www.facebook.com/KamalaHarris
Kamala's Threads: https://www.threads.net/@kamalaharris

#KamalaHarris #Harris2024",23541,2283,463,public,https://www.youtube.com/watch?v=rV8IgxBb5MI,2026-10-03T08:46:11+00:00
Kamala Harris,民主党,候选人阵营,youtube,harris,UC0XBsJpPhOLg0k4x9ZwrWzw,N2uB5wCm6kQ,2024-10-03T22:05:58+00:00,2024-10-03,videos,False,none,31,Has Our Backs | Harris-Walz 2024,"--------------------------------------
Follow Kamala!

Kamala's Twitter: https://twitter.com/KamalaHarris
Kamala's Facebook: https://www.facebook.com/KamalaHarris
Kamala’s Instagram: https://www.instagram.com/KamalaHarris  
Kamala's Threads: https://www.threads.net/@kamalaharris

#KamalaHarris #Harris2024",20728,2148,645,public,https://www.youtube.com/watch?v=N2uB5wCm6kQ,2026-10-03T08:46:11+00:00
Kamala Harris,民主党,候选人阵营,youtube,harris,UC0XBsJpPhOLg0k4x9ZwrWzw,1JPBKKfc3Ok,2024-10-03T23:08:35+00:00,2024-10-03,streams,True,none,2917,VP Kamala Harris and Congresswoman Liz Cheney Live from Ripon Event | Harris-Walz 2024,"So many Americans know what is at stake in this election. 

Vice President Kamala Harris and Congresswoman Liz Cheney deliver speeches live from Ripon, WI. Tune in now.

For ASL feed, please tune in here: https://us06web.zoom.us/j/82134948062
--------------------------------------
Follow Vice President Kamala Harris!

Kamala's Twitter: https://twitter.com/KamalaHarris
Kamala's Tiktok: www.tiktok.com/@kamalaharris
Kamala’s Instagram: https://www.instagram.com/KamalaHarris  
Kamala's Twitch: https://www.twitch.tv/kamalaharris
Kamala's Facebook: https://www.facebook.com/KamalaHarris
Kamala's Threads: https://www.threads.net/@kamalaharris

#KamalaHarris #Harris2024",276897,12718,1333,public,https://www.youtube.com/watch?v=1JPBKKfc3Ok,2026-10-03T08:46:11+00:00
Kamala Harris,民主党,候选人阵营,youtube,harris,UC0XBsJpPhOLg0k4x9ZwrWzw,a4mEKdROVOo,2024-10-04T18:29:43+00:00,2024-10-04,streams,True,none,1329,"LIVE | VP Kamala Harris Delivers Remarks in Detroit, Michigan","As president, Kamala Harris will continue to fight for American workers. 

Watch Vice President Kamala Harris deliver remarks live from Detroit, Michigan.

For ASL feed, please tune in here: https://us06web.zoom.us/j/82704359768
--------------------------------------
Follow Vice President Kamala Harris!

Kamala's Twitter: https://twitter.com/KamalaHarris
Kamala's Tiktok: www.tiktok.com/@kamalaharris
Kamala’s Instagram: https://www.instagram.com/KamalaHarris  
Kamala's Twitch: https://www.twitch.tv/kamalaharris
Kamala's Facebook: https://www.facebook.com/KamalaHarris
Kamala's Threads: https://www.threads.net/@kamalaharris

#KamalaHarris #Harris2024",82153,4239,629,public,https://www.youtube.com/watch?v=a4mEKdROVOo,2026-10-03T08:46:11+00:00
Kamala Harris,民主党,候选人阵营,youtube,harris,UC0XBsJpPhOLg0k4x9ZwrWzw,gVzjoxj-ZQQ,2024-10-04T22:32:28+00:00,2024-10-04,streams,True,none,3644,"Rally in Flint, MI for VP Kamala Harris | Harris-Walz 2024","As president, Kamala Harris will fight for every American—no matter how they vote. Don’t miss her rally in Flint, Michigan where she will outline her plans to stand up for our nation’s values and protect our rights. Watch now.

Ready to help Vice President Kamala Harris and Governor Tim Walz defeat Donald Trump and the MAGA Republicans this election? Head over to go.kamalaharris.com and get more information on volunteer opportunities and events near you.
--------------------------------------
Follow Vice President Kamala Harris!

Kamala's Twitter: https://twitter.com/KamalaHarris
Kamala's Tiktok: www.tiktok.com/@kamalaharris
Kamala’s Instagram: https://www.instagram.com/KamalaHarris  
Kamala's Twitch: https://www.twitch.tv/kamalaharris
Kamala's Facebook: https://www.facebook.com/KamalaHarris
Kamala's Threads: https://www.threads.net/@kamalaharris

#KamalaHarris #Harris2024 

For ASL feed, please tune in here: https://us06web.zoom.us/j/85035012432",208330,8070,1984,public,https://www.youtube.com/watch?v=gVzjoxj-ZQQ,2026-10-03T08:46:11+00:00
Kamala Harris,民主党,候选人阵营,youtube,harris,UC0XBsJpPhOLg0k4x9ZwrWzw,MmYw5mQtgYM,2024-10-04T23:40:34+00:00,2024-10-04,shorts,False,none,48,Our HBCUs are centers of academic excellence.,"Our HBCUs are centers of academic excellence, and I have fought to make sure they are funded as such.",37586,2849,283,public,https://www.youtube.com/watch?v=MmYw5mQtgYM,2026-10-03T08:46:11+00:00
Kamala Harris,民主党,候选人阵营,youtube,harris,UC0XBsJpPhOLg0k4x9ZwrWzw,EWn9wU_FvZE,2024-10-04T23:43:42+00:00,2024-10-04,shorts,False,none,9,"Marking 32 days left till Election Day with #32. Great seeing you, Magic!",Go to IWillVote.com!,74210,6541,886,public,https://www.youtube.com/watch?v=EWn9wU_FvZE,2026-10-03T08:46:11+00:00
Kamala Harris,民主党,候选人阵营,youtube,harris,UC0XBsJpPhOLg0k4x9ZwrWzw,uxJ_jxbWI4A,2024-10-06T13:56:28+00:00,2024-10-06,shorts,False,none,10,It was good to be back in Michigan.,"Help Vice President Kamala Harris and Governor Tim Walz put policies in place that protect our fundamental freedoms and defeat Donald Trump and MAGA Republicans this election. Take action at go.kamalaharris.com.
--------------------------------------
Follow Vice President Kamala Harris!

Kamala's Twitter: https://twitter.com/KamalaHarris
Kamala's Tiktok: www.tiktok.com/@kamalaharris
Kamala’s Instagram: https://www.instagram.com/KamalaHarris  
Kamala's Twitch: https://www.twitch.tv/kamalaharris
Kamala's Facebook: https://www.facebook.com/KamalaHarris
Kamala's Threads: https://www.threads.net/@kamalaharris

#KamalaHarris #Harris2024",204772,10061,756,public,https://www.youtube.com/watch?v=uxJ_jxbWI4A,2026-10-03T08:46:11+00:00
Kamala Harris,民主党,候选人阵营,youtube,harris,UC0XBsJpPhOLg0k4x9ZwrWzw,ENpK4SXH0oY,2024-10-06T14:40:55+00:00,2024-10-06,shorts,False,none,30,"I am so thankful for our firefighters' character, service, and dedication to our communities.","My brother-in-law just retired as a firefighter. I’ve seen what it means for someone to step into the firehouse to work a long, unpredictable, and dangerous shift to help people they’ve never met.

I am so thankful for their character, service, and dedication to our communities.
--------------------------------------
Follow Vice President Kamala Harris!

Kamala's Twitter: https://twitter.com/KamalaHarris
Kamala's Tiktok: www.tiktok.com/@kamalaharris
Kamala’s Instagram: https://www.instagram.com/KamalaHarris  
Kamala's Twitch: https://www.twitch.tv/kamalaharris
Kamala's Facebook: https://www.facebook.com/KamalaHarris
Kamala's Threads: https://www.threads.net/@kamalaharris

#KamalaHarris #Harris2024",39100,4434,391,public,https://www.youtube.com/watch?v=ENpK4SXH0oY,2026-10-03T08:46:11+00:00
Kamala Harris,民主党,候选人阵营,youtube,harris,UC0XBsJpPhOLg0k4x9ZwrWzw,-vEE44TNMqE,2024-10-06T19:35:35+00:00,2024-10-06,videos,False,none,31,Bombshell | Harris-Walz 2024,"Help Vice President Kamala Harris and Governor Tim Walz put policies in place that protect our fundamental freedoms and defeat Donald Trump and MAGA Republicans this election. Take action at go.kamalaharris.com.
--------------------------------------
Follow Vice President Kamala Harris!

Kamala's Twitter: https://twitter.com/KamalaHarris
Kamala's Tiktok: www.tiktok.com/@kamalaharris
Kamala’s Instagram: https://www.instagram.com/KamalaHarris  
Kamala's Twitch: https://www.twitch.tv/kamalaharris
Kamala's Facebook: https://www.facebook.com/KamalaHarris
Kamala's Threads: https://www.threads.net/@kamalaharris

#KamalaHarris #Harris2024",177626,7018,1022,public,https://www.youtube.com/watch?v=-vEE44TNMqE,2026-10-03T08:46:11+00:00
Kamala Harris,民主党,候选人阵营,youtube,harris,UC0XBsJpPhOLg0k4x9ZwrWzw,CPK_S88uSKE,2024-10-06T21:05:03+00:00,2024-10-06,shorts,False,none,59,Can you think of any law that gives the government the power to make a decision about a man’s body?,"Help Vice President Kamala Harris and Governor Tim Walz put policies in place that protect our fundamental freedoms and defeat Donald Trump and MAGA Republicans this election. Take action at go.kamalaharris.com.
--------------------------------------
Follow Vice President Kamala Harris!

Kamala's Twitter: https://twitter.com/KamalaHarris
Kamala's Tiktok: www.tiktok.com/@kamalaharris
Kamala’s Instagram: https://www.instagram.com/KamalaHarris  
Kamala's Twitch: https://www.twitch.tv/kamalaharris
Kamala's Facebook: https://www.facebook.com/KamalaHarris
Kamala's Threads: https://www.threads.net/@kamalaharris

#KamalaHarris #Harris2024",1368179,56596,5476,public,https://www.youtube.com/watch?v=CPK_S88uSKE,2026-10-03T08:46:11+00:00
Kamala Harris,民主党,候选人阵营,youtube,harris,UC0XBsJpPhOLg0k4x9ZwrWzw,Khg_JvrIqLk,2024-10-06T23:14:06+00:00,2024-10-06,shorts,False,none,57,The government or Donald Trump shouldn’t be telling women what to do with their bodies.,"Help Vice President Kamala Harris and Governor Tim Walz put policies in place that protect our fundamental freedoms and defeat Donald Trump and MAGA Republicans this election. Take action at go.kamalaharris.com.
--------------------------------------
Follow Vice President Kamala Harris!

Kamala's Twitter: https://twitter.com/KamalaHarris
Kamala's Tiktok: www.tiktok.com/@kamalaharris
Kamala’s Instagram: https://www.instagram.com/KamalaHarris  
Kamala's Twitch: https://www.twitch.tv/kamalaharris
Kamala's Facebook: https://www.facebook.com/KamalaHarris
Kamala's Threads: https://www.threads.net/@kamalaharris

#KamalaHarris #Harris2024",112924,9729,611,public,https://www.youtube.com/watch?v=Khg_JvrIqLk,2026-10-03T08:46:11+00:00
Kamala Harris,民主党,候选人阵营,youtube,harris,UC0XBsJpPhOLg0k4x9ZwrWzw,h24J3pasFkM,2024-10-07T00:33:52+00:00,2024-10-06,shorts,False,none,31,I am grateful for the support of Liz Cheney and so many who have chosen to put country over party.,"Help Vice President Kamala Harris and Governor Tim Walz put policies in place that protect our fundamental freedoms and defeat Donald Trump and MAGA Republicans this election. Take action at go.kamalaharris.com.
--------------------------------------
Follow Vice President Kamala Harris!

Kamala's Twitter: https://twitter.com/KamalaHarris
Kamala's Tiktok: www.tiktok.com/@kamalaharris
Kamala’s Instagram: https://www.instagram.com/KamalaHarris  
Kamala's Twitch: https://www.twitch.tv/kamalaharris
Kamala's Facebook: https://www.facebook.com/KamalaHarris
Kamala's Threads: https://www.threads.net/@kamalaharris

#KamalaHarris #Harris2024",598648,34797,2336,public,https://www.youtube.com/watch?v=h24J3pasFkM,2026-10-03T08:46:11+00:00
Kamala Harris,民主党,候选人阵营,youtube,harris,UC0XBsJpPhOLg0k4x9ZwrWzw,rdX_9ySuU_s,2024-10-07T12:24:54+00:00,2024-10-07,videos,False,none,61,Big Family | Harris-Walz 2024,"--------------------------------------
Follow Kamala!

Kamala's Twitter: https://twitter.com/KamalaHarris
Kamala's Facebook: https://www.facebook.com/KamalaHarris
Kamala’s Instagram: https://www.instagram.com/KamalaHarris  
Kamala's Threads: https://www.threads.net/@kamalaharris

#KamalaHarris #Harris2024",12124,1978,245,public,https://www.youtube.com/watch?v=rdX_9ySuU_s,2026-10-03T08:46:11+00:00
Kamala Harris,民主党,候选人阵营,youtube,harris,UC0XBsJpPhOLg0k4x9ZwrWzw,6xWujCula1c,2024-10-07T12:27:07+00:00,2024-10-07,videos,False,none,31,Taking A Gamble | Harris-Walz 2024,"--------------------------------------
Follow Kamala!

Kamala's Twitter: https://twitter.com/KamalaHarris
Kamala's Facebook: https://www.facebook.com/KamalaHarris
Kamala’s Instagram: https://www.instagram.com/KamalaHarris  
Kamala's Threads: https://www.threads.net/@kamalaharris

#KamalaHarris #Harris2024",15470,2119,234,public,https://www.youtube.com/watch?v=6xWujCula1c,2026-10-03T08:46:11+00:00
Kamala Harris,民主党,候选人阵营,youtube,harris,UC0XBsJpPhOLg0k4x9ZwrWzw,yt4Dp12_Wc0,2024-10-07T17:08:33+00:00,2024-10-07,videos,False,none,31,Believe | Harris 2024,"--------------------------------------
Follow Kamala!

Kamala's Twitter: https://twitter.com/KamalaHarris
Kamala's Facebook: https://www.facebook.com/KamalaHarris
Kamala’s Instagram: https://www.instagram.com/KamalaHarris  
Kamala's Threads: https://www.threads.net/@kamalaharris

#KamalaHarris #Harris2024",239843,2377,271,public,https://www.youtube.com/watch?v=yt4Dp12_Wc0,2026-10-03T08:46:11+00:00
Kamala Harris,民主党,候选人阵营,youtube,harris,UC0XBsJpPhOLg0k4x9ZwrWzw,ng4KCtfc9VQ,2024-10-07T17:12:28+00:00,2024-10-07,videos,False,none,31,Mom | Harris-Walz 2024,"Help Vice President Kamala Harris and Governor Tim Walz put policies in place that protect our fundamental freedoms and defeat Donald Trump and MAGA Republicans this election. Take action at go.kamalaharris.com.
--------------------------------------
Follow Vice President Kamala Harris!

Kamala's Twitter: https://twitter.com/KamalaHarris
Kamala's Tiktok: www.tiktok.com/@kamalaharris
Kamala’s Instagram: https://www.instagram.com/KamalaHarris  
Kamala's Twitch: https://www.twitch.tv/kamalaharris
Kamala's Facebook: https://www.facebook.com/KamalaHarris
Kamala's Threads: https://www.threads.net/@kamalaharris

#KamalaHarris #Harris2024",172664,1211,158,public,https://www.youtube.com/watch?v=ng4KCtfc9VQ,2026-10-03T08:46:11+00:00
Kamala Harris,民主党,候选人阵营,youtube,harris,UC0XBsJpPhOLg0k4x9ZwrWzw,EHRoa_5x_CA,2024-10-07T17:16:37+00:00,2024-10-07,videos,False,none,61,Your Plans | Harris-Walz 2024,"Help Vice President Kamala Harris and Governor Tim Walz put policies in place that protect our fundamental freedoms and defeat Donald Trump and MAGA Republicans this election. Take action at go.kamalaharris.com.
--------------------------------------
Follow Vice President Kamala Harris!

Kamala's Twitter: https://twitter.com/KamalaHarris
Kamala's Tiktok: www.tiktok.com/@kamalaharris
Kamala’s Instagram: https://www.instagram.com/KamalaHarris  
Kamala's Twitch: https://www.twitch.tv/kamalaharris
Kamala's Facebook: https://www.facebook.com/KamalaHarris
Kamala's Threads: https://www.threads.net/@kamalaharris

#KamalaHarris #Harris2024",7311,995,213,public,https://www.youtube.com/watch?v=EHRoa_5x_CA,2026-10-03T08:46:11+00:00
Kamala Harris,民主党,候选人阵营,youtube,harris,UC0XBsJpPhOLg0k4x9ZwrWzw,8HGYSVBDryQ,2024-10-07T17:17:31+00:00,2024-10-07,videos,False,none,61,History | Harris-Walz 2024,"Help Vice President Kamala Harris and Governor Tim Walz put policies in place that protect our fundamental freedoms and defeat Donald Trump and MAGA Republicans this election. Take action at go.kamalaharris.com.
--------------------------------------
Follow Vice President Kamala Harris!

Kamala's Twitter: https://twitter.com/KamalaHarris
Kamala's Tiktok: www.tiktok.com/@kamalaharris
Kamala’s Instagram: https://www.instagram.com/KamalaHarris  
Kamala's Twitch: https://www.twitch.tv/kamalaharris
Kamala's Facebook: https://www.facebook.com/KamalaHarris
Kamala's Threads: https://www.threads.net/@kamalaharris

#KamalaHarris #Harris2024",15428,1725,563,public,https://www.youtube.com/watch?v=8HGYSVBDryQ,2026-10-03T08:46:11+00:00
Kamala Harris,民主党,候选人阵营,youtube,harris,UC0XBsJpPhOLg0k4x9ZwrWzw,u_7DsDO7znw,2024-10-07T18:18:43+00:00,2024-10-07,shorts,False,none,57,"Federal, state, and local governments are working to coordinate our approach to Hurricane Helene.","Federal, state, and local governments are working hand-in-hand to coordinate our approach to Hurricane Helene and ensure the communities impacted are getting the substantial resources they need.

We are in this for the long haul.",114013,15907,864,public,https://www.youtube.com/watch?v=u_7DsDO7znw,2026-10-03T08:46:11+00:00
Kamala Harris,民主党,候选人阵营,youtube,harris,UC0XBsJpPhOLg0k4x9ZwrWzw,kjk0wjit-84,2024-10-07T19:06:11+00:00,2024-10-07,shorts,False,none,13,Moments of crisis bring out the best of who we are. The NC National Guard epitomizes that.,"Moments of crisis bring out the best of who we are—and the North Carolina National Guard epitomizes that important and good work.

Thank you for all you continue to do as we respond to the devastation of Hurricane Helene.",820682,24043,1441,public,https://www.youtube.com/watch?v=kjk0wjit-84,2026-10-03T08:46:11+00:00
Kamala Harris,民主党,候选人阵营,youtube,harris,UC0XBsJpPhOLg0k4x9ZwrWzw,zT2FcHbHNg8,2024-10-07T22:39:47+00:00,2024-10-07,shorts,False,none,60,Nothing compares to moments like these on the campaign trail.,"Help Vice President Kamala Harris and Governor Tim Walz put policies in place that protect our fundamental freedoms and defeat Donald Trump and MAGA Republicans this election. Take action at go.kamalaharris.com.
--------------------------------------
Follow Vice President Kamala Harris!

Kamala's Twitter: https://twitter.com/KamalaHarris
Kamala's Tiktok: www.tiktok.com/@kamalaharris
Kamala’s Instagram: https://www.instagram.com/KamalaHarris  
Kamala's Twitch: https://www.twitch.tv/kamalaharris
Kamala's Facebook: https://www.facebook.com/KamalaHarris
Kamala's Threads: https://www.threads.net/@kamalaharris

#KamalaHarris #Harris2024",2347467,143170,5707,public,https://www.youtube.com/watch?v=zT2FcHbHNg8,2026-10-03T08:46:11+00:00
Kamala Harris,民主党,候选人阵营,youtube,harris,UC0XBsJpPhOLg0k4x9ZwrWzw,Fkb4dueln04,2024-10-08T01:18:39+00:00,2024-10-07,shorts,False,none,40,I will be a president on behalf of all Americans.,"Help Vice President Kamala Harris and Governor Tim Walz put policies in place that protect our fundamental freedoms and defeat Donald Trump and MAGA Republicans this election. Take action at go.kamalaharris.com.
--------------------------------------
Follow Vice President Kamala Harris!

Kamala's Twitter: https://twitter.com/KamalaHarris
Kamala's Tiktok: www.tiktok.com/@kamalaharris
Kamala’s Instagram: https://www.instagram.com/KamalaHarris  
Kamala's Twitch: https://www.twitch.tv/kamalaharris
Kamala's Facebook: https://www.facebook.com/KamalaHarris
Kamala's Threads: https://www.threads.net/@kamalaharris

#KamalaHarris #Harris2024",447786,16840,2416,public,https://www.youtube.com/watch?v=Fkb4dueln04,2026-10-03T08:46:11+00:00
Kamala Harris,民主党,候选人阵营,youtube,harris,UC0XBsJpPhOLg0k4x9ZwrWzw,vd-wO4aq8g4,2024-10-08T01:18:56+00:00,2024-10-07,shorts,False,none,24,"My background is in law enforcement. Yes, I own a Glock.","Help Vice President Kamala Harris and Governor Tim Walz put policies in place that protect our fundamental freedoms and defeat Donald Trump and MAGA Republicans this election. Take action at go.kamalaharris.com.
--------------------------------------
Follow Vice President Kamala Harris!

Kamala's Twitter: https://twitter.com/KamalaHarris
Kamala's Tiktok: www.tiktok.com/@kamalaharris
Kamala’s Instagram: https://www.instagram.com/KamalaHarris  
Kamala's Twitch: https://www.twitch.tv/kamalaharris
Kamala's Facebook: https://www.facebook.com/KamalaHarris
Kamala's Threads: https://www.threads.net/@kamalaharris

#KamalaHarris #Harris2024",459139,12365,1181,public,https://www.youtube.com/watch?v=vd-wO4aq8g4,2026-10-03T08:46:11+00:00
Kamala Harris,民主党,候选人阵营,youtube,harris,UC0XBsJpPhOLg0k4x9ZwrWzw,rnkJPjJkZlU,2024-10-08T02:29:29+00:00,2024-10-07,shorts,False,none,41,The American people are ready to turn the page.,"Help Vice President Kamala Harris and Governor Tim Walz put policies in place that protect our fundamental freedoms and defeat Donald Trump and MAGA Republicans this election. Take action at go.kamalaharris.com.
--------------------------------------
Follow Vice President Kamala Harris!

Kamala's Twitter: https://twitter.com/KamalaHarris
Kamala's Tiktok: www.tiktok.com/@kamalaharris
Kamala’s Instagram: https://www.instagram.com/KamalaHarris  
Kamala's Twitch: https://www.twitch.tv/kamalaharris
Kamala's Facebook: https://www.facebook.com/KamalaHarris
Kamala's Threads: https://www.threads.net/@kamalaharris

#KamalaHarris #Harris2024",150321,9132,1531,public,https://www.youtube.com/watch?v=rnkJPjJkZlU,2026-10-03T08:46:11+00:00
Kamala Harris,民主党,候选人阵营,youtube,harris,UC0XBsJpPhOLg0k4x9ZwrWzw,otXg1iCkvE0,2024-10-08T21:37:42+00:00,2024-10-08,videos,False,none,114,Vice President Kamala Harris Live on The View: Her Mother's Story and Her Policy for Caregivers,"Vice President Kamala Harris cared for her aging mother and knows the financial and emotional strain it can cause for families.

The Harris-Walz administration will strengthen Medicare to cover home care for seniors, which will save families money and keep seniors out of nursing homes, in addition to covering vision and hearing benefits to help seniors live independently and for longer.

--------------------------------------
Follow Vice President Kamala Harris!

Kamala's Twitter: https://twitter.com/KamalaHarris
Kamala's Tiktok: www.tiktok.com/@kamalaharris
Kamala’s Instagram: https://www.instagram.com/KamalaHarris  
Kamala's Twitch: https://www.twitch.tv/kamalaharris
Kamala's Facebook: https://www.facebook.com/KamalaHarris
Kamala's Threads: https://www.threads.net/@kamalaharris

#KamalaHarris #Harris2024",49440,2455,512,public,https://www.youtube.com/watch?v=otXg1iCkvE0,2026-10-03T08:46:11+00:00
Kamala Harris,民主党,候选人阵营,youtube,harris,UC0XBsJpPhOLg0k4x9ZwrWzw,vUGvzKa1vDg,2024-10-09T01:33:27+00:00,2024-10-08,shorts,False,none,16,We’ve got a little Magic on our side.,"Help Vice President Kamala Harris and Governor Tim Walz put policies in place that protect our fundamental freedoms and defeat Donald Trump and MAGA Republicans this election. Take action at go.kamalaharris.com.
--------------------------------------
Follow Vice President Kamala Harris!

Kamala's Twitter: https://twitter.com/KamalaHarris
Kamala's Tiktok: www.tiktok.com/@kamalaharris
Kamala’s Instagram: https://www.instagram.com/KamalaHarris  
Kamala's Twitch: https://www.twitch.tv/kamalaharris
Kamala's Facebook: https://www.facebook.com/KamalaHarris
Kamala's Threads: https://www.threads.net/@kamalaharris

#KamalaHarris #Harris2024",650520,32905,1692,public,https://www.youtube.com/watch?v=vUGvzKa1vDg,2026-10-03T08:46:11+00:00
Kamala Harris,民主党,候选人阵营,youtube,harris,UC0XBsJpPhOLg0k4x9ZwrWzw,CbblxOpQPSw,2024-10-09T02:02:28+00:00,2024-10-08,videos,False,none,31,Menace | Harris-Walz 2024,"Donald Trump has put Putin over the American people time and time again.

Now, a new report says that he secretly sent Putin COVID tests while withholding them from sick Americans.
--------------------------------------
Follow Vice President Kamala Harris!

Kamala's Twitter: https://twitter.com/KamalaHarris
Kamala's Tiktok: www.tiktok.com/@kamalaharris
Kamala’s Instagram: https://www.instagram.com/KamalaHarris  
Kamala's Twitch: https://www.twitch.tv/kamalaharris
Kamala's Facebook: https://www.facebook.com/KamalaHarris
Kamala's Threads: https://www.threads.net/@kamalaharris

#KamalaHarris #Harris2024",56822,5419,692,public,https://www.youtube.com/watch?v=CbblxOpQPSw,2026-10-03T08:46:11+00:00
Kamala Harris,民主党,候选人阵营,youtube,harris,UC0XBsJpPhOLg0k4x9ZwrWzw,aBDHXnA_1P4,2024-10-09T04:45:52+00:00,2024-10-09,shorts,False,none,45,Here’s what was going through my mind during the debate.,"Help Vice President Kamala Harris and Governor Tim Walz put policies in place that protect our fundamental freedoms and defeat Donald Trump and MAGA Republicans this election. Take action at go.kamalaharris.com.
--------------------------------------
Follow Vice President Kamala Harris!

Kamala's Twitter: https://twitter.com/KamalaHarris
Kamala's Tiktok: www.tiktok.com/@kamalaharris
Kamala’s Instagram: https://www.instagram.com/KamalaHarris  
Kamala's Twitch: https://www.twitch.tv/kamalaharris
Kamala's Facebook: https://www.facebook.com/KamalaHarris
Kamala's Threads: https://www.threads.net/@kamalaharris

#KamalaHarris #Harris2024",855368,57387,2932,public,https://www.youtube.com/watch?v=aBDHXnA_1P4,2026-10-03T08:46:11+00:00
Kamala Harris,民主党,候选人阵营,youtube,harris,UC0XBsJpPhOLg0k4x9ZwrWzw,1xLUmICjvuM,2024-10-09T05:35:28+00:00,2024-10-09,shorts,False,none,59,"The champagne of beers. Thank you for having me, @ColbertLateShow!","Help Vice President Kamala Harris and Governor Tim Walz put policies in place that protect our fundamental freedoms and defeat Donald Trump and MAGA Republicans this election. Take action at go.kamalaharris.com.
--------------------------------------
Follow Vice President Kamala Harris!

Kamala's Twitter: https://twitter.com/KamalaHarris
Kamala's Tiktok: www.tiktok.com/@kamalaharris
Kamala’s Instagram: https://www.instagram.com/KamalaHarris  
Kamala's Twitch: https://www.twitch.tv/kamalaharris
Kamala's Facebook: https://www.facebook.com/KamalaHarris
Kamala's Threads: https://www.threads.net/@kamalaharris

#KamalaHarris #Harris2024",324731,21838,1301,public,https://www.youtube.com/watch?v=1xLUmICjvuM,2026-10-03T08:46:11+00:00
Kamala Harris,民主党,候选人阵营,youtube,harris,UC0XBsJpPhOLg0k4x9ZwrWzw,RlXLpzQiwLY,2024-10-09T13:16:42+00:00,2024-10-09,shorts,False,none,44,Donald Trump has said he would weaponize the Department of Justice and terminate the Constitution.,"Help Vice President Kamala Harris and Governor Tim Walz put policies in place that protect our fundamental freedoms and defeat Donald Trump and MAGA Republicans this election. Take action at go.kamalaharris.com.
--------------------------------------
Follow Vice President Kamala Harris!

Kamala's Twitter: https://twitter.com/KamalaHarris
Kamala's Tiktok: www.tiktok.com/@kamalaharris
Kamala’s Instagram: https://www.instagram.com/KamalaHarris  
Kamala's Twitch: https://www.twitch.tv/kamalaharris
Kamala's Facebook: https://www.facebook.com/KamalaHarris
Kamala's Threads: https://www.threads.net/@kamalaharris

#KamalaHarris #Harris2024",229737,12300,1412,public,https://www.youtube.com/watch?v=RlXLpzQiwLY,2026-10-03T08:46:11+00:00
Kamala Harris,民主党,候选人阵营,youtube,harris,UC0XBsJpPhOLg0k4x9ZwrWzw,ZobWPTtxziQ,2024-10-09T15:18:49+00:00,2024-10-09,videos,False,none,61,Fit To Lead | Harris-Walz 2024,"Help Vice President Kamala Harris and Governor Tim Walz put policies in place that protect our fundamental freedoms and defeat Donald Trump and MAGA Republicans this election. Take action at go.kamalaharris.com.
--------------------------------------
Follow Vice President Kamala Harris!

Kamala's Twitter: https://twitter.com/KamalaHarris
Kamala's Tiktok: www.tiktok.com/@kamalaharris
Kamala’s Instagram: https://www.instagram.com/KamalaHarris  
Kamala's Twitch: https://www.twitch.tv/kamalaharris
Kamala's Facebook: https://www.facebook.com/KamalaHarris
Kamala's Threads: https://www.threads.net/@kamalaharris

#KamalaHarris #Harris2024",55779,3806,837,public,https://www.youtube.com/watch?v=ZobWPTtxziQ,2026-10-03T08:46:11+00:00
Kamala Harris,民主党,候选人阵营,youtube,harris,UC0XBsJpPhOLg0k4x9ZwrWzw,E1XIGOmyq_w,2024-10-09T19:15:26+00:00,2024-10-09,videos,False,none,156,Vice President Kamala Harris' message on preparations for Hurricane Milton,"We have been working around the clock to prepare for Hurricane Milton and to ensure that federal, state, and local resources are being coordinated in an efficient and effective way.

We urge you to take this storm seriously. Please listen to your local officials, and if you are told to evacuate, please do so immediately. Do not wait until it is too late.

Already, we have sent more than 1,000 federal personnel to be on the ground in Florida to assist with preparation for this hurricane, and we will continue to scale up those efforts.

We will continue to do everything we can to protect the people who are in the path of this storm. Once the storm has passed, we will be there to help folks recover and rebuild as we are continuing to do for the communities in Florida, Georgia, North and South Carolina, and across the southeast who have been devastated by Hurricane Helene.",58960,5392,1088,public,https://www.youtube.com/watch?v=E1XIGOmyq_w,2026-10-03T08:46:11+00:00
Kamala Harris,民主党,候选人阵营,youtube,harris,UC0XBsJpPhOLg0k4x9ZwrWzw,dvrRLiS2Bio,2024-10-09T21:16:16+00:00,2024-10-09,videos,False,none,185,Vice President Kamala Harris Visits New Hampshire | Harris-Walz 2024,"Help Vice President Kamala Harris and Governor Tim Walz put policies in place that protect our fundamental freedoms and defeat Donald Trump and MAGA Republicans this election. Take action at https://go.kamalaharris.com.
--------------------------------------
Follow Vice President Kamala Harris!

Kamala's Twitter: https://twitter.com/KamalaHarris
Kamala's Tiktok: https://tiktok.com/@kamalaharris
Kamala’s Instagram: https://www.instagram.com/KamalaHarris  
Kamala's Twitch: https://www.twitch.tv/kamalaharris
Kamala's Facebook: https://www.facebook.com/KamalaHarris
Kamala's Threads: https://www.threads.net/@kamalaharris

#KamalaHarris #Harris2024",26171,1969,401,public,https://www.youtube.com/watch?v=dvrRLiS2Bio,2026-10-03T08:46:11+00:00
Kamala Harris,民主党,候选人阵营,youtube,harris,UC0XBsJpPhOLg0k4x9ZwrWzw,Puw_CR1M67U,2024-10-09T21:34:03+00:00,2024-10-09,shorts,False,none,50,"During my visit to North Carolina, I helped pack resources for those affected by Hurricane Helene.",,147187,15938,816,public,https://www.youtube.com/watch?v=Puw_CR1M67U,2026-10-03T08:46:11+00:00
Kamala Harris,民主党,候选人阵营,youtube,harris,UC0XBsJpPhOLg0k4x9ZwrWzw,VLySUFVAR-k,2024-10-10T02:53:51+00:00,2024-10-09,videos,False,none,31,He Will Make it Worse | Harris-Walz 2024,"Help Vice President Kamala Harris and Governor Tim Walz put policies in place that protect our fundamental freedoms and defeat Donald Trump and MAGA Republicans this election. Take action at go.kamalaharris.com.
--------------------------------------
Follow Vice President Kamala Harris!

Kamala's Twitter: https://twitter.com/KamalaHarris
Kamala's Tiktok: www.tiktok.com/@kamalaharris
Kamala’s Instagram: https://www.instagram.com/KamalaHarris  
Kamala's Twitch: https://www.twitch.tv/kamalaharris
Kamala's Facebook: https://www.facebook.com/KamalaHarris
Kamala's Threads: https://www.threads.net/@kamalaharris

#KamalaHarris #Harris2024",27386,3528,636,public,https://www.youtube.com/watch?v=VLySUFVAR-k,2026-10-03T08:46:11+00:00
Kamala Harris,民主党,候选人阵营,youtube,harris,UC0XBsJpPhOLg0k4x9ZwrWzw,4r-RioTaigs,2024-10-10T13:11:38+00:00,2024-10-10,videos,False,none,60,Vice President Kamala Harris' Economic Policy for Down Payment Assistance | Harris-Walz 2024,"Help Vice President Kamala Harris and Governor Tim Walz put policies in place that protect our fundamental freedoms and defeat Donald Trump and MAGA Republicans this election. Take action at go.kamalaharris.com.
--------------------------------------
Follow Vice President Kamala Harris!

Kamala's Twitter: https://twitter.com/KamalaHarris
Kamala's Tiktok: www.tiktok.com/@kamalaharris
Kamala’s Instagram: https://www.instagram.com/KamalaHarris  
Kamala's Twitch: https://www.twitch.tv/kamalaharris
Kamala's Facebook: https://www.facebook.com/KamalaHarris
Kamala's Threads: https://www.threads.net/@kamalaharris

#KamalaHarris #Harris2024",12587,1258,650,public,https://www.youtube.com/watch?v=4r-RioTaigs,2026-10-03T08:46:11+00:00
Kamala Harris,民主党,候选人阵营,youtube,harris,UC0XBsJpPhOLg0k4x9ZwrWzw,jlqMAGBscyQ,2024-10-10T16:50:00+00:00,2024-10-10,shorts,False,none,14,I met with the federal team working to deliver relief to Americans affected by Helene & Milton,"Yesterday, I met with members of the federal team that is working around the clock to deliver relief to Americans affected by Helene and Milton. Meanwhile, Donald Trump spread lies and educated us about the sound of the wind.


#KamalaHarris #Harris2024 #shorts #youtubeshorts",72439,5142,836,public,https://www.youtube.com/watch?v=jlqMAGBscyQ,2026-10-03T08:46:11+00:00
Kamala Harris,民主党,候选人阵营,youtube,harris,UC0XBsJpPhOLg0k4x9ZwrWzw,W7CfOnQztUY,2024-10-11T02:10:34+00:00,2024-10-10,streams,True,none,10203,Rally Across America for Kamala Harris & Tim Walz,"Election Day is just 26 days away. We are going live across America to get out the vote. Whether you’re voting early, by mail, or in person—make sure you’ve got a plan. Head to IWillVote.com.

Tonight’s lineup:
The Second Gentleman, Douglas Emhoff, in Georgia 
President Barack Obama in Pennsylvania 
Out For Harris organizing call with Governor Tim Walz
A Fiesta para Kamala Harris 
VP Kamala Harris Live in Arizona
Univision Town Hall

For ASL feed, please tune in here: https://us06web.zoom.us/j/83554862158

--------------------------------------
Follow Vice President Kamala Harris!

Kamala's Twitter: https://twitter.com/KamalaHarris
Kamala's Tiktok: www.tiktok.com/@kamalaharris
Kamala’s Instagram: https://www.instagram.com/KamalaHarris  
Kamala's Twitch: https://www.twitch.tv/kamalaharris
Kamala's Facebook: https://www.facebook.com/KamalaHarris
Kamala's Threads: https://www.threads.net/@kamalaharris

#KamalaHarris #Harris2024",102535,5484,561,public,https://www.youtube.com/watch?v=W7CfOnQztUY,2026-10-03T08:46:11+00:00
Kamala Harris,民主党,候选人阵营,youtube,harris,UC0XBsJpPhOLg0k4x9ZwrWzw,-j7X6mjrJ3M,2024-10-11T12:24:53+00:00,2024-10-11,videos,False,none,243,"Vice President Kamala Harris on Health Care Access: ""We speak her name."" | Univision Town Hall","María Dolores Figueroa. 

We speak her name.

--------------------------------------
Follow Vice President Kamala Harris!

Kamala's Twitter: https://twitter.com/KamalaHarris
Kamala's Tiktok: www.tiktok.com/@kamalaharris
Kamala’s Instagram: https://www.instagram.com/KamalaHarris  
Kamala's Twitch: https://www.twitch.tv/kamalaharris
Kamala's Facebook: https://www.facebook.com/KamalaHarris
Kamala's Threads: https://www.threads.net/@kamalaharris

#KamalaHarris #Harris2024 #vote #election #election2024",51603,3149,676,public,https://www.youtube.com/watch?v=-j7X6mjrJ3M,2026-10-03T08:46:11+00:00
Kamala Harris,民主党,候选人阵营,youtube,harris,UC0XBsJpPhOLg0k4x9ZwrWzw,3nCdEf2TNR4,2024-10-11T14:46:44+00:00,2024-10-11,videos,False,none,93,Stevie Wonder in Conversation with Spike Lee for Kamala Harris | Harris-Walz 2024,"Stevie Wonder is a longtime friend of mine.

I thank him for being a part of our fight for the future.

--------------------------------------
Follow Vice President Kamala Harris!

Kamala's Twitter: https://twitter.com/KamalaHarris
Kamala's Tiktok: www.tiktok.com/@kamalaharris
Kamala’s Instagram: https://www.instagram.com/KamalaHarris  
Kamala's Twitch: https://www.twitch.tv/kamalaharris
Kamala's Facebook: https://www.facebook.com/KamalaHarris
Kamala's Threads: https://www.threads.net/@kamalaharris

#KamalaHarris #Harris2024",14431,1962,150,public,https://www.youtube.com/watch?v=3nCdEf2TNR4,2026-10-03T08:46:11+00:00
Kamala Harris,民主党,候选人阵营,youtube,harris,UC0XBsJpPhOLg0k4x9ZwrWzw,wqPcMKgI8ko,2024-10-11T17:04:44+00:00,2024-10-11,videos,False,none,207,Vice President Kamala Harris On Social Security & Disability Benefits | Univision Town Hall,"Vice President Kamala Harris addressed a voter's question about how a Harris-Walz administration would help Americans living with disabilities and in need of support.
--------------------------------------
Follow Vice President Kamala Harris!

Kamala's Twitter: https://twitter.com/KamalaHarris
Kamala's Tiktok: www.tiktok.com/@kamalaharris
Kamala’s Instagram: https://www.instagram.com/KamalaHarris  
Kamala's Twitch: https://www.twitch.tv/kamalaharris
Kamala's Facebook: https://www.facebook.com/KamalaHarris
Kamala's Threads: https://www.threads.net/@kamalaharris

#KamalaHarris #Harris2024 #vote #election #election2024",147167,2508,723,public,https://www.youtube.com/watch?v=wqPcMKgI8ko,2026-10-03T08:46:11+00:00
Kamala Harris,民主党,候选人阵营,youtube,harris,UC0XBsJpPhOLg0k4x9ZwrWzw,F7YmSscKh4M,2024-10-11T17:17:51+00:00,2024-10-11,shorts,False,none,16,"Here in Arizona, early voting has already started statewide","Here in Arizona, early voting has already started statewide—you can cast your ballot today or any day between now and November 5. 

We are not going back.

Help Vice President Kamala Harris and Governor Tim Walz put policies in place that protect our fundamental freedoms and defeat Donald Trump and MAGA Republicans this election. Take action at go.kamalaharris.com.
--------------------------------------
Follow Vice President Kamala Harris!

Kamala's Twitter: https://twitter.com/KamalaHarris
Kamala's Tiktok: www.tiktok.com/@kamalaharris
Kamala’s Instagram: https://www.instagram.com/KamalaHarris  
Kamala's Twitch: https://www.twitch.tv/kamalaharris
Kamala's Facebook: https://www.facebook.com/KamalaHarris
Kamala's Threads: https://www.threads.net/@kamalaharris

#KamalaHarris #Harris2024 #shorts #youtubeshorts",181311,11949,1054,public,https://www.youtube.com/watch?v=F7YmSscKh4M,2026-10-03T08:46:11+00:00
Kamala Harris,民主党,候选人阵营,youtube,harris,UC0XBsJpPhOLg0k4x9ZwrWzw,KQZRZ8989P4,2024-10-11T17:30:37+00:00,2024-10-11,videos,False,none,231,Vice President Kamala Harris on the Border | Univision Town Hall,"Vice President Kamala Harris addressed a voter's question regarding her policy proposals on immigration and border security during the Univision Town Hall.

Help Vice President Kamala Harris and Governor Tim Walz put policies in place that protect our fundamental freedoms and defeat Donald Trump and MAGA Republicans this election. Take action at go.kamalaharris.com.
--------------------------------------
Follow Vice President Kamala Harris!

Kamala's Twitter: https://twitter.com/KamalaHarris
Kamala's Tiktok: www.tiktok.com/@kamalaharris
Kamala’s Instagram: https://www.instagram.com/KamalaHarris  
Kamala's Twitch: https://www.twitch.tv/kamalaharris
Kamala's Facebook: https://www.facebook.com/KamalaHarris
Kamala's Threads: https://www.threads.net/@kamalaharris

#KamalaHarris #Harris2024 #election #election2024 #vote",41411,1368,692,public,https://www.youtube.com/watch?v=KQZRZ8989P4,2026-10-03T08:46:11+00:00
Kamala Harris,民主党,候选人阵营,youtube,harris,UC0XBsJpPhOLg0k4x9ZwrWzw,RXTYhNfFhKU,2024-10-11T18:09:25+00:00,2024-10-11,videos,False,none,465,Vice President Kamala Harris On Democracy & The Rule Of Law | Univision Town Hall,"Vice President Kamala Harris explains to an undecided voter during the Univision Town Hall that Americans have a choice to support democracy and the rule of law—or support Donald Trump, who has said he would be a “dictator on day one” wants to “terminate” the Constitution.

The contrast is clear.

Help Vice President Kamala Harris and Governor Tim Walz put policies in place that protect our fundamental freedoms and defeat Donald Trump and MAGA Republicans this election. Take action at go.kamalaharris.com.
--------------------------------------
Follow Vice President Kamala Harris!

Kamala's Twitter: https://twitter.com/KamalaHarris
Kamala's Tiktok: www.tiktok.com/@kamalaharris
Kamala’s Instagram: https://www.instagram.com/KamalaHarris  
Kamala's Twitch: https://www.twitch.tv/kamalaharris
Kamala's Facebook: https://www.facebook.com/KamalaHarris
Kamala's Threads: https://www.threads.net/@kamalaharris

#KamalaHarris #Harris2024 #election #election2024 #vote",79974,2913,972,public,https://www.youtube.com/watch?v=RXTYhNfFhKU,2026-10-03T08:46:11+00:00
Kamala Harris,民主党,候选人阵营,youtube,harris,UC0XBsJpPhOLg0k4x9ZwrWzw,BPgQp2VuZwQ,2024-10-11T18:27:13+00:00,2024-10-11,videos,False,none,61,Like Detroit | Harris-Walz 2024,"Help Vice President Kamala Harris and Governor Tim Walz put policies in place that protect our fundamental freedoms and defeat Donald Trump and MAGA Republicans this election. Take action at go.kamalaharris.com.
--------------------------------------
Follow Vice President Kamala Harris!

Kamala's Twitter: https://twitter.com/KamalaHarris
Kamala's Tiktok: www.tiktok.com/@kamalaharris
Kamala’s Instagram: https://www.instagram.com/KamalaHarris  
Kamala's Twitch: https://www.twitch.tv/kamalaharris
Kamala's Facebook: https://www.facebook.com/KamalaHarris
Kamala's Threads: https://www.threads.net/@kamalaharris

#KamalaHarris #Harris2024",410394,18812,1993,public,https://www.youtube.com/watch?v=BPgQp2VuZwQ,2026-10-03T08:46:11+00:00
Kamala Harris,民主党,候选人阵营,youtube,harris,UC0XBsJpPhOLg0k4x9ZwrWzw,XOQ_yudmgAM,2024-10-11T18:50:35+00:00,2024-10-11,videos,False,none,465,Vice President Kamala Harris On Inflation & The Cost Of Living | Univision Town Hall,"Vice President Kamala Harris answered a question from a voter on her economic policy to address inflation and help lower costs for working and middle-class families at the Univision Town Hall.

Help Vice President Kamala Harris and Governor Tim Walz put policies in place that protect our fundamental freedoms and defeat Donald Trump and MAGA Republicans this election. Take action at go.kamalaharris.com.
--------------------------------------
Follow Vice President Kamala Harris!

Kamala's Twitter: https://twitter.com/KamalaHarris
Kamala's Tiktok: www.tiktok.com/@kamalaharris
Kamala’s Instagram: https://www.instagram.com/KamalaHarris  
Kamala's Twitch: https://www.twitch.tv/kamalaharris
Kamala's Facebook: https://www.facebook.com/KamalaHarris
Kamala's Threads: https://www.threads.net/@kamalaharris

#KamalaHarris #Harris2024 #election #election2024 #vote",59540,1899,1022,public,https://www.youtube.com/watch?v=XOQ_yudmgAM,2026-10-03T08:46:11+00:00
Kamala Harris,民主党,候选人阵营,youtube,harris,UC0XBsJpPhOLg0k4x9ZwrWzw,P_bbfBTtFP4,2024-10-11T21:12:49+00:00,2024-10-11,videos,False,none,158,Vice President Harris On Health Care | Univision Town Hall,"Vice President Kamala Harris answers a question from an undecided voter about her health care policies during the Univision Town Hall. 

Health care is a right, not a privilege. 

Help Vice President Kamala Harris and Governor Tim Walz put policies in place that protect our fundamental freedoms and defeat Donald Trump and MAGA Republicans this election. Take action at go.kamalaharris.com.
--------------------------------------
Follow Vice President Kamala Harris!

Kamala's Twitter: https://twitter.com/KamalaHarris
Kamala's Tiktok: www.tiktok.com/@kamalaharris
Kamala’s Instagram: https://www.instagram.com/KamalaHarris  
Kamala's Twitch: https://www.twitch.tv/kamalaharris
Kamala's Facebook: https://www.facebook.com/KamalaHarris
Kamala's Threads: https://www.threads.net/@kamalaharris

#KamalaHarris #Harris2024 #election #election2024 #vote",21195,913,288,public,https://www.youtube.com/watch?v=P_bbfBTtFP4,2026-10-03T08:46:11+00:00
Kamala Harris,民主党,候选人阵营,youtube,harris,UC0XBsJpPhOLg0k4x9ZwrWzw,6PXnF2MUA8s,2024-10-11T21:14:10+00:00,2024-10-11,videos,False,none,176,Vice President Kamala Harris On Protecting Dreamers | Univision Town Hall,"Vice President Kamala Harris answers a voter's question about her immigration policy proposals to help Dreamers gain a pathway to earn their right to citizenship.

Help Vice President Kamala Harris and Governor Tim Walz put policies in place that protect our fundamental freedoms and defeat Donald Trump and MAGA Republicans this election. Take action at go.kamalaharris.com.
--------------------------------------
Follow Vice President Kamala Harris!

Kamala's Twitter: https://twitter.com/KamalaHarris
Kamala's Tiktok: www.tiktok.com/@kamalaharris
Kamala’s Instagram: https://www.instagram.com/KamalaHarris  
Kamala's Twitch: https://www.twitch.tv/kamalaharris
Kamala's Facebook: https://www.facebook.com/KamalaHarris
Kamala's Threads: https://www.threads.net/@kamalaharris

#KamalaHarris #Harris2024 #election #election2024 #vote",19447,1094,291,public,https://www.youtube.com/watch?v=6PXnF2MUA8s,2026-10-03T08:46:11+00:00
Kamala Harris,民主党,候选人阵营,youtube,harris,UC0XBsJpPhOLg0k4x9ZwrWzw,vS5SfqI1eVc,2024-10-12T03:08:01+00:00,2024-10-11,videos,False,none,165,Vice President Kamala Harris On Hurricane Response | Univision Town Hall,"During Univision's Town Hall, a voter asked Vice President Harris about her work to provide relief to those impacted by Hurricanes Helene and Milton.

Help Vice President Kamala Harris and Governor Tim Walz put policies in place that protect our fundamental freedoms and defeat Donald Trump and MAGA Republicans this election. Take action at go.kamalaharris.com.
--------------------------------------
Follow Vice President Kamala Harris!

Kamala's Twitter: https://twitter.com/KamalaHarris
Kamala's Tiktok: www.tiktok.com/@kamalaharris
Kamala’s Instagram: https://www.instagram.com/KamalaHarris  
Kamala's Twitch: https://www.twitch.tv/kamalaharris
Kamala's Facebook: https://www.facebook.com/KamalaHarris
Kamala's Threads: https://www.threads.net/@kamalaharris

#KamalaHarris #Harris2024 #vote #election #election2024",29796,1964,886,public,https://www.youtube.com/watch?v=vS5SfqI1eVc,2026-10-03T08:46:11+00:00
Kamala Harris,民主党,候选人阵营,youtube,harris,UC0XBsJpPhOLg0k4x9ZwrWzw,aR44SQY2gLc,2024-10-12T15:11:51+00:00,2024-10-12,shorts,False,none,30,Donald Trump spends his time attacking great American cities full of hardworking people,"Help Vice President Kamala Harris and Governor Tim Walz put policies in place that protect our fundamental freedoms and defeat Donald Trump and MAGA Republicans this election. Take action at go.kamalaharris.com.
--------------------------------------
Follow Vice President Kamala Harris!

Kamala's Twitter: https://twitter.com/KamalaHarris
Kamala's Tiktok: www.tiktok.com/@kamalaharris
Kamala’s Instagram: https://www.instagram.com/KamalaHarris  
Kamala's Twitch: https://www.twitch.tv/kamalaharris
Kamala's Facebook: https://www.facebook.com/KamalaHarris
Kamala's Threads: https://www.threads.net/@kamalaharris

#KamalaHarris #Harris2024",2155926,86245,7298,public,https://www.youtube.com/watch?v=aR44SQY2gLc,2026-10-03T08:46:11+00:00
Kamala Harris,民主党,候选人阵营,youtube,harris,UC0XBsJpPhOLg0k4x9ZwrWzw,aFlBzcZ4PkM,2024-10-12T15:46:25+00:00,2024-10-12,shorts,False,none,41,"In moments of hardship, Americans rally together and show the best of who they are.","In moments of hardship, Americans rally together and show the best of who they are.

Thank you to everyone who has risen to this moment and stepped in to help. We will rebuild and recover together.",76194,6944,504,public,https://www.youtube.com/watch?v=aFlBzcZ4PkM,2026-10-03T08:46:11+00:00
Kamala Harris,民主党,候选人阵营,youtube,harris,UC0XBsJpPhOLg0k4x9ZwrWzw,Ew0dFsvN-AQ,2024-10-12T16:43:14+00:00,2024-10-12,shorts,False,none,19,"As president, I will take on corporate price gouging to lower the cost of groceries.","Help Vice President Kamala Harris and Governor Tim Walz put policies in place that protect our fundamental freedoms and defeat Donald Trump and MAGA Republicans this election. Take action at go.kamalaharris.com.
--------------------------------------
Follow Vice President Kamala Harris!

Kamala's Twitter: https://twitter.com/KamalaHarris
Kamala's Tiktok: www.tiktok.com/@kamalaharris
Kamala’s Instagram: https://www.instagram.com/KamalaHarris  
Kamala's Twitch: https://www.twitch.tv/kamalaharris
Kamala's Facebook: https://www.facebook.com/KamalaHarris
Kamala's Threads: https://www.threads.net/@kamalaharris

#KamalaHarris #Harris2024",190341,8039,1259,public,https://www.youtube.com/watch?v=Ew0dFsvN-AQ,2026-10-03T08:46:11+00:00
Kamala Harris,民主党,候选人阵营,youtube,harris,UC0XBsJpPhOLg0k4x9ZwrWzw,nIOMSXvGyAQ,2024-10-13T00:40:34+00:00,2024-10-12,shorts,False,none,56,I invite the public to watch Trump’s rallies and be the decision-maker on his acuity.,"Help Vice President Kamala Harris and Governor Tim Walz put policies in place that protect our fundamental freedoms and defeat Donald Trump and MAGA Republicans this election. Take action at go.kamalaharris.com.
--------------------------------------
Follow Vice President Kamala Harris!

Kamala's Twitter: https://twitter.com/KamalaHarris
Kamala's Tiktok: www.tiktok.com/@kamalaharris
Kamala’s Instagram: https://www.instagram.com/KamalaHarris  
Kamala's Twitch: https://www.twitch.tv/kamalaharris
Kamala's Facebook: https://www.facebook.com/KamalaHarris
Kamala's Threads: https://www.threads.net/@kamalaharris

#KamalaHarris #Harris2024",135426,10050,1053,public,https://www.youtube.com/watch?v=nIOMSXvGyAQ,2026-10-03T08:46:11+00:00
Kamala Harris,民主党,候选人阵营,youtube,harris,UC0XBsJpPhOLg0k4x9ZwrWzw,yVNNg0a5siI,2024-10-13T18:06:34+00:00,2024-10-13,videos,False,none,217,Vice President Kamala Harris | Hurricane Helene Response in Georgia and North Carolina,"Follow Vice President Kamala Harris:

Kamala's Twitter: https://twitter.com/KamalaHarris
Kamala's Tiktok: https://tiktok.com/@kamalaharris
Kamala’s Instagram: https://www.instagram.com/KamalaHarris  
Kamala's Twitch: https://www.twitch.tv/kamalaharris
Kamala's Facebook: https://www.facebook.com/KamalaHarris
Kamala's Threads: https://www.threads.net/@kamalaharris

#KamalaHarris",28620,2427,741,public,https://www.youtube.com/watch?v=yVNNg0a5siI,2026-10-03T08:46:11+00:00
Kamala Harris,民主党,候选人阵营,youtube,harris,UC0XBsJpPhOLg0k4x9ZwrWzw,bd_G951mQFY,2024-10-13T21:12:19+00:00,2024-10-13,streams,True,none,4752,VP Kamala Harris Rally in North Carolina,"In 23 days, our votes will shape the future of America. As president, Kamala Harris will fight to ensure that future is one where everyone has a fair shot to succeed.

Tune in to hear Vice President Kamala Harris’ speech in Greenville, North Carolina.

For ASL feed, please tune in here: https://us06web.zoom.us/j/81774304491

--------------------------------------
Follow Vice President Kamala Harris!

Kamala's Twitter: https://twitter.com/KamalaHarris
Kamala's Tiktok: www.tiktok.com/@kamalaharris
Kamala’s Instagram: https://www.instagram.com/KamalaHarris  
Kamala's Twitch: https://www.twitch.tv/kamalaharris
Kamala's Facebook: https://www.facebook.com/KamalaHarris
Kamala's Threads: https://www.threads.net/@kamalaharris

#KamalaHarris #Harris2024",156148,7591,1264,public,https://www.youtube.com/watch?v=bd_G951mQFY,2026-10-03T08:46:11+00:00
Kamala Harris,民主党,候选人阵营,youtube,harris,UC0XBsJpPhOLg0k4x9ZwrWzw,tjXocQqiBrg,2024-10-13T22:44:39+00:00,2024-10-13,shorts,False,none,57,Donald Trump is not being transparent with voters.,"Help Vice President Kamala Harris and Governor Tim Walz put policies in place that protect our fundamental freedoms and defeat Donald Trump and MAGA Republicans this election. Take action at go.kamalaharris.com.
--------------------------------------
Follow Vice President Kamala Harris!

Kamala's Twitter: https://twitter.com/KamalaHarris
Kamala's Tiktok: www.tiktok.com/@kamalaharris
Kamala’s Instagram: https://www.instagram.com/KamalaHarris  
Kamala's Twitch: https://www.twitch.tv/kamalaharris
Kamala's Facebook: https://www.facebook.com/KamalaHarris
Kamala's Threads: https://www.threads.net/@kamalaharris

#KamalaHarris #Harris2024",477593,25068,2689,public,https://www.youtube.com/watch?v=tjXocQqiBrg,2026-10-03T08:46:11+00:00
Kamala Harris,民主党,候选人阵营,youtube,harris,UC0XBsJpPhOLg0k4x9ZwrWzw,aWfZnzuDzx8,2024-10-14T01:48:19+00:00,2024-10-13,shorts,False,none,48,I released my medical records. Donald Trump should do the same.,"Help Vice President Kamala Harris and Governor Tim Walz put policies in place that protect our fundamental freedoms and defeat Donald Trump and MAGA Republicans this election. Take action at go.kamalaharris.com.
--------------------------------------
Follow Vice President Kamala Harris!

Kamala's Twitter: https://twitter.com/KamalaHarris
Kamala's Tiktok: www.tiktok.com/@kamalaharris
Kamala’s Instagram: https://www.instagram.com/KamalaHarris  
Kamala's Twitch: https://www.twitch.tv/kamalaharris
Kamala's Facebook: https://www.facebook.com/KamalaHarris
Kamala's Threads: https://www.threads.net/@kamalaharris

#KamalaHarris #Harris2024",98249,6639,1459,public,https://www.youtube.com/watch?v=aWfZnzuDzx8,2026-10-03T08:46:11+00:00
Kamala Harris,民主党,候选人阵营,youtube,harris,UC0XBsJpPhOLg0k4x9ZwrWzw,eBCP9H3bfes,2024-10-14T13:13:12+00:00,2024-10-14,shorts,False,none,23,"Theodore, Timothy, and Benjamin: You made my day in Pittsburgh.","Help Vice President Kamala Harris and Governor Tim Walz put policies in place that protect our fundamental freedoms and defeat Donald Trump and MAGA Republicans this election. Take action at go.kamalaharris.com.
--------------------------------------
Follow Vice President Kamala Harris!

Kamala's Twitter: https://twitter.com/KamalaHarris
Kamala's Tiktok: www.tiktok.com/@kamalaharris
Kamala’s Instagram: https://www.instagram.com/KamalaHarris  
Kamala's Twitch: https://www.twitch.tv/kamalaharris
Kamala's Facebook: https://www.facebook.com/KamalaHarris
Kamala's Threads: https://www.threads.net/@kamalaharris

#KamalaHarris #Harris2024",170390,13536,823,public,https://www.youtube.com/watch?v=eBCP9H3bfes,2026-10-03T08:46:11+00:00
Kamala Harris,民主党,候选人阵营,youtube,harris,UC0XBsJpPhOLg0k4x9ZwrWzw,cg_79er5nwg,2024-10-14T16:32:41+00:00,2024-10-14,videos,False,none,51,Kamala Harris is Working to Lower Prescription Drug Prices | Harris-Walz 2024,"As vice president, Kamala Harris worked with President Joe Biden to cap the cost of insulin and the cost of prescription drugs for seniors. As president, she will continue to make health care more affordable.

Help Vice President Kamala Harris and Governor Tim Walz put policies in place that protect our fundamental freedoms and defeat Donald Trump and MAGA Republicans this election. Take action at go.kamalaharris.com.
--------------------------------------
Follow Vice President Kamala Harris!

Kamala's Twitter: https://twitter.com/KamalaHarris
Kamala's Tiktok: www.tiktok.com/@kamalaharris
Kamala’s Instagram: https://www.instagram.com/KamalaHarris  
Kamala's Twitch: https://www.twitch.tv/kamalaharris
Kamala's Facebook: https://www.facebook.com/KamalaHarris
Kamala's Threads: https://www.threads.net/@kamalaharris

#KamalaHarris #Harris2024 #election #election2024 #vote",12177,1370,384,public,https://www.youtube.com/watch?v=cg_79er5nwg,2026-10-03T08:46:11+00:00
Kamala Harris,民主党,候选人阵营,youtube,harris,UC0XBsJpPhOLg0k4x9ZwrWzw,4_sHEqe_5LQ,2024-10-14T16:53:10+00:00,2024-10-14,videos,False,none,31,Out of Michigan | Harris-Walz 2024,"Help Vice President Kamala Harris and Governor Tim Walz put policies in place that protect our fundamental freedoms and defeat Donald Trump and MAGA Republicans this election. Take action at go.kamalaharris.com.
--------------------------------------
Follow Vice President Kamala Harris!

Kamala's Twitter: https://twitter.com/KamalaHarris
Kamala's Tiktok: www.tiktok.com/@kamalaharris
Kamala’s Instagram: https://www.instagram.com/KamalaHarris  
Kamala's Twitch: https://www.twitch.tv/kamalaharris
Kamala's Facebook: https://www.facebook.com/KamalaHarris
Kamala's Threads: https://www.threads.net/@kamalaharris

#KamalaHarris #Harris2024",17512,1844,317,public,https://www.youtube.com/watch?v=4_sHEqe_5LQ,2026-10-03T08:46:11+00:00
Kamala Harris,民主党,候选人阵营,youtube,harris,UC0XBsJpPhOLg0k4x9ZwrWzw,PcE1357488Y,2024-10-14T20:30:54+00:00,2024-10-14,shorts,False,none,47,"This Indigenous Peoples’ Day, I am thinking about the young Indigenous leaders I met in Arizona.","This Indigenous Peoples’ Day, I am thinking about the young Indigenous leaders I met in Arizona last week.

I am counting on their leadership and looking forward to our partnership. 

Help Vice President Kamala Harris and Governor Tim Walz put policies in place that protect our fundamental freedoms and defeat Donald Trump and MAGA Republicans this election. Take action at go.kamalaharris.com.
--------------------------------------
Follow Vice President Kamala Harris!

Kamala's Twitter: https://twitter.com/KamalaHarris
Kamala's Tiktok: www.tiktok.com/@kamalaharris
Kamala’s Instagram: https://www.instagram.com/KamalaHarris  
Kamala's Twitch: https://www.twitch.tv/kamalaharris
Kamala's Facebook: https://www.facebook.com/KamalaHarris
Kamala's Threads: https://www.threads.net/@kamalaharris

#KamalaHarris #Harris2024 #shorts #youtubeshorts",288593,29911,1382,public,https://www.youtube.com/watch?v=PcE1357488Y,2026-10-03T08:46:11+00:00
Kamala Harris,民主党,候选人阵营,youtube,harris,UC0XBsJpPhOLg0k4x9ZwrWzw,XoRviMMWXx4,2024-10-15T00:17:59+00:00,2024-10-14,streams,True,none,4621,VP Kamala Harris Rally in Pennsylvania,"The American people deserve better than concepts of a plan. 

Tune in to Vice President Kamala Harris’ speech in Erie, Pennsylvania  and Governor Walz’s speech in Wisconsin to hear how they will chart a new way forward—toward a future where everyone has the opportunity not just to get by, but to get ahead. kamalaharris.com/a-new-way-forward 

For ASL feed, please tune in here: https://us06web.zoom.us/j/82089519277
--------------------------------------
Follow Vice President Kamala Harris!

Kamala's Twitter: https://twitter.com/KamalaHarris
Kamala's Tiktok: www.tiktok.com/@kamalaharris
Kamala’s Instagram: https://www.instagram.com/KamalaHarris  
Kamala's Twitch: https://www.twitch.tv/kamalaharris
Kamala's Facebook: https://www.facebook.com/KamalaHarris
Kamala's Threads: https://www.threads.net/@kamalaharris

#KamalaHarris #Harris2024",156338,7130,909,public,https://www.youtube.com/watch?v=XoRviMMWXx4,2026-10-03T08:46:11+00:00
Kamala Harris,民主党,候选人阵营,youtube,harris,UC0XBsJpPhOLg0k4x9ZwrWzw,YQnugO8SEx0,2024-10-15T00:45:02+00:00,2024-10-14,videos,False,none,31,Enemy Within | Harris-Walz 2024,"Help Vice President Kamala Harris and Governor Tim Walz put policies in place that protect our fundamental freedoms and defeat Donald Trump and MAGA Republicans this election. Take action at go.kamalaharris.com.
--------------------------------------
Follow Vice President Kamala Harris!

Kamala's Twitter: https://twitter.com/KamalaHarris
Kamala's Tiktok: www.tiktok.com/@kamalaharris
Kamala’s Instagram: https://www.instagram.com/KamalaHarris  
Kamala's Twitch: https://www.twitch.tv/kamalaharris
Kamala's Facebook: https://www.facebook.com/KamalaHarris
Kamala's Threads: https://www.threads.net/@kamalaharris

#KamalaHarris #Harris2024",158379,5622,1136,public,https://www.youtube.com/watch?v=YQnugO8SEx0,2026-10-03T08:46:11+00:00
Kamala Harris,民主党,候选人阵营,youtube,harris,UC0XBsJpPhOLg0k4x9ZwrWzw,oEThJ8Gr42E,2024-10-15T13:01:04+00:00,2024-10-15,videos,False,none,206,An Opportunity Economy For Black Men | The Shade Room Interview,"As president, Kamala Harris will create an opportunity economy that taps into the ambitions and aspirations of the American people. It will empower Black families to achieve homeownership and build intergenerational wealth—and it will benefit our country as a whole.

Help Vice President Kamala Harris and Governor Tim Walz put policies in place that protect our fundamental freedoms and defeat Donald Trump and MAGA Republicans this election. Take action at go.kamalaharris.com.
--------------------------------------
Follow Vice President Kamala Harris!

Kamala's Twitter: https://twitter.com/KamalaHarris
Kamala's Tiktok: www.tiktok.com/@kamalaharris
Kamala’s Instagram: https://www.instagram.com/KamalaHarris  
Kamala's Twitch: https://www.twitch.tv/kamalaharris
Kamala's Facebook: https://www.facebook.com/KamalaHarris
Kamala's Threads: https://www.threads.net/@kamalaharris

#KamalaHarris #Harris2024 #vote #election #election2024",19280,1044,555,public,https://www.youtube.com/watch?v=oEThJ8Gr42E,2026-10-03T08:46:11+00:00
Kamala Harris,民主党,候选人阵营,youtube,harris,UC0XBsJpPhOLg0k4x9ZwrWzw,UnhhpLbHG8U,2024-10-15T13:32:55+00:00,2024-10-15,shorts,False,none,48,Hope he's okay.,"Help Vice President Kamala Harris and Governor Tim Walz put policies in place that protect our fundamental freedoms and defeat Donald Trump and MAGA Republicans this election. Take action at go.kamalaharris.com.
--------------------------------------
Follow Vice President Kamala Harris!

Kamala's Twitter: https://twitter.com/KamalaHarris
Kamala's Tiktok: www.tiktok.com/@kamalaharris
Kamala’s Instagram: https://www.instagram.com/KamalaHarris  
Kamala's Twitch: https://www.twitch.tv/kamalaharris
Kamala's Facebook: https://www.facebook.com/KamalaHarris
Kamala's Threads: https://www.threads.net/@kamalaharris

#KamalaHarris #Harris2024",153073,11069,1859,public,https://www.youtube.com/watch?v=UnhhpLbHG8U,2026-10-03T08:46:11+00:00
Kamala Harris,民主党,候选人阵营,youtube,harris,UC0XBsJpPhOLg0k4x9ZwrWzw,RCUSfwXljig,2024-10-15T14:04:27+00:00,2024-10-15,shorts,False,none,21,A little barbecue sauce never hurt anyone.,"Help Vice President Kamala Harris and Governor Tim Walz put policies in place that protect our fundamental freedoms and defeat Donald Trump and MAGA Republicans this election. Take action at go.kamalaharris.com.
--------------------------------------
Follow Vice President Kamala Harris!

Kamala's Twitter: https://twitter.com/KamalaHarris
Kamala's Tiktok: www.tiktok.com/@kamalaharris
Kamala’s Instagram: https://www.instagram.com/KamalaHarris  
Kamala's Twitch: https://www.twitch.tv/kamalaharris
Kamala's Facebook: https://www.facebook.com/KamalaHarris
Kamala's Threads: https://www.threads.net/@kamalaharris

#KamalaHarris #Harris2024 #shorts #youtubeshorts",90635,5943,471,public,https://www.youtube.com/watch?v=RCUSfwXljig,2026-10-03T08:46:11+00:00
Kamala Harris,民主党,候选人阵营,youtube,harris,UC0XBsJpPhOLg0k4x9ZwrWzw,_zpkuocRLHQ,2024-10-15T16:15:02+00:00,2024-10-15,videos,False,none,49,The Central Park Five | Harris-Walz 2024,"Donald Trump took out a full-page newspaper ad calling for the execution of innocent Black and Latino boys: The Central Park Five.

Trump has a long history of racism—and his Project 2025 Plan would give him virtually unchecked power over Black Americans’ lives and bodies.

--------------------------------------
Follow Vice President Kamala Harris!

Kamala's Twitter: https://twitter.com/KamalaHarris
Kamala's Tiktok: www.tiktok.com/@kamalaharris
Kamala’s Instagram: https://www.instagram.com/KamalaHarris  
Kamala's Twitch: https://www.twitch.tv/kamalaharris
Kamala's Facebook: https://www.facebook.com/KamalaHarris
Kamala's Threads: https://www.threads.net/@kamalaharris

#KamalaHarris #Harris2024",19818,2470,330,public,https://www.youtube.com/watch?v=_zpkuocRLHQ,2026-10-03T08:46:11+00:00
Kamala Harris,民主党,候选人阵营,youtube,harris,UC0XBsJpPhOLg0k4x9ZwrWzw,LhEjYoezUbU,2024-10-15T17:00:30+00:00,2024-10-15,videos,False,none,113,Donald Trump's Record When It Comes To Black Men | Roland Martin Interview,"Donald Trump took out a full-page ad in the New York Times saying the Central Park 5 should be executed. He refused to rent to Black families. He has spread lies about Black immigrants.

Black men deserve a president who cares about making their lives better.

Help Vice President Kamala Harris and Governor Tim Walz put policies in place that protect our fundamental freedoms and defeat Donald Trump and MAGA Republicans this election. Take action at go.kamalaharris.com.
--------------------------------------
Follow Vice President Kamala Harris!

Kamala's Twitter: https://twitter.com/KamalaHarris
Kamala's Tiktok: www.tiktok.com/@kamalaharris
Kamala’s Instagram: https://www.instagram.com/KamalaHarris  
Kamala's Twitch: https://www.twitch.tv/kamalaharris
Kamala's Facebook: https://www.facebook.com/KamalaHarris
Kamala's Threads: https://www.threads.net/@kamalaharris

#KamalaHarris #Harris2024 #election #election2024 #vote",22940,1504,704,public,https://www.youtube.com/watch?v=LhEjYoezUbU,2026-10-03T08:46:11+00:00
Kamala Harris,民主党,候选人阵营,youtube,harris,UC0XBsJpPhOLg0k4x9ZwrWzw,uEaRJtsmq1A,2024-10-15T18:24:48+00:00,2024-10-15,shorts,False,none,19,"Anderson, thank you for your leadership. I am counting on young leaders like you.","Help Vice President Kamala Harris and Governor Tim Walz put policies in place that protect our fundamental freedoms and defeat Donald Trump and MAGA Republicans this election. Take action at go.kamalaharris.com.
--------------------------------------
Follow Vice President Kamala Harris!

Kamala's Twitter: https://twitter.com/KamalaHarris
Kamala's Tiktok: www.tiktok.com/@kamalaharris
Kamala’s Instagram: https://www.instagram.com/KamalaHarris  
Kamala's Twitch: https://www.twitch.tv/kamalaharris
Kamala's Facebook: https://www.facebook.com/KamalaHarris
Kamala's Threads: https://www.threads.net/@kamalaharris

#KamalaHarris #Harris2024 #shorts #youtubeshorts #election #election2024",409606,20306,872,public,https://www.youtube.com/watch?v=uEaRJtsmq1A,2026-10-03T08:46:11+00:00
Kamala Harris,民主党,候选人阵营,youtube,harris,UC0XBsJpPhOLg0k4x9ZwrWzw,gZ1tu_mx3qk,2024-10-15T20:00:28+00:00,2024-10-15,videos,False,none,56,Expanding The Child Tax Credit | Harris-Walz 2024,"Vice President Kamala Harris' economic plan includes taking on corporate price gouging, giving working and middle-class Americans a tax cut, and expanding the Child Tax Credit for the first year of a child's life.

Help Vice President Kamala Harris and Governor Tim Walz put policies in place that protect our fundamental freedoms and defeat Donald Trump and MAGA Republicans this election. Take action at go.kamalaharris.com.
--------------------------------------
Follow Vice President Kamala Harris!

Kamala's Twitter: https://twitter.com/KamalaHarris
Kamala's Tiktok: www.tiktok.com/@kamalaharris
Kamala’s Instagram: https://www.instagram.com/KamalaHarris  
Kamala's Twitch: https://www.twitch.tv/kamalaharris
Kamala's Facebook: https://www.facebook.com/KamalaHarris
Kamala's Threads: https://www.threads.net/@kamalaharris

#KamalaHarris #Harris2024 #election #election2024",12355,852,543,public,https://www.youtube.com/watch?v=gZ1tu_mx3qk,2026-10-03T08:46:11+00:00
Kamala Harris,民主党,候选人阵营,youtube,harris,UC0XBsJpPhOLg0k4x9ZwrWzw,GrB4B3VTrFo,2024-10-16T14:35:36+00:00,2024-10-16,shorts,False,none,17,Donald Trump continues to show us that he is unfit and unstable.,"Help Vice President Kamala Harris and Governor Tim Walz put policies in place that protect our fundamental freedoms and defeat Donald Trump and MAGA Republicans this election. Take action at go.kamalaharris.com.
--------------------------------------
Follow Vice President Kamala Harris!

Kamala's Twitter: https://twitter.com/KamalaHarris
Kamala's Tiktok: www.tiktok.com/@kamalaharris
Kamala’s Instagram: https://www.instagram.com/KamalaHarris  
Kamala's Twitch: https://www.twitch.tv/kamalaharris
Kamala's Facebook: https://www.facebook.com/KamalaHarris
Kamala's Threads: https://www.threads.net/@kamalaharris

#KamalaHarris #Harris2024 #shorts #youtubeshorts #election #election2024 #vote",100938,6001,837,public,https://www.youtube.com/watch?v=GrB4B3VTrFo,2026-10-03T08:46:11+00:00
Kamala Harris,民主党,候选人阵营,youtube,harris,UC0XBsJpPhOLg0k4x9ZwrWzw,syguqyzoddo,2024-10-16T16:00:55+00:00,2024-10-16,shorts,False,none,41,"Grateful to Legenderie Records and Coffee House in Erie, PA for saving me some Marvin Gaye","Help Vice President Kamala Harris and Governor Tim Walz put policies in place that protect our fundamental freedoms and defeat Donald Trump and MAGA Republicans this election. Take action at go.kamalaharris.com.
--------------------------------------
Follow Vice President Kamala Harris!

Kamala's Twitter: https://twitter.com/KamalaHarris
Kamala's Tiktok: www.tiktok.com/@kamalaharris
Kamala’s Instagram: https://www.instagram.com/KamalaHarris  
Kamala's Twitch: https://www.twitch.tv/kamalaharris
Kamala's Facebook: https://www.facebook.com/KamalaHarris
Kamala's Threads: https://www.threads.net/@kamalaharris

#KamalaHarris #Harris2024 #shorts #youtubeshorts #election #election2024 #vote",434765,32389,942,public,https://www.youtube.com/watch?v=syguqyzoddo,2026-10-03T08:46:11+00:00
Kamala Harris,民主党,候选人阵营,youtube,harris,UC0XBsJpPhOLg0k4x9ZwrWzw,ZXcW9GJlAJM,2024-10-16T19:33:45+00:00,2024-10-16,videos,False,none,61,Amber Nicole Thurman | Harris-Walz 2024,"Speak her name: Amber Nicole Thurman.

Help Vice President Kamala Harris and Governor Tim Walz put policies in place that protect our fundamental freedoms and defeat Donald Trump and MAGA Republicans this election. Take action at go.kamalaharris.com.
--------------------------------------
Follow Vice President Kamala Harris!

Kamala's Twitter: https://twitter.com/KamalaHarris
Kamala's Tiktok: www.tiktok.com/@kamalaharris
Kamala’s Instagram: https://www.instagram.com/KamalaHarris  
Kamala's Twitch: https://www.twitch.tv/kamalaharris
Kamala's Facebook: https://www.facebook.com/KamalaHarris
Kamala's Threads: https://www.threads.net/@kamalaharris

#KamalaHarris #Harris2024",21651,2271,459,public,https://www.youtube.com/watch?v=ZXcW9GJlAJM,2026-10-03T08:46:11+00:00
Kamala Harris,民主党,候选人阵营,youtube,harris,UC0XBsJpPhOLg0k4x9ZwrWzw,FaxwxPFbaY8,2024-10-16T20:25:34+00:00,2024-10-16,streams,True,none,2711,VP Kamala Harris Speech in Pennsylvania | LIVE,"Kamala Harris will be a president for all Americans.

Watch live as Vice President Harris delivers remarks in Washington Crossing, Pennsylvania

For ASL feed, please tune in here: https://us06web.zoom.us/j/87876719008

Help Vice President Kamala Harris and Governor Tim Walz put policies in place that protect our fundamental freedoms and defeat Donald Trump and MAGA Republicans this election. Take action at go.kamalaharris.com.
--------------------------------------
Follow Vice President Kamala Harris!

Kamala's Twitter: https://twitter.com/KamalaHarris
Kamala's Tiktok: www.tiktok.com/@kamalaharris
Kamala’s Instagram: https://www.instagram.com/KamalaHarris  
Kamala's Twitch: https://www.twitch.tv/kamalaharris
Kamala's Facebook: https://www.facebook.com/KamalaHarris
Kamala's Threads: https://www.threads.net/@kamalaharris

#KamalaHarris #Harris2024",155299,7270,1016,public,https://www.youtube.com/watch?v=FaxwxPFbaY8,2026-10-03T08:46:11+00:00
Kamala Harris,民主党,候选人阵营,youtube,harris,UC0XBsJpPhOLg0k4x9ZwrWzw,F_h1xOY2U80,2024-10-16T21:31:14+00:00,2024-10-16,shorts,False,none,10,"Thank you, Pennsylvania.","Help Vice President Kamala Harris and Governor Tim Walz put policies in place that protect our fundamental freedoms and defeat Donald Trump and MAGA Republicans this election. Take action at go.kamalaharris.com.
--------------------------------------
Follow Vice President Kamala Harris!

Kamala's Twitter: https://twitter.com/KamalaHarris
Kamala's Tiktok: www.tiktok.com/@kamalaharris
Kamala’s Instagram: https://www.instagram.com/KamalaHarris  
Kamala's Twitch: https://www.twitch.tv/kamalaharris
Kamala's Facebook: https://www.facebook.com/KamalaHarris
Kamala's Threads: https://www.threads.net/@kamalaharris

#KamalaHarris #Harris2024 #shorts #youtubeshorts",132026,6537,538,public,https://www.youtube.com/watch?v=F_h1xOY2U80,2026-10-03T08:46:11+00:00
Kamala Harris,民主党,候选人阵营,youtube,harris,UC0XBsJpPhOLg0k4x9ZwrWzw,jujCV86WEPE,2024-10-17T00:38:44+00:00,2024-10-16,videos,False,none,213,"Vice President Kamala Harris' Fox News Interview: ""Donald Trump is unstable.""","Donald Trump is unstable, and we should all be concerned.

Help Vice President Kamala Harris and Governor Tim Walz put policies in place that protect our fundamental freedoms and defeat Donald Trump and MAGA Republicans this election. Take action at go.kamalaharris.com.
--------------------------------------
Follow Vice President Kamala Harris!

Kamala's Twitter: https://twitter.com/KamalaHarris
Kamala's Tiktok: www.tiktok.com/@kamalaharris
Kamala’s Instagram: https://www.instagram.com/KamalaHarris  
Kamala's Twitch: https://www.twitch.tv/kamalaharris
Kamala's Facebook: https://www.facebook.com/KamalaHarris
Kamala's Threads: https://www.threads.net/@kamalaharris

#KamalaHarris #Harris2024",241590,6260,4328,public,https://www.youtube.com/watch?v=jujCV86WEPE,2026-10-03T08:46:11+00:00
Kamala Harris,民主党,候选人阵营,youtube,harris,UC0XBsJpPhOLg0k4x9ZwrWzw,M2V5o6EDIfE,2024-10-17T01:32:44+00:00,2024-10-16,shorts,False,none,31,Trump really said that.,"Help Vice President Kamala Harris and Governor Tim Walz put policies in place that protect our fundamental freedoms and defeat Donald Trump and MAGA Republicans this election. Take action at go.kamalaharris.com.
--------------------------------------
Follow Vice President Kamala Harris!

Kamala's Twitter: https://twitter.com/KamalaHarris
Kamala's Tiktok: www.tiktok.com/@kamalaharris
Kamala’s Instagram: https://www.instagram.com/KamalaHarris  
Kamala's Twitch: https://www.twitch.tv/kamalaharris
Kamala's Facebook: https://www.facebook.com/KamalaHarris
Kamala's Threads: https://www.threads.net/@kamalaharris

#KamalaHarris #Harris2024",145559,8808,943,public,https://www.youtube.com/watch?v=M2V5o6EDIfE,2026-10-03T08:46:11+00:00
Kamala Harris,民主党,候选人阵营,youtube,harris,UC0XBsJpPhOLg0k4x9ZwrWzw,uJ5e6YPjrOk,2024-10-17T16:01:01+00:00,2024-10-17,shorts,False,none,51,"Donald Trump is unstable, and we should all be concerned.","Help Vice President Kamala Harris and Governor Tim Walz put policies in place that protect our fundamental freedoms and defeat Donald Trump and MAGA Republicans this election. Take action at go.kamalaharris.com.
--------------------------------------
Follow Vice President Kamala Harris!

Kamala's Twitter: https://twitter.com/KamalaHarris
Kamala's Tiktok: www.tiktok.com/@kamalaharris
Kamala’s Instagram: https://www.instagram.com/KamalaHarris  
Kamala's Twitch: https://www.twitch.tv/kamalaharris
Kamala's Facebook: https://www.facebook.com/KamalaHarris
Kamala's Threads: https://www.threads.net/@kamalaharris

#KamalaHarris #Harris2024 #shorts #youtubeshorts #election #election2024",66831,7048,924,public,https://www.youtube.com/watch?v=uJ5e6YPjrOk,2026-10-03T08:46:11+00:00
Kamala Harris,民主党,候选人阵营,youtube,harris,UC0XBsJpPhOLg0k4x9ZwrWzw,9AaFvd22_Mc,2024-10-17T18:00:03+00:00,2024-10-17,shorts,False,none,30,Never let anybody take your hope from you.,"Help Vice President Kamala Harris and Governor Tim Walz put policies in place that protect our fundamental freedoms and defeat Donald Trump and MAGA Republicans this election. Take action at go.kamalaharris.com.
--------------------------------------
Follow Vice President Kamala Harris!

Kamala's Twitter: https://twitter.com/KamalaHarris
Kamala's Tiktok: www.tiktok.com/@kamalaharris
Kamala’s Instagram: https://www.instagram.com/KamalaHarris  
Kamala's Twitch: https://www.twitch.tv/kamalaharris
Kamala's Facebook: https://www.facebook.com/KamalaHarris
Kamala's Threads: https://www.threads.net/@kamalaharris

#KamalaHarris #Harris2024 #shorts #youtubeshorts #election #election2024",115378,13179,691,public,https://www.youtube.com/watch?v=9AaFvd22_Mc,2026-10-03T08:46:11+00:00
Kamala Harris,民主党,候选人阵营,youtube,harris,UC0XBsJpPhOLg0k4x9ZwrWzw,gs6b0kJJPF8,2024-10-17T20:00:13+00:00,2024-10-17,shorts,False,none,51,Donald Trump has peddled harmful conspiracies about immigrant communities eating pets.,"Donald Trump has peddled harmful conspiracies about immigrant communities eating pets and spread misinformation about resources available to those impacted by Hurricanes Milton and Helene.

He is a deeply unserious man—but the consequences of him having power are deadly serious.

Help Vice President Kamala Harris and Governor Tim Walz put policies in place that protect our fundamental freedoms and defeat Donald Trump and MAGA Republicans this election. Take action at go.kamalaharris.com.
--------------------------------------
Follow Vice President Kamala Harris!

Kamala's Twitter: https://twitter.com/KamalaHarris
Kamala's Tiktok: www.tiktok.com/@kamalaharris
Kamala’s Instagram: https://www.instagram.com/KamalaHarris  
Kamala's Twitch: https://www.twitch.tv/kamalaharris
Kamala's Facebook: https://www.facebook.com/KamalaHarris
Kamala's Threads: https://www.threads.net/@kamalaharris

#KamalaHarris #Harris2024 #shorts #youtubeshorts #election #election2024",585575,33324,2281,public,https://www.youtube.com/watch?v=gs6b0kJJPF8,2026-10-03T08:46:11+00:00
Kamala Harris,民主党,候选人阵营,youtube,harris,UC0XBsJpPhOLg0k4x9ZwrWzw,MEcdRWHiU_Y,2024-10-17T20:06:03+00:00,2024-10-17,videos,False,none,31,Total Power | Harris-Walz 2024,"Help Vice President Kamala Harris and Governor Tim Walz put policies in place that protect our fundamental freedoms and defeat Donald Trump and MAGA Republicans this election. Take action at go.kamalaharris.com.
--------------------------------------
Follow Vice President Kamala Harris!

Kamala's Twitter: https://twitter.com/KamalaHarris
Kamala's Tiktok: www.tiktok.com/@kamalaharris
Kamala’s Instagram: https://www.instagram.com/KamalaHarris  
Kamala's Twitch: https://www.twitch.tv/kamalaharris
Kamala's Facebook: https://www.facebook.com/KamalaHarris
Kamala's Threads: https://www.threads.net/@kamalaharris

#KamalaHarris #Harris2024",28976,2318,379,public,https://www.youtube.com/watch?v=MEcdRWHiU_Y,2026-10-03T08:46:11+00:00
Kamala Harris,民主党,候选人阵营,youtube,harris,UC0XBsJpPhOLg0k4x9ZwrWzw,-Kwbd-Duzmg,2024-10-17T20:06:23+00:00,2024-10-17,videos,False,none,31,"64,000 | Harris-Walz 2024","Help Vice President Kamala Harris and Governor Tim Walz put policies in place that protect our fundamental freedoms and defeat Donald Trump and MAGA Republicans this election. Take action at go.kamalaharris.com.
--------------------------------------
Follow Vice President Kamala Harris!

Kamala's Twitter: https://twitter.com/KamalaHarris
Kamala's Tiktok: www.tiktok.com/@kamalaharris
Kamala’s Instagram: https://www.instagram.com/KamalaHarris  
Kamala's Twitch: https://www.twitch.tv/kamalaharris
Kamala's Facebook: https://www.facebook.com/KamalaHarris
Kamala's Threads: https://www.threads.net/@kamalaharris

#KamalaHarris #Harris2024",26953,3145,508,public,https://www.youtube.com/watch?v=-Kwbd-Duzmg,2026-10-03T08:46:11+00:00
Kamala Harris,民主党,候选人阵营,youtube,harris,UC0XBsJpPhOLg0k4x9ZwrWzw,orMe94M87DY,2024-10-17T21:36:32+00:00,2024-10-17,streams,True,none,4563,Rally with VP Kamala Harris and Mark Cuban in Wisconsin | Harris-Walz 2024,"Today Vice President Kamala Harris is rallying voters in La Crosse, Wisconsin with Mark Cuban. Tune in.
--------------------------------------
Follow Vice President Kamala Harris!

Kamala's Twitter: https://twitter.com/KamalaHarris
Kamala's Tiktok: www.tiktok.com/@kamalaharris
Kamala’s Instagram: https://www.instagram.com/KamalaHarris  
Kamala's Twitch: https://www.twitch.tv/kamalaharris
Kamala's Facebook: https://www.facebook.com/KamalaHarris
Kamala's Threads: https://www.threads.net/@kamalaharris

#KamalaHarris #Harris2024 

For ASL feed, please tune in here: https://us06web.zoom.us/j/83135758176",161794,6665,869,public,https://www.youtube.com/watch?v=orMe94M87DY,2026-10-03T08:46:11+00:00
Kamala Harris,民主党,候选人阵营,youtube,harris,UC0XBsJpPhOLg0k4x9ZwrWzw,uFyIpbjrSng,2024-10-17T22:32:37+00:00,2024-10-17,shorts,False,none,60,The American people are exhausted with Trump's gaslighting.,"Help Vice President Kamala Harris and Governor Tim Walz put policies in place that protect our fundamental freedoms and defeat Donald Trump and MAGA Republicans this election. Take action at go.kamalaharris.com.
--------------------------------------
Follow Vice President Kamala Harris!

Kamala's Twitter: https://twitter.com/KamalaHarris
Kamala's Tiktok: www.tiktok.com/@kamalaharris
Kamala’s Instagram: https://www.instagram.com/KamalaHarris  
Kamala's Twitch: https://www.twitch.tv/kamalaharris
Kamala's Facebook: https://www.facebook.com/KamalaHarris
Kamala's Threads: https://www.threads.net/@kamalaharris

#KamalaHarris #Harris2024 #shorts #youtubeshorts #election #election2024",745856,29543,1617,public,https://www.youtube.com/watch?v=uFyIpbjrSng,2026-10-03T08:46:11+00:00
Kamala Harris,民主党,候选人阵营,youtube,harris,UC0XBsJpPhOLg0k4x9ZwrWzw,xzcv8B1ZWhg,2024-10-17T23:00:41+00:00,2024-10-17,shorts,False,none,14,Our young leaders are building a brighter future one-step at a time.,"Help Vice President Kamala Harris and Governor Tim Walz put policies in place that protect our fundamental freedoms and defeat Donald Trump and MAGA Republicans this election. Take action at go.kamalaharris.com.
--------------------------------------
Follow Vice President Kamala Harris!

Kamala's Twitter: https://twitter.com/KamalaHarris
Kamala's Tiktok: www.tiktok.com/@kamalaharris
Kamala’s Instagram: https://www.instagram.com/KamalaHarris  
Kamala's Twitch: https://www.twitch.tv/kamalaharris
Kamala's Facebook: https://www.facebook.com/KamalaHarris
Kamala's Threads: https://www.threads.net/@kamalaharris

#KamalaHarris #Harris2024 #shorts #youtubeshorts #election",233422,11589,456,public,https://www.youtube.com/watch?v=xzcv8B1ZWhg,2026-10-03T08:46:11+00:00
Kamala Harris,民主党,候选人阵营,youtube,harris,UC0XBsJpPhOLg0k4x9ZwrWzw,1MxIW6fOhGI,2024-10-18T00:30:26+00:00,2024-10-17,streams,True,none,4595,Rally with VP Kamala Harris in Wisconsin | Harris-Walz 2024,"Join Vice President Kamala Harris in Green Bay, Wisconsin for a rally. Watch now.
--------------------------------------
Follow Vice President Kamala Harris!

Kamala's Twitter: https://twitter.com/KamalaHarris
Kamala's Tiktok: www.tiktok.com/@kamalaharris
Kamala’s Instagram: https://www.instagram.com/KamalaHarris  
Kamala's Twitch: https://www.twitch.tv/kamalaharris
Kamala's Facebook: https://www.facebook.com/KamalaHarris
Kamala's Threads: https://www.threads.net/@kamalaharris

#KamalaHarris #harris2024 

For ASL feed, please tune in here: https://us06web.zoom.us/j/83400353159",74795,3163,680,public,https://www.youtube.com/watch?v=1MxIW6fOhGI,2026-10-03T08:46:11+00:00
Kamala Harris,民主党,候选人阵营,youtube,harris,UC0XBsJpPhOLg0k4x9ZwrWzw,n16EAGxXj8E,2024-10-18T15:00:51+00:00,2024-10-18,shorts,False,none,28,"Thanks for breaking it down, Mark: I have a plan to actually grow our economy.","Trump has a plan to raise costs for working and middle-class Americans.

Help Vice President Kamala Harris and Governor Tim Walz put policies in place that protect our fundamental freedoms and defeat Donald Trump and MAGA Republicans this election. Take action at go.kamalaharris.com.
--------------------------------------
Follow Vice President Kamala Harris!

Kamala's Twitter: https://twitter.com/KamalaHarris
Kamala's Tiktok: www.tiktok.com/@kamalaharris
Kamala’s Instagram: https://www.instagram.com/KamalaHarris  
Kamala's Twitch: https://www.twitch.tv/kamalaharris
Kamala's Facebook: https://www.facebook.com/KamalaHarris
Kamala's Threads: https://www.threads.net/@kamalaharris

#KamalaHarris #Harris2024 #shorts #youtubeshorts #election #election2024 #markcuban",591607,24044,1930,public,https://www.youtube.com/watch?v=n16EAGxXj8E,2026-10-03T08:46:11+00:00
Kamala Harris,民主党,候选人阵营,youtube,harris,UC0XBsJpPhOLg0k4x9ZwrWzw,wbLDcPa0viw,2024-10-18T17:00:49+00:00,2024-10-18,shorts,False,none,40,There was nothing “peaceful or patriotic” about what happened on January 6.,"Donald Trump lost the 2020 election. With your support, we will defeat him and his dangerous agenda once again. http://IWillVote.com

Help Vice President Kamala Harris and Governor Tim Walz put policies in place that protect our fundamental freedoms and defeat Donald Trump and MAGA Republicans this election. Take action at go.kamalaharris.com.
--------------------------------------
Follow Vice President Kamala Harris!

Kamala's Twitter: https://twitter.com/KamalaHarris
Kamala's Tiktok: www.tiktok.com/@kamalaharris
Kamala’s Instagram: https://www.instagram.com/KamalaHarris  
Kamala's Twitch: https://www.twitch.tv/kamalaharris
Kamala's Facebook: https://www.facebook.com/KamalaHarris
Kamala's Threads: https://www.threads.net/@kamalaharris

#KamalaHarris #Harris2024 #shorts #youtubeshorts #election #election2024",52853,3722,451,public,https://www.youtube.com/watch?v=wbLDcPa0viw,2026-10-03T08:46:11+00:00
Kamala Harris,民主党,候选人阵营,youtube,harris,UC0XBsJpPhOLg0k4x9ZwrWzw,_Usqss4ApXA,2024-10-18T19:14:27+00:00,2024-10-18,streams,True,none,2706,Michigan Rally Tour with VP Kamala Harris | Stop 1: Grand Rapids,"Vice President Kamala Harris is stopping in three cities in Michigan to rally people across the state to get out the vote. Tune in for her speech at the first rally in Grand Rapids. 

For ASL feed, please tune in here: https://us06web.zoom.us/j/88370935730
--------------------------------------
Follow Vice President Kamala Harris!

Kamala's Twitter: https://twitter.com/KamalaHarris
Kamala's Tiktok: www.tiktok.com/@kamalaharris
Kamala’s Instagram: https://www.instagram.com/KamalaHarris  
Kamala's Twitch: https://www.twitch.tv/kamalaharris
Kamala's Facebook: https://www.facebook.com/KamalaHarris
Kamala's Threads: https://www.threads.net/@kamalaharris

#KamalaHarris #Harris2024",57429,3111,464,public,https://www.youtube.com/watch?v=_Usqss4ApXA,2026-10-03T08:46:11+00:00
Kamala Harris,民主党,候选人阵营,youtube,harris,UC0XBsJpPhOLg0k4x9ZwrWzw,sBwHwkzXgC8,2024-10-18T19:45:28+00:00,2024-10-18,shorts,False,none,55,Donald Trump is dodging debates and ducking interviews.,"Help Vice President Kamala Harris and Governor Tim Walz put policies in place that protect our fundamental freedoms and defeat Donald Trump and MAGA Republicans this election. Take action at go.kamalaharris.com.
--------------------------------------
Follow Vice President Kamala Harris!

Kamala's Twitter: https://twitter.com/KamalaHarris
Kamala's Tiktok: www.tiktok.com/@kamalaharris
Kamala’s Instagram: https://www.instagram.com/KamalaHarris  
Kamala's Twitch: https://www.twitch.tv/kamalaharris
Kamala's Facebook: https://www.facebook.com/KamalaHarris
Kamala's Threads: https://www.threads.net/@kamalaharris

#KamalaHarris #Harris2024 #shorts #youtubeshorts #election #election2024",158361,9101,900,public,https://www.youtube.com/watch?v=sBwHwkzXgC8,2026-10-03T08:46:11+00:00
Kamala Harris,民主党,候选人阵营,youtube,harris,UC0XBsJpPhOLg0k4x9ZwrWzw,fWEm-Jr212M,2024-10-18T20:10:31+00:00,2024-10-18,videos,False,none,61,Recuerdo | Marc Anthony for Harris-Walz 2024,"Help Vice President Kamala Harris and Governor Tim Walz put policies in place that protect our fundamental freedoms and defeat Donald Trump and MAGA Republicans this election. Take action at go.kamalaharris.com.
--------------------------------------
Follow Vice President Kamala Harris!

Kamala's Twitter: https://twitter.com/KamalaHarris
Kamala's Tiktok: www.tiktok.com/@kamalaharris
Kamala’s Instagram: https://www.instagram.com/KamalaHarris  
Kamala's Twitch: https://www.twitch.tv/kamalaharris
Kamala's Facebook: https://www.facebook.com/KamalaHarris
Kamala's Threads: https://www.threads.net/@kamalaharris

#KamalaHarris #Harris2024 #election #election2024",262249,24289,1936,public,https://www.youtube.com/watch?v=fWEm-Jr212M,2026-10-03T08:46:11+00:00
Kamala Harris,民主党,候选人阵营,youtube,harris,UC0XBsJpPhOLg0k4x9ZwrWzw,rFwnKsaPSKg,2024-10-18T20:39:29+00:00,2024-10-18,shorts,False,none,31,"Thank you, @marcanthony, for your support.","Under my presidency, we will stand united regardless of where we’re from.

Help Vice President Kamala Harris and Governor Tim Walz put policies in place that protect our fundamental freedoms and defeat Donald Trump and MAGA Republicans this election. Take action at go.kamalaharris.com.
--------------------------------------
Follow Vice President Kamala Harris!

Kamala's Twitter: https://twitter.com/KamalaHarris
Kamala's Tiktok: www.tiktok.com/@kamalaharris
Kamala’s Instagram: https://www.instagram.com/KamalaHarris  
Kamala's Twitch: https://www.twitch.tv/kamalaharris
Kamala's Facebook: https://www.facebook.com/KamalaHarris
Kamala's Threads: https://www.threads.net/@kamalaharris

#KamalaHarris #Harris2024 #shorts #youtubeshorts #election #election2024 #marcanthony",265395,24461,1545,public,https://www.youtube.com/watch?v=rFwnKsaPSKg,2026-10-03T08:46:11+00:00
Kamala Harris,民主党,候选人阵营,youtube,harris,UC0XBsJpPhOLg0k4x9ZwrWzw,GyxD8jH8e_M,2024-10-18T22:03:43+00:00,2024-10-18,streams,True,none,3006,Michigan Rally Tour with VP Kamala Harris | Stop 2: Lansing,"Vice President Kamala Harris is stopping in three cities in Michigan to rally people across the state to get out the vote. Watch now to hear her speech at the second rally in Lansing. 

For ASL feed, please tune in here: https://us06web.zoom.us/j/89776937366
--------------------------------------
Follow Vice President Kamala Harris!

Kamala's Twitter: https://twitter.com/KamalaHarris
Kamala's Tiktok: www.tiktok.com/@kamalaharris
Kamala’s Instagram: https://www.instagram.com/KamalaHarris  
Kamala's Twitch: https://www.twitch.tv/kamalaharris
Kamala's Facebook: https://www.facebook.com/KamalaHarris
Kamala's Threads: https://www.threads.net/@kamalaharris

#KamalaHarris #Harris2024",57516,3189,255,public,https://www.youtube.com/watch?v=GyxD8jH8e_M,2026-10-03T08:46:11+00:00
Kamala Harris,民主党,候选人阵营,youtube,harris,UC0XBsJpPhOLg0k4x9ZwrWzw,0EPazcBKgaQ,2024-10-18T22:27:32+00:00,2024-10-18,shorts,False,none,47,"Yes, I know the memes.","Help Vice President Kamala Harris and Governor Tim Walz put policies in place that protect our fundamental freedoms and defeat Donald Trump and MAGA Republicans this election. Take action at go.kamalaharris.com.
--------------------------------------
Follow Vice President Kamala Harris!

Kamala's Twitter: https://twitter.com/KamalaHarris
Kamala's Tiktok: www.tiktok.com/@kamalaharris
Kamala’s Instagram: https://www.instagram.com/KamalaHarris  
Kamala's Twitch: https://www.twitch.tv/kamalaharris
Kamala's Facebook: https://www.facebook.com/KamalaHarris
Kamala's Threads: https://www.threads.net/@kamalaharris

#KamalaHarris #Harris2024 #shorts #youtubeshorts #election2024 #election",547593,56050,2336,public,https://www.youtube.com/watch?v=0EPazcBKgaQ,2026-10-03T08:46:11+00:00
Kamala Harris,民主党,候选人阵营,youtube,harris,UC0XBsJpPhOLg0k4x9ZwrWzw,V7Qq1mNIYrU,2024-10-19T00:53:23+00:00,2024-10-18,streams,True,none,2342,Michigan Rally Tour with VP Kamala Harris | Stop 3: Oakland County,"Vice President Kamala Harris is stopping in three cities in Michigan to rally people across the state to get out the vote. Join her at her final rally tonight in Oakland County. 

For ASL feed, please tune in here: https://us06web.zoom.us/j/83599192350
--------------------------------------
Follow Vice President Kamala Harris!

Kamala's Twitter: https://twitter.com/KamalaHarris
Kamala's Tiktok: www.tiktok.com/@kamalaharris
Kamala’s Instagram: https://www.instagram.com/KamalaHarris  
Kamala's Twitch: https://www.twitch.tv/kamalaharris
Kamala's Facebook: https://www.facebook.com/KamalaHarris
Kamala's Threads: https://www.threads.net/@kamalaharris

#KamalaHarris #Harris2024",57842,2905,588,public,https://www.youtube.com/watch?v=V7Qq1mNIYrU,2026-10-03T08:46:11+00:00
Kamala Harris,民主党,候选人阵营,youtube,harris,UC0XBsJpPhOLg0k4x9ZwrWzw,XfvlP5TeIXE,2024-10-19T02:07:00+00:00,2024-10-18,shorts,False,none,21,"No, everybody did not want Donald Trump to get Roe v. Wade overturned.","Help Vice President Kamala Harris and Governor Tim Walz put policies in place that protect our fundamental freedoms and defeat Donald Trump and MAGA Republicans this election. Take action at go.kamalaharris.com.
--------------------------------------
Follow Vice President Kamala Harris!

Kamala's Twitter: https://twitter.com/KamalaHarris
Kamala's Tiktok: www.tiktok.com/@kamalaharris
Kamala’s Instagram: https://www.instagram.com/KamalaHarris  
Kamala's Twitch: https://www.twitch.tv/kamalaharris
Kamala's Facebook: https://www.facebook.com/KamalaHarris
Kamala's Threads: https://www.threads.net/@kamalaharris

#KamalaHarris #Harris2024",60734,4734,454,public,https://www.youtube.com/watch?v=XfvlP5TeIXE,2026-10-03T08:46:11+00:00
Kamala Harris,民主党,候选人阵营,youtube,harris,UC0XBsJpPhOLg0k4x9ZwrWzw,u_knx6fdR1Q,2024-10-19T14:00:50+00:00,2024-10-19,shorts,False,none,27,Now this is a crew.,"Help Vice President Kamala Harris and Governor Tim Walz put policies in place that protect our fundamental freedoms and defeat Donald Trump and MAGA Republicans this election. Take action at go.kamalaharris.com.
--------------------------------------
Follow Vice President Kamala Harris!

Kamala's Twitter: https://twitter.com/KamalaHarris
Kamala's Tiktok: www.tiktok.com/@kamalaharris
Kamala’s Instagram: https://www.instagram.com/KamalaHarris  
Kamala's Twitch: https://www.twitch.tv/kamalaharris
Kamala's Facebook: https://www.facebook.com/KamalaHarris
Kamala's Threads: https://www.threads.net/@kamalaharris

#KamalaHarris #Harris2024",1014702,54797,3592,public,https://www.youtube.com/watch?v=u_knx6fdR1Q,2026-10-03T08:46:11+00:00
Kamala Harris,民主党,候选人阵营,youtube,harris,UC0XBsJpPhOLg0k4x9ZwrWzw,EoI-h_XLP9o,2024-10-19T17:00:10+00:00,2024-10-19,shorts,False,none,39,"As president, I will sign the PRO Act into law and make it easier to join a union.","Help Vice President Kamala Harris and Governor Tim Walz put policies in place that protect our fundamental freedoms and defeat Donald Trump and MAGA Republicans this election. Take action at go.kamalaharris.com.
--------------------------------------
Follow Vice President Kamala Harris!

Kamala's Twitter: https://twitter.com/KamalaHarris
Kamala's Tiktok: www.tiktok.com/@kamalaharris
Kamala’s Instagram: https://www.instagram.com/KamalaHarris  
Kamala's Twitch: https://www.twitch.tv/kamalaharris
Kamala's Facebook: https://www.facebook.com/KamalaHarris
Kamala's Threads: https://www.threads.net/@kamalaharris

#KamalaHarris #Harris2024 #shorts #youtubeshorts #election #election2024",124314,5672,461,public,https://www.youtube.com/watch?v=EoI-h_XLP9o,2026-10-03T08:46:11+00:00
Kamala Harris,民主党,候选人阵营,youtube,harris,UC0XBsJpPhOLg0k4x9ZwrWzw,QyKKzOygtfk,2024-10-19T18:00:14+00:00,2024-10-19,videos,False,none,173,Vice President Harris On Delivering For Black Men | The Breakfast Club Interview,"Vice President Kamala Harris speaks with Charlamagne tha God about her opportunity agenda for Black men.

Throughout her career, Kamala Harris has worked to support HBCUs, expand access to health care, address Black maternal mortality, invest in small businesses, and achieve the lowest Black unemployment rate ever in our country. She will do the same as president.

Help Vice President Kamala Harris and Governor Tim Walz put policies in place that protect our fundamental freedoms and defeat Donald Trump and MAGA Republicans this election. Take action at go.kamalaharris.com.
--------------------------------------
Follow Vice President Kamala Harris!

Kamala's Twitter: https://twitter.com/KamalaHarris
Kamala's Tiktok: www.tiktok.com/@kamalaharris
Kamala’s Instagram: https://www.instagram.com/KamalaHarris  
Kamala's Twitch: https://www.twitch.tv/kamalaharris
Kamala's Facebook: https://www.facebook.com/KamalaHarris
Kamala's Threads: https://www.threads.net/@kamalaharris

#KamalaHarris #Harris2024 #election #election2024 #vote",21643,880,526,public,https://www.youtube.com/watch?v=QyKKzOygtfk,2026-10-03T08:46:11+00:00
Kamala Harris,民主党,候选人阵营,youtube,harris,UC0XBsJpPhOLg0k4x9ZwrWzw,8_sY8AUCRkg,2024-10-19T18:30:10+00:00,2024-10-19,shorts,False,none,34,Donald Trump is the type of leader who beats people down.,"Help Vice President Kamala Harris and Governor Tim Walz put policies in place that protect our fundamental freedoms and defeat Donald Trump and MAGA Republicans this election. Take action at go.kamalaharris.com.
--------------------------------------
Follow Vice President Kamala Harris!

Kamala's Twitter: https://twitter.com/KamalaHarris
Kamala's Tiktok: www.tiktok.com/@kamalaharris
Kamala’s Instagram: https://www.instagram.com/KamalaHarris  
Kamala's Twitch: https://www.twitch.tv/kamalaharris
Kamala's Facebook: https://www.facebook.com/KamalaHarris
Kamala's Threads: https://www.threads.net/@kamalaharris

#KamalaHarris #Harris2024 #shorts #youtubeshorts #election #election2024",203045,6853,581,public,https://www.youtube.com/watch?v=8_sY8AUCRkg,2026-10-03T08:46:11+00:00
Kamala Harris,民主党,候选人阵营,youtube,harris,UC0XBsJpPhOLg0k4x9ZwrWzw,UgkEWk2QZ5U,2024-10-19T18:32:56+00:00,2024-10-19,streams,True,none,1936,VP Kamala Harris & Lizzo Early Vote Event in MI | Harris-Walz 2024,"Vice President Kamala Harris is back in Detroit, Michigan to speak with voters about everything at stake in this election. Tune in. 

Whether you’re voting early, by mail, or in person—make sure you’ve got a plan. Head to IWillVote.com. 

For ASL feed, please tune in here: https://us06web.zoom.us/j/86478647827
--------------------------------------
Follow Vice President Kamala Harris!

Kamala's Twitter: https://twitter.com/KamalaHarris
Kamala's Tiktok: www.tiktok.com/@kamalaharris
Kamala’s Instagram: https://www.instagram.com/KamalaHarris  
Kamala's Twitch: https://www.twitch.tv/kamalaharris
Kamala's Facebook: https://www.facebook.com/KamalaHarris
Kamala's Threads: https://www.threads.net/@kamalaharris

#KamalaHarris #Harris2024",76479,3716,565,public,https://www.youtube.com/watch?v=UgkEWk2QZ5U,2026-10-03T08:46:11+00:00
Kamala Harris,民主党,候选人阵营,youtube,harris,UC0XBsJpPhOLg0k4x9ZwrWzw,epLuvE--qq4,2024-10-19T19:00:28+00:00,2024-10-19,shorts,False,none,30,"If Trump is so exhausted from the campaign trail, is he fit for the toughest job in the world?","Help Vice President Kamala Harris and Governor Tim Walz put policies in place that protect our fundamental freedoms and defeat Donald Trump and MAGA Republicans this election. Take action at go.kamalaharris.com.
--------------------------------------
Follow Vice President Kamala Harris!

Kamala's Twitter: https://twitter.com/KamalaHarris
Kamala's Tiktok: www.tiktok.com/@kamalaharris
Kamala’s Instagram: https://www.instagram.com/KamalaHarris  
Kamala's Twitch: https://www.twitch.tv/kamalaharris
Kamala's Facebook: https://www.facebook.com/KamalaHarris
Kamala's Threads: https://www.threads.net/@kamalaharris

#KamalaHarris #Harris2024 #shorts #youtubeshorts #election #election2024",158422,7434,823,public,https://www.youtube.com/watch?v=epLuvE--qq4,2026-10-03T08:46:11+00:00
Kamala Harris,民主党,候选人阵营,youtube,harris,UC0XBsJpPhOLg0k4x9ZwrWzw,Oj-hv3fvPtw,2024-10-19T20:53:47+00:00,2024-10-19,shorts,False,none,9,"Let’s break some early voting records, Detroit.","Help Vice President Kamala Harris and Governor Tim Walz put policies in place that protect our fundamental freedoms and defeat Donald Trump and MAGA Republicans this election. Take action at go.kamalaharris.com.
--------------------------------------
Follow Vice President Kamala Harris!

Kamala's Twitter: https://twitter.com/KamalaHarris
Kamala's Tiktok: www.tiktok.com/@kamalaharris
Kamala’s Instagram: https://www.instagram.com/KamalaHarris  
Kamala's Twitch: https://www.twitch.tv/kamalaharris
Kamala's Facebook: https://www.facebook.com/KamalaHarris
Kamala's Threads: https://www.threads.net/@kamalaharris

#KamalaHarris #Harris2024",387195,20238,1482,public,https://www.youtube.com/watch?v=Oj-hv3fvPtw,2026-10-03T08:46:11+00:00
Kamala Harris,民主党,候选人阵营,youtube,harris,UC0XBsJpPhOLg0k4x9ZwrWzw,jUrl9Nwo6Wg,2024-10-19T22:31:13+00:00,2024-10-19,shorts,False,none,40,"I always say I eat ""no"" for breakfast.","Help Vice President Kamala Harris and Governor Tim Walz put policies in place that protect our fundamental freedoms and defeat Donald Trump and MAGA Republicans this election. Take action at go.kamalaharris.com.
--------------------------------------
Follow Vice President Kamala Harris!

Kamala's Twitter: https://twitter.com/KamalaHarris
Kamala's Tiktok: www.tiktok.com/@kamalaharris
Kamala’s Instagram: https://www.instagram.com/KamalaHarris  
Kamala's Twitch: https://www.twitch.tv/kamalaharris
Kamala's Facebook: https://www.facebook.com/KamalaHarris
Kamala's Threads: https://www.threads.net/@kamalaharris

#KamalaHarris #Harris2024",390578,32347,1759,public,https://www.youtube.com/watch?v=jUrl9Nwo6Wg,2026-10-03T08:46:11+00:00
Kamala Harris,民主党,候选人阵营,youtube,harris,UC0XBsJpPhOLg0k4x9ZwrWzw,rbvyoFnsz0A,2024-10-19T23:27:13+00:00,2024-10-19,streams,True,none,4655,VP Kamala Harris & Usher at Early Vote Event in GA | Harris-Walz 2024,"Only 17 days until Election Day, and Vice President Kamala Harris is back in Atlanta, Georgia to rally voters to get out the vote. Tune in. 

Whether you’re voting early, by mail, or in person—make sure you’ve got a plan. Head to IWillVote.com. 

For ASL feed, please tune in here: https://us06web.zoom.us/j/89785638374

--------------------------------------
Follow Vice President Kamala Harris!

Kamala's Twitter: https://twitter.com/KamalaHarris
Kamala's Tiktok: www.tiktok.com/@kamalaharris
Kamala’s Instagram: https://www.instagram.com/KamalaHarris  
Kamala's Twitch: https://www.twitch.tv/kamalaharris
Kamala's Facebook: https://www.facebook.com/KamalaHarris
Kamala's Threads: https://www.threads.net/@kamalaharris

#KamalaHarris #Harris2024",163967,7423,853,public,https://www.youtube.com/watch?v=rbvyoFnsz0A,2026-10-03T08:46:11+00:00
Kamala Harris,民主党,候选人阵营,youtube,harris,UC0XBsJpPhOLg0k4x9ZwrWzw,2HJOuGlKtxk,2024-10-20T00:11:15+00:00,2024-10-19,shorts,False,none,21,"Thank you for being a part of our campaign, @Lizzo.","Help Vice President Kamala Harris and Governor Tim Walz put policies in place that protect our fundamental freedoms and defeat Donald Trump and MAGA Republicans this election. Take action at go.kamalaharris.com.
--------------------------------------
Follow Vice President Kamala Harris!

Kamala's Twitter: https://twitter.com/KamalaHarris
Kamala's Tiktok: www.tiktok.com/@kamalaharris
Kamala’s Instagram: https://www.instagram.com/KamalaHarris  
Kamala's Twitch: https://www.twitch.tv/kamalaharris
Kamala's Facebook: https://www.facebook.com/KamalaHarris
Kamala's Threads: https://www.threads.net/@kamalaharris

#KamalaHarris #Harris2024",963275,45820,2454,public,https://www.youtube.com/watch?v=2HJOuGlKtxk,2026-10-03T08:46:11+00:00
Kamala Harris,民主党,候选人阵营,youtube,harris,UC0XBsJpPhOLg0k4x9ZwrWzw,VXFwHtkUIIo,2024-10-20T01:03:43+00:00,2024-10-19,shorts,False,none,18,Donald Trump is unfit to be President of the United States.,"Help Vice President Kamala Harris and Governor Tim Walz put policies in place that protect our fundamental freedoms and defeat Donald Trump and MAGA Republicans this election. Take action at go.kamalaharris.com.
--------------------------------------
Follow Vice President Kamala Harris!

Kamala's Twitter: https://twitter.com/KamalaHarris
Kamala's Tiktok: www.tiktok.com/@kamalaharris
Kamala’s Instagram: https://www.instagram.com/KamalaHarris  
Kamala's Twitch: https://www.twitch.tv/kamalaharris
Kamala's Facebook: https://www.facebook.com/KamalaHarris
Kamala's Threads: https://www.threads.net/@kamalaharris

#KamalaHarris #Harris2024",66061,2100,417,public,https://www.youtube.com/watch?v=VXFwHtkUIIo,2026-10-03T08:46:11+00:00
Kamala Harris,民主党,候选人阵营,youtube,harris,UC0XBsJpPhOLg0k4x9ZwrWzw,pInAdY3MD6A,2024-10-20T03:25:22+00:00,2024-10-19,streams,True,none,3971,President Barack Obama Speech at Nevada Rally for Harris-Walz,"There are 17 days left until Election Day. President Barack Obama is in Las Vegas, Nevada to help Vice President Kamala Harris and Governor Tim Walz to get out the vote—watch his speech:

For ASL feed, please tune in here: https://us06web.zoom.us/j/82531433042
--------------------------------------
Follow Vice President Kamala Harris!

Kamala's Twitter: https://twitter.com/KamalaHarris
Kamala's Tiktok: www.tiktok.com/@kamalaharris
Kamala’s Instagram: https://www.instagram.com/KamalaHarris  
Kamala's Twitch: https://www.twitch.tv/kamalaharris
Kamala's Facebook: https://www.facebook.com/KamalaHarris
Kamala's Threads: https://www.threads.net/@kamalaharris

#KamalaHarris #Harris2024",91535,5030,725,public,https://www.youtube.com/watch?v=pInAdY3MD6A,2026-10-03T08:46:11+00:00
Kamala Harris,民主党,候选人阵营,youtube,harris,UC0XBsJpPhOLg0k4x9ZwrWzw,2ti0J7j7CtE,2024-10-20T19:22:47+00:00,2024-10-20,shorts,False,none,56,"Stacey, my best friend from kindergarten, is still my best friend today.","Help Vice President Kamala Harris and Governor Tim Walz put policies in place that protect our fundamental freedoms and defeat Donald Trump and MAGA Republicans this election. Take action at go.kamalaharris.com.
--------------------------------------
Follow Vice President Kamala Harris!

Kamala's Twitter: https://twitter.com/KamalaHarris
Kamala's Tiktok: www.tiktok.com/@kamalaharris
Kamala’s Instagram: https://www.instagram.com/KamalaHarris  
Kamala's Twitch: https://www.twitch.tv/kamalaharris
Kamala's Facebook: https://www.facebook.com/KamalaHarris
Kamala's Threads: https://www.threads.net/@kamalaharris

#KamalaHarris #Harris2024 #shorts #youtubeshorts #election #election2024",301783,26703,952,public,https://www.youtube.com/watch?v=2ti0J7j7CtE,2026-10-03T08:46:11+00:00
Kamala Harris,民主党,候选人阵营,youtube,harris,UC0XBsJpPhOLg0k4x9ZwrWzw,FKxSTAhUjDE,2024-10-20T20:56:34+00:00,2024-10-20,videos,False,none,117,Vice President Kamala Harris Attends Sunday Service at a Georgia Church,"On October 20, 2024, Vice President Kamala Harris joined NEWBIRTH Church in Stonecrest, Georgia for Sunday service.

Help Vice President Kamala Harris and Governor Tim Walz put policies in place that protect our fundamental freedoms and defeat Donald Trump and MAGA Republicans this election. Take action at https://go.kamalaharris.com.
--------------------------------------
Follow Vice President Kamala Harris!

Kamala's Twitter: https://twitter.com/KamalaHarris
Kamala's Tiktok: www.tiktok.com/@kamalaharris
Kamala’s Instagram: https://www.instagram.com/KamalaHarris  
Kamala's Twitch: https://www.twitch.tv/kamalaharris
Kamala's Facebook: https://www.facebook.com/KamalaHarris
Kamala's Threads: https://www.threads.net/@kamalaharris

#KamalaHarris #Harris2024 #election #election2024",47761,2179,1235,public,https://www.youtube.com/watch?v=FKxSTAhUjDE,2026-10-03T08:46:11+00:00
Kamala Harris,民主党,候选人阵营,youtube,harris,UC0XBsJpPhOLg0k4x9ZwrWzw,lpZn2MjbdRw,2024-10-20T23:00:25+00:00,2024-10-20,videos,False,none,377,Kamala Harris Breaks Down Her Economic Policy | Rev. Al Sharpton Interview,"Vice President Kamala Harris answers Reverend Al Sharpton's questions about her economic policy proposals and vision for America's future.

Help Vice President Kamala Harris and Governor Tim Walz put policies in place that protect our fundamental freedoms and defeat Donald Trump and MAGA Republicans this election. Take action at https://go.kamalaharris.com.
--------------------------------------
Follow Vice President Kamala Harris!

Kamala's Twitter: https://twitter.com/KamalaHarris
Kamala's Tiktok: https://tiktok.com/@kamalaharris
Kamala’s Instagram: https://www.instagram.com/KamalaHarris  
Kamala's Twitch: https://www.twitch.tv/kamalaharris
Kamala's Facebook: https://www.facebook.com/KamalaHarris
Kamala's Threads: https://www.threads.net/@kamalaharris

#KamalaHarris #Harris2024 #election #election2024",61494,3051,1628,public,https://www.youtube.com/watch?v=lpZn2MjbdRw,2026-10-03T08:46:11+00:00
Kamala Harris,民主党,候选人阵营,youtube,harris,UC0XBsJpPhOLg0k4x9ZwrWzw,jyVmSLWxG3g,2024-10-21T01:00:32+00:00,2024-10-20,shorts,False,none,40,Thank you to my friend @steviewonder—it’s a joy to spend my birthday in Georgia with all of you.,"Help Vice President Kamala Harris and Governor Tim Walz put policies in place that protect our fundamental freedoms and defeat Donald Trump and MAGA Republicans this election. Take action at https://go.kamalaharris.com.
--------------------------------------
Follow Vice President Kamala Harris!

Kamala's Twitter: https://twitter.com/KamalaHarris
Kamala's Tiktok: https://tiktok.com/@kamalaharris
Kamala’s Instagram: https://www.instagram.com/KamalaHarris  
Kamala's Twitch: https://www.twitch.tv/kamalaharris
Kamala's Facebook: https://www.facebook.com/KamalaHarris
Kamala's Threads: https://www.threads.net/@kamalaharris

#KamalaHarris #Harris2024 #shorts #youtubeshorts #election #election2024",141253,14536,925,public,https://www.youtube.com/watch?v=jyVmSLWxG3g,2026-10-03T08:46:11+00:00
Kamala Harris,民主党,候选人阵营,youtube,harris,UC0XBsJpPhOLg0k4x9ZwrWzw,aU0pw_wLiJw,2024-10-21T13:30:01+00:00,2024-10-21,videos,False,none,434,Barbershop Roundtable with Kamala Harris' Principal Deputy Campaign Manager Quentin Fulks,"Quentin Fulks, Principal Deputy Campaign Manager for the Harris-Walz 2024 campaign, joined barbershop regulars at Faheem's Hand of Precision in Philadephia to discuss policy, leadership, and why they're voting for Kamala Harris.

--------------------------------------
Follow Vice President Kamala Harris!

Kamala's Twitter: https://twitter.com/KamalaHarris
Kamala's Tiktok: https://tiktok.com/@kamalaharris
Kamala’s Instagram: https://www.instagram.com/KamalaHarris  
Kamala's Twitch: https://www.twitch.tv/kamalaharris
Kamala's Facebook: https://www.facebook.com/KamalaHarris
Kamala's Threads: https://www.threads.net/@kamalaharris

#KamalaHarris #Harris2024 #election #election2024",27904,2732,587,public,https://www.youtube.com/watch?v=aU0pw_wLiJw,2026-10-03T08:46:11+00:00
Kamala Harris,民主党,候选人阵营,youtube,harris,UC0XBsJpPhOLg0k4x9ZwrWzw,0fT98PV3Bm0,2024-10-21T14:30:00+00:00,2024-10-21,videos,False,none,210,Kamala Harris' 2024 Al Smith Dinner Message ft. Molly Shannon | Harris-Walz 2024,"Follow Vice President Kamala Harris!

Kamala's Twitter: https://twitter.com/KamalaHarris
Kamala's Tiktok: www.tiktok.com/@kamalaharris
Kamala’s Instagram: https://www.instagram.com/KamalaHarris  
Kamala's Twitch: https://www.twitch.tv/kamalaharris
Kamala's Facebook: https://www.facebook.com/KamalaHarris
Kamala's Threads: https://www.threads.net/@kamalaharris

#KamalaHarris #Harris2024",248071,4288,2007,public,https://www.youtube.com/watch?v=0fT98PV3Bm0,2026-10-03T08:46:11+00:00
Kamala Harris,民主党,候选人阵营,youtube,harris,UC0XBsJpPhOLg0k4x9ZwrWzw,XturwvZjc_E,2024-10-21T16:37:53+00:00,2024-10-21,streams,True,none,3481,VP Kamala Harris Conversation in Pennsylvania with Liz Cheney & Sarah Longwell,"Join Vice President Kamala Harris’ conversation in Chester answering Pennsylvanians’ questions about her plans for the American people. Hosted by Congresswoman Liz Cheney and moderated by Sarah Longwell—watch now.

For ASL feed, please tune in here: https://us06web.zoom.us/j/88174556802",72709,3883,512,public,https://www.youtube.com/watch?v=XturwvZjc_E,2026-10-03T08:46:11+00:00
Kamala Harris,民主党,候选人阵营,youtube,harris,UC0XBsJpPhOLg0k4x9ZwrWzw,6w9xR_T2Mjo,2024-10-21T17:00:06+00:00,2024-10-21,shorts,False,none,42,"Thank you, Nora, for all your support. I can’t believe you’re headed to college.","Help Vice President Kamala Harris and Governor Tim Walz put policies in place that protect our fundamental freedoms and defeat Donald Trump and MAGA Republicans this election. Take action at go.kamalaharris.com.
--------------------------------------
Follow Vice President Kamala Harris!

Kamala's Twitter: https://twitter.com/KamalaHarris
Kamala's Tiktok: www.tiktok.com/@kamalaharris
Kamala’s Instagram: https://www.instagram.com/KamalaHarris  
Kamala's Twitch: https://www.twitch.tv/kamalaharris
Kamala's Facebook: https://www.facebook.com/KamalaHarris
Kamala's Threads: https://www.threads.net/@kamalaharris

#KamalaHarris #Harris2024 #shorts #youtubeshorts #election #election2024",197287,14328,486,public,https://www.youtube.com/watch?v=6w9xR_T2Mjo,2026-10-03T08:46:11+00:00
Kamala Harris,民主党,候选人阵营,youtube,harris,UC0XBsJpPhOLg0k4x9ZwrWzw,YZRaO2Mw4i0,2024-10-21T19:00:19+00:00,2024-10-21,shorts,False,none,26,Grabbed some Tasty Ranch Dill pretzels for Doug from Port City Pretzel in Portsmouth.,"Help Vice President Kamala Harris and Governor Tim Walz put policies in place that protect our fundamental freedoms and defeat Donald Trump and MAGA Republicans this election. Take action at go.kamalaharris.com.
--------------------------------------
Follow Vice President Kamala Harris!

Kamala's Twitter: https://twitter.com/KamalaHarris
Kamala's Tiktok: www.tiktok.com/@kamalaharris
Kamala’s Instagram: https://www.instagram.com/KamalaHarris  
Kamala's Twitch: https://www.twitch.tv/kamalaharris
Kamala's Facebook: https://www.facebook.com/KamalaHarris
Kamala's Threads: https://www.threads.net/@kamalaharris

#KamalaHarris #Harris2024 #shorts #youtubeshorts #election #election2024",1081229,39315,1416,public,https://www.youtube.com/watch?v=YZRaO2Mw4i0,2026-10-03T08:46:11+00:00
Kamala Harris,民主党,候选人阵营,youtube,harris,UC0XBsJpPhOLg0k4x9ZwrWzw,4U_LdQBpPtY,2024-10-21T20:00:02+00:00,2024-10-21,shorts,False,none,22,I know what it is like to care for an aging parent while working full-time.,"That is why my opportunity agenda will make life easier for those taking care of their parents and grandparents by having Medicare cover the cost of home health care. 

Help Vice President Kamala Harris and Governor Tim Walz put policies in place that protect our fundamental freedoms and defeat Donald Trump and MAGA Republicans this election. Take action at https://go.kamalaharris.com.
--------------------------------------
Follow Vice President Kamala Harris!

Kamala's Twitter: https://twitter.com/KamalaHarris
Kamala's Tiktok: https://tiktok.com/@kamalaharris
Kamala’s Instagram: https://www.instagram.com/KamalaHarris  
Kamala's Twitch: https://www.twitch.tv/kamalaharris
Kamala's Facebook: https://www.facebook.com/KamalaHarris
Kamala's Threads: https://www.threads.net/@kamalaharris

#KamalaHarris #Harris2024 #shorts #election2024 #youtubeshorts #election",98479,7293,488,public,https://www.youtube.com/watch?v=4U_LdQBpPtY,2026-10-03T08:46:11+00:00
Kamala Harris,民主党,候选人阵营,youtube,harris,UC0XBsJpPhOLg0k4x9ZwrWzw,05GMnOs4qOw,2024-10-21T21:00:00+00:00,2024-10-21,shorts,False,none,31,"Sometimes you hit the note, sometimes you don't.","Help Vice President Kamala Harris and Governor Tim Walz put policies in place that protect our fundamental freedoms and defeat Donald Trump and MAGA Republicans this election. Take action at go.kamalaharris.com.
--------------------------------------
Follow Vice President Kamala Harris!

Kamala's Twitter: https://twitter.com/KamalaHarris
Kamala's Tiktok: www.tiktok.com/@kamalaharris
Kamala’s Instagram: https://www.instagram.com/KamalaHarris  
Kamala's Twitch: https://www.twitch.tv/kamalaharris
Kamala's Facebook: https://www.facebook.com/KamalaHarris
Kamala's Threads: https://www.threads.net/@kamalaharris

#KamalaHarris #Harris2024 #shorts #youtubeshorts #election #election2024",178398,9772,932,public,https://www.youtube.com/watch?v=05GMnOs4qOw,2026-10-03T08:46:11+00:00
Kamala Harris,民主党,候选人阵营,youtube,harris,UC0XBsJpPhOLg0k4x9ZwrWzw,LVgFrlwsUoI,2024-10-21T21:23:56+00:00,2024-10-21,streams,True,none,3347,Vice President Kamala Harris Conversation in Michigan with Liz Cheney & Maria Shriver,"Vice President Kamala Harris joined Congresswoman Liz Cheney and Maria Shriver in Birmingham, Michigan to answer Michiganders' questions about her plans for the American people and explain why Democrats, Republicans, and independents alike are supporting her campaign.
--------------------------------------
Follow Vice President Kamala Harris!

Kamala's Twitter: https://twitter.com/KamalaHarris
Kamala's Tiktok: https://tiktok.com/@kamalaharris
Kamala’s Instagram: https://www.instagram.com/KamalaHarris  
Kamala's Twitch: https://www.twitch.tv/kamalaharris
Kamala's Facebook: https://www.facebook.com/KamalaHarris
Kamala's Threads: https://www.threads.net/@kamalaharris

#KamalaHarris #Harris2024",83684,3763,688,public,https://www.youtube.com/watch?v=LVgFrlwsUoI,2026-10-03T08:46:11+00:00
Kamala Harris,民主党,候选人阵营,youtube,harris,UC0XBsJpPhOLg0k4x9ZwrWzw,5pPJSey0TUg,2024-10-22T00:59:20+00:00,2024-10-21,streams,True,none,3166,VP Kamala Harris Conversation in Wisconsin with Liz Cheney & Charlie Sykes,"Join Vice President Kamala Harris’ conversation in Waukesha answering Wisconsinites’ questions about her plans for the American people. Hosted by Congresswoman Liz Cheney and moderated by Charlie Sykes—watch now.

For ASL feed, please tune in here: https://us06web.zoom.us/j/85866573914
--------------------------------------
Follow Vice President Kamala Harris!

Kamala's Twitter: https://twitter.com/KamalaHarris
Kamala's Tiktok: https://tiktok.com/@kamalaharris
Kamala’s Instagram: https://www.instagram.com/KamalaHarris  
Kamala's Twitch: https://www.twitch.tv/kamalaharris
Kamala's Facebook: https://www.facebook.com/KamalaHarris
Kamala's Threads: https://www.threads.net/@kamalaharris

#KamalaHarris #Harris2024",100004,4980,687,public,https://www.youtube.com/watch?v=5pPJSey0TUg,2026-10-03T08:46:11+00:00
Kamala Harris,民主党,候选人阵营,youtube,harris,UC0XBsJpPhOLg0k4x9ZwrWzw,kKHpV17hYQ8,2024-10-22T02:15:44+00:00,2024-10-21,videos,False,none,286,Vice President Kamala Harris' Plan For Affordable Child & Elder Care,"Vice President Kamala Harris answers one voter's question about her economic plan to strengthen Medicare, make child and elder care more affordable, and support working families during a campaign event in Michigan.

Help Vice President Kamala Harris and Governor Tim Walz put policies in place that protect our fundamental freedoms and defeat Donald Trump and MAGA Republicans this election. Take action at https://go.kamalaharris.com.
--------------------------------------
Follow Vice President Kamala Harris!

Kamala's Twitter: https://twitter.com/KamalaHarris
Kamala's Tiktok: https://tiktok.com/@kamalaharris
Kamala’s Instagram: https://www.instagram.com/KamalaHarris  
Kamala's Twitch: https://www.twitch.tv/kamalaharris
Kamala's Facebook: https://www.facebook.com/KamalaHarris
Kamala's Threads: https://www.threads.net/@kamalaharris

#KamalaHarris #Harris2024 #election #election2024",27078,1188,738,public,https://www.youtube.com/watch?v=kKHpV17hYQ8,2026-10-03T08:46:11+00:00
Kamala Harris,民主党,候选人阵营,youtube,harris,UC0XBsJpPhOLg0k4x9ZwrWzw,E7PZ1recjLw,2024-10-22T15:09:24+00:00,2024-10-22,shorts,False,none,20,Donald Trump is rambling about nonsense.,"Help Vice President Kamala Harris and Governor Tim Walz put policies in place that protect our fundamental freedoms and defeat Donald Trump and MAGA Republicans this election. Take action at https://go.kamalaharris.com.
--------------------------------------
Follow Vice President Kamala Harris!

Kamala's Twitter: https://twitter.com/KamalaHarris
Kamala's Tiktok: https://tiktok.com/@kamalaharris
Kamala’s Instagram: https://www.instagram.com/KamalaHarris  
Kamala's Twitch: https://www.twitch.tv/kamalaharris
Kamala's Facebook: https://www.facebook.com/KamalaHarris
Kamala's Threads: https://www.threads.net/@kamalaharris

#KamalaHarris #Harris2024 #shorts #youtubeshorts #election #election2024",65047,3899,453,public,https://www.youtube.com/watch?v=E7PZ1recjLw,2026-10-03T08:46:11+00:00
Kamala Harris,民主党,候选人阵营,youtube,harris,UC0XBsJpPhOLg0k4x9ZwrWzw,N_z2baFHtmQ,2024-10-22T16:03:58+00:00,2024-10-22,videos,False,none,286,Vice President Kamala Harris' Plan To Protect Reproductive Freedom,"Vice President Kamala Harris answers a former Republican voter's question about protecting reproductive freedoms and battling Trump's abortion bans.

Help Vice President Kamala Harris and Governor Tim Walz put policies in place that protect our fundamental freedoms and defeat Donald Trump and MAGA Republicans this election. Take action at https://go.kamalaharris.com.
--------------------------------------
Follow Vice President Kamala Harris!

Kamala's Twitter: https://twitter.com/KamalaHarris
Kamala's Tiktok: https://tiktok.com/@kamalaharris
Kamala’s Instagram: https://www.instagram.com/KamalaHarris  
Kamala's Twitch: https://www.twitch.tv/kamalaharris
Kamala's Facebook: https://www.facebook.com/KamalaHarris
Kamala's Threads: https://www.threads.net/@kamalaharris

#KamalaHarris #Harris2024 #election #election2024",19558,1715,541,public,https://www.youtube.com/watch?v=N_z2baFHtmQ,2026-10-03T08:46:11+00:00
Kamala Harris,民主党,候选人阵营,youtube,harris,UC0XBsJpPhOLg0k4x9ZwrWzw,lYJCud8JcgY,2024-10-22T18:00:23+00:00,2024-10-22,videos,False,none,77,Vice President Kamala Harris on Expanding Medicare to Cover Home Care for Seniors,"Vice President Kamala Harris explains her plan to expand Medicare to cover the cost of home care for senior citizens. This policy would allow seniors to live with dignity and provide needed support to members of the ""Sandwich Generation""—those who are caring for their own children as well as aging relatives.

Help Vice President Kamala Harris and Governor Tim Walz put policies in place that protect our fundamental freedoms and defeat Donald Trump and MAGA Republicans this election. Take action at https://go.kamalaharris.com.

--------------------------------------
Follow Vice President Kamala Harris!

Kamala's Twitter: https://twitter.com/KamalaHarris
Kamala's Tiktok: https://tiktok.com/@kamalaharris
Kamala’s Instagram: https://www.instagram.com/KamalaHarris  
Kamala's Twitch: https://www.twitch.tv/kamalaharris
Kamala's Facebook: https://www.facebook.com/KamalaHarris
Kamala's Threads: https://www.threads.net/@kamalaharris

#KamalaHarris #Harris2024 #election #election2024",12089,1488,354,public,https://www.youtube.com/watch?v=lYJCud8JcgY,2026-10-03T08:46:11+00:00
Kamala Harris,民主党,候选人阵营,youtube,harris,UC0XBsJpPhOLg0k4x9ZwrWzw,Gyzz3yIq1Jk,2024-10-22T19:21:49+00:00,2024-10-22,shorts,False,none,57,"We will never stop saying Amber Nicole Thurman's name, and we will not let her be just a statistic.","Donald Trump refuses to take accountability, or even acknowledge, the pain and suffering he has caused.
Help Vice President Kamala Harris and Governor Tim Walz put policies in place that protect our fundamental freedoms and defeat Donald Trump and MAGA Republicans this election. Take action at https://go.kamalaharris.com.
--------------------------------------
Follow Vice President Kamala Harris!

Kamala's Twitter: https://twitter.com/KamalaHarris
Kamala's Tiktok: https://tiktok.com/@kamalaharris
Kamala’s Instagram: https://www.instagram.com/KamalaHarris  
Kamala's Twitch: https://www.twitch.tv/kamalaharris
Kamala's Facebook: https://www.facebook.com/KamalaHarris
Kamala's Threads: https://www.threads.net/@kamalaharris

#KamalaHarris #Harris2024 #shorts #youtubeshorts #election #election2024",228749,17367,812,public,https://www.youtube.com/watch?v=Gyzz3yIq1Jk,2026-10-03T08:46:11+00:00
Kamala Harris,民主党,候选人阵营,youtube,harris,UC0XBsJpPhOLg0k4x9ZwrWzw,umKCFu7eL0k,2024-10-22T20:58:58+00:00,2024-10-22,videos,False,none,31,Amber Thurman | Harris-Walz 2024,"Help Vice President Kamala Harris and Governor Tim Walz put policies in place that protect our fundamental freedoms and defeat Donald Trump and MAGA Republicans this election. Take action at https://go.kamalaharris.com.
--------------------------------------
Follow Vice President Kamala Harris!

Kamala's Twitter: https://twitter.com/KamalaHarris
Kamala's Tiktok: https://tiktok.com/@kamalaharris
Kamala’s Instagram: https://www.instagram.com/KamalaHarris  
Kamala's Twitch: https://www.twitch.tv/kamalaharris
Kamala's Facebook: https://www.facebook.com/KamalaHarris
Kamala's Threads: https://www.threads.net/@kamalaharris

#KamalaHarris #Harris2024",12427,864,378,public,https://www.youtube.com/watch?v=umKCFu7eL0k,2026-10-03T08:46:11+00:00
Kamala Harris,民主党,候选人阵营,youtube,harris,UC0XBsJpPhOLg0k4x9ZwrWzw,lJAzo_88xAY,2024-10-22T23:15:30+00:00,2024-10-22,shorts,False,none,25,Detroit is a town of people who have grit and determination.,"Help Vice President Kamala Harris and Governor Tim Walz put policies in place that protect our fundamental freedoms and defeat Donald Trump and MAGA Republicans this election. Take action at https://go.kamalaharris.com.
--------------------------------------
Follow Vice President Kamala Harris!

Kamala's Twitter: https://twitter.com/KamalaHarris
Kamala's Tiktok: https://tiktok.com/@kamalaharris
Kamala’s Instagram: https://www.instagram.com/KamalaHarris  
Kamala's Twitch: https://www.twitch.tv/kamalaharris
Kamala's Facebook: https://www.facebook.com/KamalaHarris
Kamala's Threads: https://www.threads.net/@kamalaharris

#KamalaHarris #Harris2024",54990,5295,443,public,https://www.youtube.com/watch?v=lJAzo_88xAY,2026-10-03T08:46:11+00:00
Kamala Harris,民主党,候选人阵营,youtube,harris,UC0XBsJpPhOLg0k4x9ZwrWzw,cx_efZ6f1Lo,2024-10-23T02:32:20+00:00,2024-10-22,shorts,False,none,37,Take it from the people who know Donald Trump best: He is unfit to be president.,"Help Vice President Kamala Harris and Governor Tim Walz put policies in place that protect our fundamental freedoms and defeat Donald Trump and MAGA Republicans this election. Take action at https://go.kamalaharris.com.
--------------------------------------
Follow Vice President Kamala Harris!

Kamala's Twitter: https://twitter.com/KamalaHarris
Kamala's Tiktok: https://tiktok.com/@kamalaharris
Kamala’s Instagram: https://www.instagram.com/KamalaHarris  
Kamala's Twitch: https://www.twitch.tv/kamalaharris
Kamala's Facebook: https://www.facebook.com/KamalaHarris
Kamala's Threads: https://www.threads.net/@kamalaharris

#KamalaHarris #Harris2024",128851,3472,422,public,https://www.youtube.com/watch?v=cx_efZ6f1Lo,2026-10-03T08:46:11+00:00
Kamala Harris,民主党,候选人阵营,youtube,harris,UC0XBsJpPhOLg0k4x9ZwrWzw,4zNmmiYjDgQ,2024-10-23T14:48:59+00:00,2024-10-23,videos,False,none,61,You Will Be Protected | Harris-Walz 2024,"Help Vice President Kamala Harris and Governor Tim Walz put policies in place that protect our fundamental freedoms and defeat Donald Trump and MAGA Republicans this election. Take action at https://go.kamalaharris.com.
--------------------------------------
Follow Vice President Kamala Harris!

Kamala's Twitter: https://twitter.com/KamalaHarris
Kamala's Tiktok: https://tiktok.com/@kamalaharris
Kamala’s Instagram: https://www.instagram.com/KamalaHarris  
Kamala's Twitch: https://www.twitch.tv/kamalaharris
Kamala's Facebook: https://www.facebook.com/KamalaHarris
Kamala's Threads: https://www.threads.net/@kamalaharris

#KamalaHarris #Harris2024",70890,2795,432,public,https://www.youtube.com/watch?v=4zNmmiYjDgQ,2026-10-03T08:46:11+00:00
Kamala Harris,民主党,候选人阵营,youtube,harris,UC0XBsJpPhOLg0k4x9ZwrWzw,WGCVxgcxJRo,2024-10-23T15:19:38+00:00,2024-10-23,videos,False,none,151,Ondrea's Story | Harris-Walz 2024,"Help Vice President Kamala Harris and Governor Tim Walz put policies in place that protect our fundamental freedoms and defeat Donald Trump and MAGA Republicans this election. Take action at https://go.kamalaharris.com.
--------------------------------------
Follow Vice President Kamala Harris!

Kamala's Twitter: https://twitter.com/KamalaHarris
Kamala's Tiktok: https://tiktok.com/@kamalaharris
Kamala’s Instagram: https://www.instagram.com/KamalaHarris  
Kamala's Twitch: https://www.twitch.tv/kamalaharris
Kamala's Facebook: https://www.facebook.com/KamalaHarris
Kamala's Threads: https://www.threads.net/@kamalaharris

#KamalaHarris #Harris2024",49222,2495,370,public,https://www.youtube.com/watch?v=WGCVxgcxJRo,2026-10-03T08:46:11+00:00
Kamala Harris,民主党,候选人阵营,youtube,harris,UC0XBsJpPhOLg0k4x9ZwrWzw,1JBCiz4jJeA,2024-10-23T15:20:02+00:00,2024-10-23,videos,False,none,16,Ceasar | Harris-Walz 2024,"Help Vice President Kamala Harris and Governor Tim Walz put policies in place that protect our fundamental freedoms and defeat Donald Trump and MAGA Republicans this election. Take action at https://go.kamalaharris.com.
--------------------------------------
Follow Vice President Kamala Harris!

Kamala's Twitter: https://twitter.com/KamalaHarris
Kamala's Tiktok: https://tiktok.com/@kamalaharris
Kamala’s Instagram: https://www.instagram.com/KamalaHarris  
Kamala's Twitch: https://www.twitch.tv/kamalaharris
Kamala's Facebook: https://www.facebook.com/KamalaHarris
Kamala's Threads: https://www.threads.net/@kamalaharris

#KamalaHarris #Harris2024",9084,780,133,public,https://www.youtube.com/watch?v=1JBCiz4jJeA,2026-10-03T08:46:11+00:00
Kamala Harris,民主党,候选人阵营,youtube,harris,UC0XBsJpPhOLg0k4x9ZwrWzw,f_y4KpP6MAU,2024-10-23T15:39:05+00:00,2024-10-23,shorts,False,none,53,"President Biden and I are counting on your leadership, Evie.","Help Vice President Kamala Harris and Governor Tim Walz put policies in place that protect our fundamental freedoms and defeat Donald Trump and MAGA Republicans this election. Take action at https://go.kamalaharris.com.
--------------------------------------
Follow Vice President Kamala Harris!

Kamala's Twitter: https://twitter.com/KamalaHarris
Kamala's Tiktok: https://tiktok.com/@kamalaharris
Kamala’s Instagram: https://www.instagram.com/KamalaHarris  
Kamala's Twitch: https://www.twitch.tv/kamalaharris
Kamala's Facebook: https://www.facebook.com/KamalaHarris
Kamala's Threads: https://www.threads.net/@kamalaharris

#KamalaHarris #Harris2024 #shorts #youtubeshorts #election #election2024",5358232,151292,3725,public,https://www.youtube.com/watch?v=f_y4KpP6MAU,2026-10-03T08:46:11+00:00
Kamala Harris,民主党,候选人阵营,youtube,harris,UC0XBsJpPhOLg0k4x9ZwrWzw,VkcwpTFAhQg,2024-10-23T16:14:44+00:00,2024-10-23,videos,False,none,31,Mark Cuban and Kamala Harris on Trump's Plans for the Economy (First Look),"Shark Tank's Mark Cuban and Vice President Kamala Harris discuss why Donald Trump’s plan would be a disaster for entrepreneurs and small business owners.

Watch the full conversation here on YouTube on Wednesday, October 23: http://kamalaharris.link/cuban

Help Vice President Kamala Harris and Governor Tim Walz put policies in place that protect our fundamental freedoms and defeat Donald Trump and MAGA Republicans this election. Take action at https://go.kamalaharris.com.
--------------------------------------
Follow Vice President Kamala Harris!

Kamala's Twitter: https://twitter.com/KamalaHarris
Kamala's Tiktok: https://tiktok.com/@kamalaharris
Kamala’s Instagram: https://www.instagram.com/KamalaHarris  
Kamala's Twitch: https://www.twitch.tv/kamalaharris
Kamala's Facebook: https://www.facebook.com/KamalaHarris
Kamala's Threads: https://www.threads.net/@kamalaharris

#KamalaHarris #Harris2024 #election #election2024",25780,1888,489,public,https://www.youtube.com/watch?v=VkcwpTFAhQg,2026-10-03T08:46:11+00:00
Kamala Harris,民主党,候选人阵营,youtube,harris,UC0XBsJpPhOLg0k4x9ZwrWzw,igbdO40eRfg,2024-10-23T18:39:15+00:00,2024-10-23,shorts,False,none,20,"Mark, thanks for getting out the vote for your Auntie Kamala.","Help Vice President Kamala Harris and Governor Tim Walz put policies in place that protect our fundamental freedoms and defeat Donald Trump and MAGA Republicans this election. Take action at https://go.kamalaharris.com.
--------------------------------------
Follow Vice President Kamala Harris!

Kamala's Twitter: https://twitter.com/KamalaHarris
Kamala's Tiktok: https://tiktok.com/@kamalaharris
Kamala’s Instagram: https://www.instagram.com/KamalaHarris  
Kamala's Twitch: https://www.twitch.tv/kamalaharris
Kamala's Facebook: https://www.facebook.com/KamalaHarris
Kamala's Threads: https://www.threads.net/@kamalaharris

#KamalaHarris #Harris2024 #shorts #youtubeshorts #election #election2024",283740,19965,926,public,https://www.youtube.com/watch?v=igbdO40eRfg,2026-10-03T08:46:11+00:00
Kamala Harris,民主党,候选人阵营,youtube,harris,UC0XBsJpPhOLg0k4x9ZwrWzw,k2PX39wnPqo,2024-10-23T21:55:23+00:00,2024-10-23,shorts,False,none,24,It's great to be back in Philadelphia.,"Help Vice President Kamala Harris and Governor Tim Walz put policies in place that protect our fundamental freedoms and defeat Donald Trump and MAGA Republicans this election. Take action at https://go.kamalaharris.com.
--------------------------------------
Follow Vice President Kamala Harris!

Kamala's Twitter: https://twitter.com/KamalaHarris
Kamala's Tiktok: https://tiktok.com/@kamalaharris
Kamala’s Instagram: https://www.instagram.com/KamalaHarris  
Kamala's Twitch: https://www.twitch.tv/kamalaharris
Kamala's Facebook: https://www.facebook.com/KamalaHarris
Kamala's Threads: https://www.threads.net/@kamalaharris

#KamalaHarris #Harris2024 #shorts #youtubeshorts #election #election2024",255335,12972,704,public,https://www.youtube.com/watch?v=k2PX39wnPqo,2026-10-03T08:46:11+00:00
Kamala Harris,民主党,候选人阵营,youtube,harris,UC0XBsJpPhOLg0k4x9ZwrWzw,eRQQuLKcNt0,2024-10-23T22:00:06+00:00,2024-10-23,videos,True,none,372,"Mark Cuban & Kamala Harris on the Economy, Trump, and the American Dream","Shark Tank’s Mark Cuban joins Vice President Kamala Harris on the campaign trail in Wisconsin for a conversation about economic policy. They discuss entrepreneurship, the American dream, and the dangers of Donald Trump’s economic agenda.
--------------------------------------
Follow Vice President Kamala Harris!

Kamala's Twitter: https://twitter.com/KamalaHarris
Kamala's Tiktok: https://tiktok.com/@kamalaharris
Kamala’s Instagram: https://www.instagram.com/KamalaHarris  
Kamala's Twitch: https://www.twitch.tv/kamalaharris
Kamala's Facebook: https://www.facebook.com/KamalaHarris
Kamala's Threads: https://www.threads.net/@kamalaharris

#KamalaHarris #Harris2024",357263,14543,4297,public,https://www.youtube.com/watch?v=eRQQuLKcNt0,2026-10-03T08:46:11+00:00
Kamala Harris,民主党,候选人阵营,youtube,harris,UC0XBsJpPhOLg0k4x9ZwrWzw,CFaUd5H9rkM,2024-10-24T02:22:21+00:00,2024-10-23,shorts,False,none,46,Here's what I believe about Donald Trump.,"Help Vice President Kamala Harris and Governor Tim Walz put policies in place that protect our fundamental freedoms and defeat Donald Trump and MAGA Republicans this election. Take action at https://go.kamalaharris.com.
--------------------------------------
Follow Vice President Kamala Harris!

Kamala's Twitter: https://twitter.com/KamalaHarris
Kamala's Tiktok: https://tiktok.com/@kamalaharris
Kamala’s Instagram: https://www.instagram.com/KamalaHarris  
Kamala's Twitch: https://www.twitch.tv/kamalaharris
Kamala's Facebook: https://www.facebook.com/KamalaHarris
Kamala's Threads: https://www.threads.net/@kamalaharris

#KamalaHarris #Harris2024 #shorts #youtubeshorts #election #election2024",223727,10676,989,public,https://www.youtube.com/watch?v=CFaUd5H9rkM,2026-10-03T08:46:11+00:00
Kamala Harris,民主党,候选人阵营,youtube,harris,UC0XBsJpPhOLg0k4x9ZwrWzw,MPcc9m7jFPc,2024-10-24T03:15:01+00:00,2024-10-23,videos,False,none,221,Vice President Kamala Harris' Message to Undecided Voters | CNN's Presidential Town Hall,"Vice President Kamala Harris answers questions from American voters at the 2024 CNN Town Hall.

Help Vice President Kamala Harris and Governor Tim Walz put policies in place that protect our fundamental freedoms and defeat Donald Trump and MAGA Republicans this election. Take action at https://go.kamalaharris.com.
--------------------------------------
Follow Vice President Kamala Harris!

Kamala's Twitter: https://twitter.com/KamalaHarris
Kamala's Tiktok: https://tiktok.com/@kamalaharris
Kamala’s Instagram: https://www.instagram.com/KamalaHarris  
Kamala's Twitch: https://www.twitch.tv/kamalaharris
Kamala's Facebook: https://www.facebook.com/KamalaHarris
Kamala's Threads: https://www.threads.net/@kamalaharris

#KamalaHarris #Harris2024 #election #election2024",36537,2769,813,public,https://www.youtube.com/watch?v=MPcc9m7jFPc,2026-10-03T08:46:11+00:00
Kamala Harris,民主党,候选人阵营,youtube,harris,UC0XBsJpPhOLg0k4x9ZwrWzw,vQo4nVPcTg4,2024-10-24T03:22:58+00:00,2024-10-23,videos,False,none,143,Vice President Kamala Harris On Her Faith | CNN's Presidential Town Hall,"Vice President Kamala Harris answers an undecided voter's question on the role her faith plays in her life.

Help Vice President Kamala Harris and Governor Tim Walz put policies in place that protect our fundamental freedoms and defeat Donald Trump and MAGA Republicans this election. Take action at https://go.kamalaharris.com.
--------------------------------------
Follow Vice President Kamala Harris!

Kamala's Twitter: https://twitter.com/KamalaHarris
Kamala's Tiktok: https://tiktok.com/@kamalaharris
Kamala’s Instagram: https://www.instagram.com/KamalaHarris  
Kamala's Twitch: https://www.twitch.tv/kamalaharris
Kamala's Facebook: https://www.facebook.com/KamalaHarris
Kamala's Threads: https://www.threads.net/@kamalaharris

#KamalaHarris #Harris2024 #election #election2024",98722,2394,1092,public,https://www.youtube.com/watch?v=vQo4nVPcTg4,2026-10-03T08:46:11+00:00
Kamala Harris,民主党,候选人阵营,youtube,harris,UC0XBsJpPhOLg0k4x9ZwrWzw,7oz36l2neKE,2024-10-24T03:26:20+00:00,2024-10-23,videos,False,none,113,Kamala Harris on Her Policy Goals and Working Across the Aisle | CNN's Presidential Town Hall,"Vice President Kamala Harris answers a voter's question what her major policy goals requiring Congressional action would be if elected President of the United States.

Help Vice President Kamala Harris and Governor Tim Walz put policies in place that protect our fundamental freedoms and defeat Donald Trump and MAGA Republicans this election. Take action at https://go.kamalaharris.com.
--------------------------------------
Follow Vice President Kamala Harris!

Kamala's Twitter: https://twitter.com/KamalaHarris
Kamala's Tiktok: https://tiktok.com/@kamalaharris
Kamala’s Instagram: https://www.instagram.com/KamalaHarris  
Kamala's Twitch: https://www.twitch.tv/kamalaharris
Kamala's Facebook: https://www.facebook.com/KamalaHarris
Kamala's Threads: https://www.threads.net/@kamalaharris

#KamalaHarris #Harris2024 #election #election2024",28268,1272,744,public,https://www.youtube.com/watch?v=7oz36l2neKE,2026-10-03T08:46:11+00:00
Kamala Harris,民主党,候选人阵营,youtube,harris,UC0XBsJpPhOLg0k4x9ZwrWzw,qKhDYuj0ctE,2024-10-24T03:45:05+00:00,2024-10-23,shorts,False,none,30,Donald Trump should be here tonight to talk with the American people and answer their questions.,"Instead, he refused to come.
Help Vice President Kamala Harris and Governor Tim Walz put policies in place that protect our fundamental freedoms and defeat Donald Trump and MAGA Republicans this election. Take action at https://go.kamalaharris.com.
--------------------------------------
Follow Vice President Kamala Harris!

Kamala's Twitter: https://twitter.com/KamalaHarris
Kamala's Tiktok: https://tiktok.com/@kamalaharris
Kamala’s Instagram: https://www.instagram.com/KamalaHarris  
Kamala's Twitch: https://www.twitch.tv/kamalaharris
Kamala's Facebook: https://www.facebook.com/KamalaHarris
Kamala's Threads: https://www.threads.net/@kamalaharris

#KamalaHarris #Harris2024 #shorts #youtubeshorts #election #election2024",235883,11387,1389,public,https://www.youtube.com/watch?v=qKhDYuj0ctE,2026-10-03T08:46:11+00:00
Kamala Harris,民主党,候选人阵营,youtube,harris,UC0XBsJpPhOLg0k4x9ZwrWzw,yH636h_XR4c,2024-10-24T19:18:11+00:00,2024-10-24,videos,False,none,31,Your Family | Harris-Walz 2024,"Help Vice President Kamala Harris and Governor Tim Walz put policies in place that protect our fundamental freedoms and defeat Donald Trump and MAGA Republicans this election. Take action at https://go.kamalaharris.com.
--------------------------------------
Follow Vice President Kamala Harris!

Kamala's Twitter: https://twitter.com/KamalaHarris
Kamala's Tiktok: https://tiktok.com/@kamalaharris
Kamala’s Instagram: https://www.instagram.com/KamalaHarris  
Kamala's Twitch: https://www.twitch.tv/kamalaharris
Kamala's Facebook: https://www.facebook.com/KamalaHarris
Kamala's Threads: https://www.threads.net/@kamalaharris

#KamalaHarris #Harris2024",15818,2190,443,public,https://www.youtube.com/watch?v=yH636h_XR4c,2026-10-03T08:46:11+00:00
Kamala Harris,民主党,候选人阵营,youtube,harris,UC0XBsJpPhOLg0k4x9ZwrWzw,0_K1nmJ7wU8,2024-10-24T20:10:22+00:00,2024-10-24,videos,False,none,31,Defend Those Principles | Harris-Walz 2024,"Help Vice President Kamala Harris and Governor Tim Walz put policies in place that protect our fundamental freedoms and defeat Donald Trump and MAGA Republicans this election. Take action at go.kamalaharris.com.
--------------------------------------
Follow Vice President Kamala Harris!

Kamala's Twitter: https://twitter.com/KamalaHarris
Kamala's Tiktok: www.tiktok.com/@kamalaharris
Kamala’s Instagram: https://www.instagram.com/KamalaHarris  
Kamala's Twitch: https://www.twitch.tv/kamalaharris
Kamala's Facebook: https://www.facebook.com/KamalaHarris
Kamala's Threads: https://www.threads.net/@kamalaharris

#KamalaHarris #Harris2024",16941,2403,449,public,https://www.youtube.com/watch?v=0_K1nmJ7wU8,2026-10-03T08:46:11+00:00
Kamala Harris,民主党,候选人阵营,youtube,harris,UC0XBsJpPhOLg0k4x9ZwrWzw,gX7qaCG57S4,2024-10-24T20:32:02+00:00,2024-10-24,shorts,False,none,15,Donald Trump is simply exhausted.,"Help Vice President Kamala Harris and Governor Tim Walz put policies in place that protect our fundamental freedoms and defeat Donald Trump and MAGA Republicans this election. Take action at https://go.kamalaharris.com.
--------------------------------------
Follow Vice President Kamala Harris!

Kamala's Twitter: https://twitter.com/KamalaHarris
Kamala's Tiktok: https://tiktok.com/@kamalaharris
Kamala’s Instagram: https://www.instagram.com/KamalaHarris  
Kamala's Twitch: https://www.twitch.tv/kamalaharris
Kamala's Facebook: https://www.facebook.com/KamalaHarris
Kamala's Threads: https://www.threads.net/@kamalaharris

#KamalaHarris #Harris2024 #shorts #youtubeshorts #election #election2024",50849,3656,435,public,https://www.youtube.com/watch?v=gX7qaCG57S4,2026-10-03T08:46:11+00:00
Kamala Harris,民主党,候选人阵营,youtube,harris,UC0XBsJpPhOLg0k4x9ZwrWzw,1OmY2c_8lGQ,2024-10-24T22:00:02+00:00,2024-10-24,shorts,False,none,23,"Georgia: make your plan to vote today, and encourage your friends and family to do the same.","Help Vice President Kamala Harris and Governor Tim Walz put policies in place that protect our fundamental freedoms and defeat Donald Trump and MAGA Republicans this election. Take action at https://go.kamalaharris.com.
--------------------------------------
Follow Vice President Kamala Harris!

Kamala's Twitter: https://twitter.com/KamalaHarris
Kamala's Tiktok: https://tiktok.com/@kamalaharris
Kamala’s Instagram: https://www.instagram.com/KamalaHarris  
Kamala's Twitch: https://www.twitch.tv/kamalaharris
Kamala's Facebook: https://www.facebook.com/KamalaHarris
Kamala's Threads: https://www.threads.net/@kamalaharris

#KamalaHarris #Harris2024 #shorts #youtubeshorts #election #election2024",2130066,34345,1286,public,https://www.youtube.com/watch?v=1OmY2c_8lGQ,2026-10-03T08:46:11+00:00
Kamala Harris,民主党,候选人阵营,youtube,harris,UC0XBsJpPhOLg0k4x9ZwrWzw,tDLHxmAMg9w,2024-10-24T22:42:24+00:00,2024-10-24,shorts,False,none,29,Donald Trump’s plan would be a disaster for entrepreneurs and small business owners.,"Help Vice President Kamala Harris and Governor Tim Walz put policies in place that protect our fundamental freedoms and defeat Donald Trump and MAGA Republicans this election. Take action at https://go.kamalaharris.com.
--------------------------------------
Follow Vice President Kamala Harris!

Kamala's Twitter: https://twitter.com/KamalaHarris
Kamala's Tiktok: https://tiktok.com/@kamalaharris
Kamala’s Instagram: https://www.instagram.com/KamalaHarris  
Kamala's Twitch: https://www.twitch.tv/kamalaharris
Kamala's Facebook: https://www.facebook.com/KamalaHarris
Kamala's Threads: https://www.threads.net/@kamalaharris

#KamalaHarris #Harris2024",164472,7733,878,public,https://www.youtube.com/watch?v=tDLHxmAMg9w,2026-10-03T08:46:11+00:00
Kamala Harris,民主党,候选人阵营,youtube,harris,UC0XBsJpPhOLg0k4x9ZwrWzw,0h_jeS3xBk0,2024-10-24T22:47:46+00:00,2024-10-24,videos,False,none,31,Bruce Springsteen Endorses Kamala Harris for President,"Bruce Springsteen endorses Vice President Kamala Harris for President of the United States.
Help Vice President Kamala Harris and Governor Tim Walz put policies in place that protect our fundamental freedoms and defeat Donald Trump and MAGA Republicans this election. Take action at https://go.kamalaharris.com.
--------------------------------------
Follow Vice President Kamala Harris!

Kamala's Twitter: https://twitter.com/KamalaHarris
Kamala's Tiktok: https://tiktok.com/@kamalaharris
Kamala’s Instagram: https://www.instagram.com/KamalaHarris  
Kamala's Twitch: https://www.twitch.tv/kamalaharris
Kamala's Facebook: https://www.facebook.com/KamalaHarris
Kamala's Threads: https://www.threads.net/@kamalaharris

#KamalaHarris #Harris2024",39289,2421,788,public,https://www.youtube.com/watch?v=0h_jeS3xBk0,2026-10-03T08:46:11+00:00
Kamala Harris,民主党,候选人阵营,youtube,harris,UC0XBsJpPhOLg0k4x9ZwrWzw,4x1EXMyEGA8,2024-10-25T00:31:54+00:00,2024-10-24,streams,True,none,9375,"VP Kamala Harris, President Barack Obama, Bruce Springsteen, & More | Rally in Atlanta, Georgia","Vice President Kamala Harris is back in Atlanta with President Barack Obama, Bruce Springsteen, Tyler Perry, Spike Lee, Samuel L. Jackson, and more. They are reminding Americans to make their voices heard on Election Day. Watch now. 

For ASL feed, please tune in here:  https://us06web.zoom.us/j/85327592162
--------------------------------------
Follow Vice President Kamala Harris!

Kamala's Twitter: https://twitter.com/KamalaHarris
Kamala's Tiktok: https://tiktok.com/@kamalaharris
Kamala’s Instagram: https://www.instagram.com/KamalaHarris  
Kamala's Twitch: https://www.twitch.tv/kamalaharris
Kamala's Facebook: https://www.facebook.com/KamalaHarris
Kamala's Threads: https://www.threads.net/@kamalaharris

#KamalaHarris #Harris2024",396282,15729,1588,public,https://www.youtube.com/watch?v=4x1EXMyEGA8,2026-10-03T08:46:11+00:00
Kamala Harris,民主党,候选人阵营,youtube,harris,UC0XBsJpPhOLg0k4x9ZwrWzw,LxLcRZ63ahQ,2024-10-25T02:15:10+00:00,2024-10-24,shorts,False,none,16,"Thank you, Georgia.","Help Vice President Kamala Harris and Governor Tim Walz put policies in place that protect our fundamental freedoms and defeat Donald Trump and MAGA Republicans this election. Take action at https://go.kamalaharris.com.
--------------------------------------
Follow Vice President Kamala Harris!

Kamala's Twitter: https://twitter.com/KamalaHarris
Kamala's Tiktok: https://tiktok.com/@kamalaharris
Kamala’s Instagram: https://www.instagram.com/KamalaHarris  
Kamala's Twitch: https://www.twitch.tv/kamalaharris
Kamala's Facebook: https://www.facebook.com/KamalaHarris
Kamala's Threads: https://www.threads.net/@kamalaharris

#KamalaHarris #Harris2024",4576900,135442,4889,public,https://www.youtube.com/watch?v=LxLcRZ63ahQ,2026-10-03T08:46:11+00:00
Kamala Harris,民主党,候选人阵营,youtube,harris,UC0XBsJpPhOLg0k4x9ZwrWzw,XP3QSD_kHQE,2024-10-25T14:12:52+00:00,2024-10-25,videos,False,none,194,"Kamala Harris Talks Mexican Food and Family with Chef | Phoenix, AZ","While on the campaign trail in Arizona, Vice President Kamala Harris stopped by Bacanora—a popular Mexican restaurant in Phoenix—to cook Sonoran comfort food with James Beard Award-winning Chef Rene Andrade and reflect on the power of food to bring families and communities together.

--------------------------------------
Follow Vice President Kamala Harris!

Kamala's Twitter: https://twitter.com/KamalaHarris
Kamala's Tiktok: https://tiktok.com/@kamalaharris
Kamala’s Instagram: https://www.instagram.com/KamalaHarris  
Kamala's Twitch: https://www.twitch.tv/kamalaharris
Kamala's Facebook: https://www.facebook.com/KamalaHarris
Kamala's Threads: https://www.threads.net/@kamalaharris

#KamalaHarris #Harris2024",107879,7943,1243,public,https://www.youtube.com/watch?v=XP3QSD_kHQE,2026-10-03T08:46:11+00:00
Kamala Harris,民主党,候选人阵营,youtube,harris,UC0XBsJpPhOLg0k4x9ZwrWzw,2p9JyiRNyuo,2024-10-25T14:54:27+00:00,2024-10-25,shorts,False,none,39,"Chef Rene, your cooking left me speechless.","Help Vice President Kamala Harris and Governor Tim Walz put policies in place that protect our fundamental freedoms and defeat Donald Trump and MAGA Republicans this election. Take action at https://go.kamalaharris.com.
--------------------------------------
Follow Vice President Kamala Harris!

Kamala's Twitter: https://twitter.com/KamalaHarris
Kamala's Tiktok: https://tiktok.com/@kamalaharris
Kamala’s Instagram: https://www.instagram.com/KamalaHarris  
Kamala's Twitch: https://www.twitch.tv/kamalaharris
Kamala's Facebook: https://www.facebook.com/KamalaHarris
Kamala's Threads: https://www.threads.net/@kamalaharris

#KamalaHarris #Harris2024",738128,50911,2137,public,https://www.youtube.com/watch?v=2p9JyiRNyuo,2026-10-03T08:46:11+00:00
Kamala Harris,民主党,候选人阵营,youtube,harris,UC0XBsJpPhOLg0k4x9ZwrWzw,CVUqJWSAF6Q,2024-10-25T17:00:09+00:00,2024-10-25,shorts,False,none,26,Donald Trump admires dictators—and he wants to be one on day one if given the chance.,"Our democracy is at stake. Help Vice President Kamala Harris and Governor Tim Walz put policies in place that protect our fundamental freedoms and defeat Donald Trump and MAGA Republicans this election. Take action at https://go.kamalaharris.com.
--------------------------------------
Follow Vice President Kamala Harris!

Kamala's Twitter: https://twitter.com/KamalaHarris
Kamala's Tiktok: https://tiktok.com/@kamalaharris
Kamala’s Instagram: https://www.instagram.com/KamalaHarris  
Kamala's Twitch: https://www.twitch.tv/kamalaharris
Kamala's Facebook: https://www.facebook.com/KamalaHarris
Kamala's Threads: https://www.threads.net/@kamalaharris

#KamalaHarris #Harris2024 #shorts #youtubeshorts #election #election2024",73226,3740,589,public,https://www.youtube.com/watch?v=CVUqJWSAF6Q,2026-10-03T08:46:11+00:00
Kamala Harris,民主党,候选人阵营,youtube,harris,UC0XBsJpPhOLg0k4x9ZwrWzw,AV1oK64lYsM,2024-10-25T22:24:52+00:00,2024-10-25,shorts,False,none,17,It was good to be back in Georgia. Polls are open—now get out and vote.,"Help Vice President Kamala Harris and Governor Tim Walz put policies in place that protect our fundamental freedoms and defeat Donald Trump and MAGA Republicans this election. Take action at https://go.kamalaharris.com.
--------------------------------------
Follow Vice President Kamala Harris!

Kamala's Twitter: https://twitter.com/KamalaHarris
Kamala's Tiktok: https://tiktok.com/@kamalaharris
Kamala’s Instagram: https://www.instagram.com/KamalaHarris  
Kamala's Twitch: https://www.twitch.tv/kamalaharris
Kamala's Facebook: https://www.facebook.com/KamalaHarris
Kamala's Threads: https://www.threads.net/@kamalaharris

#KamalaHarris #Harris2024",605535,26017,1559,public,https://www.youtube.com/watch?v=AV1oK64lYsM,2026-10-03T08:46:11+00:00
Kamala Harris,民主党,候选人阵营,youtube,harris,UC0XBsJpPhOLg0k4x9ZwrWzw,V8kYjy6FvHk,2024-10-26T02:59:24+00:00,2024-10-25,streams,True,none,9806,"VP Kamala Harris, Beyoncé, Willie Nelson, & More | Rally on Reproductive Rights in Houston, Texas","Vice President Kamala Harris with Willie Nelson, reminding Texans what’s at stake in this election—the freedom for a woman to make decisions about her own body without government interference. Watch now.

For ASL feed, please tune in here: https://us06web.zoom.us/j/89045994668
--------------------------------------
Text VOTE to 30330 to find your early vote options and locations.

By providing your mobile phone number you consent to receive recurring automated text messages from Harris for President. Message & Data Rates May Apply. Text HELP for Info. Text STOP to opt out. No purchase necessary. Privacy policy: https://KamalaHarris.com/privacy-policy/.

Follow Vice President Kamala Harris!

Kamala's Twitter: https://twitter.com/KamalaHarris
Kamala's Tiktok: https://tiktok.com/@kamalaharris
Kamala’s Instagram: https://www.instagram.com/KamalaHarris  
Kamala's Twitch: https://www.twitch.tv/kamalaharris
Kamala's Facebook: https://www.facebook.com/KamalaHarris
Kamala's Threads: https://www.threads.net/@kamalaharris

#KamalaHarris #Harris2024",522610,16261,1442,public,https://www.youtube.com/watch?v=V8kYjy6FvHk,2026-10-03T08:46:11+00:00
Kamala Harris,民主党,候选人阵营,youtube,harris,UC0XBsJpPhOLg0k4x9ZwrWzw,H7lfiC5wE2s,2024-10-26T03:02:01+00:00,2024-10-25,shorts,False,none,23,"Thank you, @beyonce and @KellyRowland.","Help Vice President Kamala Harris and Governor Tim Walz put policies in place that protect our fundamental freedoms and defeat Donald Trump and MAGA Republicans this election. Take action at https://go.kamalaharris.com.
--------------------------------------
Follow Vice President Kamala Harris!

Kamala's Twitter: https://twitter.com/KamalaHarris
Kamala's Tiktok: https://tiktok.com/@kamalaharris
Kamala’s Instagram: https://www.instagram.com/KamalaHarris  
Kamala's Twitch: https://www.twitch.tv/kamalaharris
Kamala's Facebook: https://www.facebook.com/KamalaHarris
Kamala's Threads: https://www.threads.net/@kamalaharris

#KamalaHarris #Harris2024",723496,49016,3916,public,https://www.youtube.com/watch?v=H7lfiC5wE2s,2026-10-03T08:46:11+00:00
Kamala Harris,民主党,候选人阵营,youtube,harris,UC0XBsJpPhOLg0k4x9ZwrWzw,aL3uJqSBIxo,2024-10-26T04:08:28+00:00,2024-10-26,videos,False,none,281,"Beyoncé Addresses the Crowd at a Kamala Harris Rally in Houston, Texas","Help Vice President Kamala Harris and Governor Tim Walz put policies in place that protect our fundamental freedoms and defeat Donald Trump and MAGA Republicans this election. Take action at https://go.kamalaharris.com.
--------------------------------------
Follow Vice President Kamala Harris!

Kamala's Twitter: https://twitter.com/KamalaHarris
Kamala's Tiktok: https://tiktok.com/@kamalaharris
Kamala’s Instagram: https://www.instagram.com/KamalaHarris  
Kamala's Twitch: https://www.twitch.tv/kamalaharris
Kamala's Facebook: https://www.facebook.com/KamalaHarris
Kamala's Threads: https://www.threads.net/@kamalaharris

#KamalaHarris #Harris2024",196824,12166,2331,public,https://www.youtube.com/watch?v=aL3uJqSBIxo,2026-10-03T08:46:11+00:00
Kamala Harris,民主党,候选人阵营,youtube,harris,UC0XBsJpPhOLg0k4x9ZwrWzw,idLESS8r_AY,2024-10-26T04:33:58+00:00,2024-10-26,videos,False,none,169,"Kelly Rowland Delivers Remarks at a Kamala Harris Rally in Houston, Texas","Help Vice President Kamala Harris and Governor Tim Walz put policies in place that protect our fundamental freedoms and defeat Donald Trump and MAGA Republicans this election. Take action at https://go.kamalaharris.com.
--------------------------------------
Follow Vice President Kamala Harris!

Kamala's Twitter: https://twitter.com/KamalaHarris
Kamala's Tiktok: https://tiktok.com/@kamalaharris
Kamala’s Instagram: https://www.instagram.com/KamalaHarris  
Kamala's Twitch: https://www.twitch.tv/kamalaharris
Kamala's Facebook: https://www.facebook.com/KamalaHarris
Kamala's Threads: https://www.threads.net/@kamalaharris

#KamalaHarris #Harris2024",68873,3901,1017,public,https://www.youtube.com/watch?v=idLESS8r_AY,2026-10-03T08:46:11+00:00
Kamala Harris,民主党,候选人阵营,youtube,harris,UC0XBsJpPhOLg0k4x9ZwrWzw,UNm57-MJbVU,2024-10-26T14:00:39+00:00,2024-10-26,shorts,False,none,11,Donald Trump calls our country a garbage can.,"Help Vice President Kamala Harris and Governor Tim Walz put policies in place that protect our fundamental freedoms and defeat Donald Trump and MAGA Republicans this election. Take action at https://go.kamalaharris.com.
--------------------------------------
Follow Vice President Kamala Harris!

Kamala's Twitter: https://twitter.com/KamalaHarris
Kamala's Tiktok: https://tiktok.com/@kamalaharris
Kamala’s Instagram: https://www.instagram.com/KamalaHarris  
Kamala's Twitch: https://www.twitch.tv/kamalaharris
Kamala's Facebook: https://www.facebook.com/KamalaHarris
Kamala's Threads: https://www.threads.net/@kamalaharris

#KamalaHarris #Harris2024",374748,8733,962,public,https://www.youtube.com/watch?v=UNm57-MJbVU,2026-10-03T08:46:11+00:00
Kamala Harris,民主党,候选人阵营,youtube,harris,UC0XBsJpPhOLg0k4x9ZwrWzw,OYj7L64s4p4,2024-10-26T16:35:58+00:00,2024-10-26,videos,False,none,57,A Joyful Way Forward | Harris-Walz 2024,"Help Vice President Kamala Harris and Governor Tim Walz put policies in place that protect our fundamental freedoms and defeat Donald Trump and MAGA Republicans this election. Take action at https://go.kamalaharris.com.
--------------------------------------
Follow Vice President Kamala Harris!

Kamala's Twitter: https://twitter.com/KamalaHarris
Kamala's Tiktok: https://tiktok.com/@kamalaharris
Kamala’s Instagram: https://www.instagram.com/KamalaHarris  
Kamala's Twitch: https://www.twitch.tv/kamalaharris
Kamala's Facebook: https://www.facebook.com/KamalaHarris
Kamala's Threads: https://www.threads.net/@kamalaharris

#KamalaHarris #Harris2024",25254,2504,875,public,https://www.youtube.com/watch?v=OYj7L64s4p4,2026-10-03T08:46:11+00:00
Kamala Harris,民主党,候选人阵营,youtube,harris,UC0XBsJpPhOLg0k4x9ZwrWzw,0xUHfRjcilA,2024-10-26T20:26:18+00:00,2024-10-26,shorts,False,none,36,"Gen Z, are you ready to have your voices heard?","Help Vice President Kamala Harris and Governor Tim Walz put policies in place that protect our fundamental freedoms and defeat Donald Trump and MAGA Republicans this election. Take action at https://go.kamalaharris.com.
--------------------------------------
Follow Vice President Kamala Harris!

Kamala's Twitter: https://twitter.com/KamalaHarris
Kamala's Tiktok: https://tiktok.com/@kamalaharris
Kamala’s Instagram: https://www.instagram.com/KamalaHarris  
Kamala's Twitch: https://www.twitch.tv/kamalaharris
Kamala's Facebook: https://www.facebook.com/KamalaHarris
Kamala's Threads: https://www.threads.net/@kamalaharris

#KamalaHarris #Harris2024",650645,24238,1311,public,https://www.youtube.com/watch?v=0xUHfRjcilA,2026-10-03T08:46:11+00:00
Kamala Harris,民主党,候选人阵营,youtube,harris,UC0XBsJpPhOLg0k4x9ZwrWzw,vaYXybmmfSI,2024-10-26T22:15:58+00:00,2024-10-26,streams,True,none,5386,"VP Kamala Harris & Michelle Obama | Rally in Kalamazoo, MI | Harris-Walz 2024","Vice President Kamala Harris is in Kalamazoo, Michigan with Michelle Obama, reminding Americans that when we vote, we win. Watch now. For ASL feed, please tune in here: https://us06web.zoom.us/j/86819665018
Help Vice President Kamala Harris and Governor Tim Walz put policies in place that protect our fundamental freedoms and defeat Donald Trump and MAGA Republicans this election. Take action at https://go.kamalaharris.com.
--------------------------------------
Follow Vice President Kamala Harris!

Kamala's Twitter: https://twitter.com/KamalaHarris
Kamala's Tiktok: https://tiktok.com/@kamalaharris
Kamala’s Instagram: https://www.instagram.com/KamalaHarris  
Kamala's Twitch: https://www.twitch.tv/kamalaharris
Kamala's Facebook: https://www.facebook.com/KamalaHarris
Kamala's Threads: https://www.threads.net/@kamalaharris

#KamalaHarris #Harris2024",447294,19169,3345,public,https://www.youtube.com/watch?v=vaYXybmmfSI,2026-10-03T08:46:11+00:00
Kamala Harris,民主党,候选人阵营,youtube,harris,UC0XBsJpPhOLg0k4x9ZwrWzw,4o6V4dThDhU,2024-10-27T01:51:16+00:00,2024-10-26,shorts,False,none,32,On the trail with the Boss (and President Obama).,"Help Vice President Kamala Harris and Governor Tim Walz put policies in place that protect our fundamental freedoms and defeat Donald Trump and MAGA Republicans this election. Take action at https://go.kamalaharris.com.
--------------------------------------
Follow Vice President Kamala Harris!

Kamala's Twitter: https://twitter.com/KamalaHarris
Kamala's Tiktok: https://tiktok.com/@kamalaharris
Kamala’s Instagram: https://www.instagram.com/KamalaHarris  
Kamala's Twitch: https://www.twitch.tv/kamalaharris
Kamala's Facebook: https://www.facebook.com/KamalaHarris
Kamala's Threads: https://www.threads.net/@kamalaharris

#KamalaHarris #Harris2024",5025099,115751,6562,public,https://www.youtube.com/watch?v=4o6V4dThDhU,2026-10-03T08:46:11+00:00
Kamala Harris,民主党,候选人阵营,youtube,harris,UC0XBsJpPhOLg0k4x9ZwrWzw,bGB775oKdaA,2024-10-27T02:30:31+00:00,2024-10-26,shorts,False,none,34,"On Nov. 5, women will show Trump how they feel about him and his attacks on their freedoms.","Help Vice President Kamala Harris and Governor Tim Walz put policies in place that protect our fundamental freedoms and defeat Donald Trump and MAGA Republicans this election. Take action at https://go.kamalaharris.com.
--------------------------------------
Follow Vice President Kamala Harris!

Kamala's Twitter: https://twitter.com/KamalaHarris
Kamala's Tiktok: https://tiktok.com/@kamalaharris
Kamala’s Instagram: https://www.instagram.com/KamalaHarris  
Kamala's Twitch: https://www.twitch.tv/kamalaharris
Kamala's Facebook: https://www.facebook.com/KamalaHarris
Kamala's Threads: https://www.threads.net/@kamalaharris

#KamalaHarris #Harris2024",148147,8703,607,public,https://www.youtube.com/watch?v=bGB775oKdaA,2026-10-03T08:46:11+00:00
Kamala Harris,民主党,候选人阵营,youtube,harris,UC0XBsJpPhOLg0k4x9ZwrWzw,HujxuTdZTlU,2024-10-27T16:06:38+00:00,2024-10-27,shorts,False,none,32,I am a former prosecutor. Donald Trump’s DNA is all over Project 2025.,"Help Vice President Kamala Harris and Governor Tim Walz put policies in place that protect our fundamental freedoms and defeat Donald Trump and MAGA Republicans this election. Take action at https://go.kamalaharris.com.
--------------------------------------
Follow Vice President Kamala Harris!

Kamala's Twitter: https://twitter.com/KamalaHarris
Kamala's Tiktok: https://tiktok.com/@kamalaharris
Kamala’s Instagram: https://www.instagram.com/KamalaHarris  
Kamala's Twitch: https://www.twitch.tv/kamalaharris
Kamala's Facebook: https://www.facebook.com/KamalaHarris
Kamala's Threads: https://www.threads.net/@kamalaharris

#KamalaHarris #Harris2024",353521,17243,1850,public,https://www.youtube.com/watch?v=HujxuTdZTlU,2026-10-03T08:46:11+00:00
Kamala Harris,民主党,候选人阵营,youtube,harris,UC0XBsJpPhOLg0k4x9ZwrWzw,7aBzFcXwA1g,2024-10-27T17:21:21+00:00,2024-10-27,videos,False,none,151,Kamala Harris Announces Plan to Build an Opportunity Economy for Puerto Rico,"As president, Kamala Harris will implement policies that invest in Puerto Rico's future so that Puerto Ricans can not just get by, but get ahead.
Help Vice President Kamala Harris and Governor Tim Walz put policies in place that protect our fundamental freedoms and defeat Donald Trump and MAGA Republicans this election. Take action at https://go.kamalaharris.com.

--------------------------------------
Follow Vice President Kamala Harris!

Kamala's Twitter: https://twitter.com/KamalaHarris
Kamala's Tiktok: https://tiktok.com/@kamalaharris
Kamala’s Instagram: https://www.instagram.com/KamalaHarris  
Kamala's Twitch: https://www.twitch.tv/kamalaharris
Kamala's Facebook: https://www.facebook.com/KamalaHarris
Kamala's Threads: https://www.threads.net/@kamalaharris

#KamalaHarris #Harris2024",83768,7489,1569,public,https://www.youtube.com/watch?v=7aBzFcXwA1g,2026-10-03T08:46:11+00:00
Kamala Harris,民主党,候选人阵营,youtube,harris,UC0XBsJpPhOLg0k4x9ZwrWzw,vD5WHwprKLw,2024-10-27T17:39:32+00:00,2024-10-27,shorts,False,none,25,"Michelle, you are an inspiration.","Help Vice President Kamala Harris and Governor Tim Walz put policies in place that protect our fundamental freedoms and defeat Donald Trump and MAGA Republicans this election. Take action at https://go.kamalaharris.com.
--------------------------------------
Follow Vice President Kamala Harris!

Kamala's Twitter: https://twitter.com/KamalaHarris
Kamala's Tiktok: https://tiktok.com/@kamalaharris
Kamala’s Instagram: https://www.instagram.com/KamalaHarris  
Kamala's Twitch: https://www.twitch.tv/kamalaharris
Kamala's Facebook: https://www.facebook.com/KamalaHarris
Kamala's Threads: https://www.threads.net/@kamalaharris

#KamalaHarris #Harris2024",1620409,54210,2670,public,https://www.youtube.com/watch?v=vD5WHwprKLw,2026-10-03T08:46:11+00:00
Kamala Harris,民主党,候选人阵营,youtube,harris,UC0XBsJpPhOLg0k4x9ZwrWzw,rXPxO0EKykA,2024-10-27T20:06:03+00:00,2024-10-27,videos,False,none,470,Michelle Obama Delivers a Message to Men at a Kamala Harris Rally,"Help Vice President Kamala Harris and Governor Tim Walz put policies in place that protect our fundamental freedoms and defeat Donald Trump and MAGA Republicans this election. Take action at https://go.kamalaharris.com.
--------------------------------------
Follow Vice President Kamala Harris!

Kamala's Twitter: https://twitter.com/KamalaHarris
Kamala's Tiktok: https://tiktok.com/@kamalaharris
Kamala’s Instagram: https://www.instagram.com/KamalaHarris  
Kamala's Twitch: https://www.twitch.tv/kamalaharris
Kamala's Facebook: https://www.facebook.com/KamalaHarris
Kamala's Threads: https://www.threads.net/@kamalaharris

#KamalaHarris #Harris2024",132214,2398,1172,public,https://www.youtube.com/watch?v=rXPxO0EKykA,2026-10-03T08:46:11+00:00
Kamala Harris,民主党,候选人阵营,youtube,harris,UC0XBsJpPhOLg0k4x9ZwrWzw,n4mI_40dLkQ,2024-10-27T20:51:00+00:00,2024-10-27,streams,True,none,2409,VP Kamala Harris Community Rally in PA,"Pennsylvania—there are only 9 more days to get out and make your voice heard in this election. Join Vice President Kamala Harris in Philadelphia for a community rally. 

Have questions about registration or polling locations? Visit IWillVote.com

For ASL feed, please tune in here: https://us06web.zoom.us/j/85381952026
--------------------------------------
Follow Vice President Kamala Harris!

Kamala's Twitter: https://twitter.com/KamalaHarris
Kamala's Tiktok: https://tiktok.com/@kamalaharris
Kamala’s Instagram: https://www.instagram.com/KamalaHarris  
Kamala's Twitch: https://www.twitch.tv/kamalaharris
Kamala's Facebook: https://www.facebook.com/KamalaHarris
Kamala's Threads: https://www.threads.net/@kamalaharris

#KamalaHarris #Harris2024",133107,5996,1122,public,https://www.youtube.com/watch?v=n4mI_40dLkQ,2026-10-03T08:46:11+00:00
Kamala Harris,民主党,候选人阵营,youtube,harris,UC0XBsJpPhOLg0k4x9ZwrWzw,AIwjO4UXhm8,2024-10-27T23:36:08+00:00,2024-10-27,shorts,False,none,6,It's time to make your plan to vote.,"Help Vice President Kamala Harris and Governor Tim Walz put policies in place that protect our fundamental freedoms and defeat Donald Trump and MAGA Republicans this election. Take action at https://go.kamalaharris.com.
--------------------------------------
Follow Vice President Kamala Harris!

Kamala's Twitter: https://twitter.com/KamalaHarris
Kamala's Tiktok: https://tiktok.com/@kamalaharris
Kamala’s Instagram: https://www.instagram.com/KamalaHarris  
Kamala's Twitch: https://www.twitch.tv/kamalaharris
Kamala's Facebook: https://www.facebook.com/KamalaHarris
Kamala's Threads: https://www.threads.net/@kamalaharris

#KamalaHarris #Harris2024",2304726,46755,3897,public,https://www.youtube.com/watch?v=AIwjO4UXhm8,2026-10-03T08:46:11+00:00
Kamala Harris,民主党,候选人阵营,youtube,harris,UC0XBsJpPhOLg0k4x9ZwrWzw,wRv2fIx7-II,2024-10-28T16:01:01+00:00,2024-10-28,videos,False,none,31,OFFICIAL TRAILER: Introducing the Harris-Walz Fortnite Map | Kamala Harris x Fortnite,"It’s time to start a new American chapter. Squad up, go vote: https://kamalaharris.com/fortnite

Play Freedom Town, USA: 7331-5536-6547

This is not sponsored, endorsed, or administered by Epic Games, Inc.
--------------------------------------
Follow Vice President Kamala Harris!

Kamala's Twitter: https://twitter.com/KamalaHarris
Kamala's Tiktok: https://tiktok.com/@kamalaharris
Kamala’s Instagram: https://www.instagram.com/KamalaHarris  
Kamala's Twitch: https://www.twitch.tv/kamalaharris
Kamala's Facebook: https://www.facebook.com/KamalaHarris
Kamala's Threads: https://www.threads.net/@kamalaharris

#KamalaHarris #Harris2024 #Fortnite",243701,4965,2474,public,https://www.youtube.com/watch?v=wRv2fIx7-II,2026-10-03T08:46:11+00:00
Kamala Harris,民主党,候选人阵营,youtube,harris,UC0XBsJpPhOLg0k4x9ZwrWzw,npxb6vytkZg,2024-10-28T16:38:47+00:00,2024-10-28,videos,False,none,61,He Ain't Me | Harris-Walz 2024,"Help Vice President Kamala Harris and Governor Tim Walz put policies in place that protect our fundamental freedoms and defeat Donald Trump and MAGA Republicans this election. Take action at https://go.kamalaharris.com.
--------------------------------------
Follow Vice President Kamala Harris!

Kamala's Twitter: https://twitter.com/KamalaHarris
Kamala's Tiktok: https://tiktok.com/@kamalaharris
Kamala’s Instagram: https://www.instagram.com/KamalaHarris  
Kamala's Twitch: https://www.twitch.tv/kamalaharris
Kamala's Facebook: https://www.facebook.com/KamalaHarris
Kamala's Threads: https://www.threads.net/@kamalaharris

#KamalaHarris #Harris2024",90807,5332,759,public,https://www.youtube.com/watch?v=npxb6vytkZg,2026-10-03T08:46:11+00:00
Kamala Harris,民主党,候选人阵营,youtube,harris,UC0XBsJpPhOLg0k4x9ZwrWzw,JIIjoNOvWh0,2024-10-28T16:39:04+00:00,2024-10-28,videos,False,none,31,Yinzer | Harris-Walz 2024,"Help Vice President Kamala Harris and Governor Tim Walz put policies in place that protect our fundamental freedoms and defeat Donald Trump and MAGA Republicans this election. Take action at https://go.kamalaharris.com.
--------------------------------------
Follow Vice President Kamala Harris!

Kamala's Twitter: https://twitter.com/KamalaHarris
Kamala's Tiktok: https://tiktok.com/@kamalaharris
Kamala’s Instagram: https://www.instagram.com/KamalaHarris  
Kamala's Twitch: https://www.twitch.tv/kamalaharris
Kamala's Facebook: https://www.facebook.com/KamalaHarris
Kamala's Threads: https://www.threads.net/@kamalaharris

#KamalaHarris #Harris2024",13330,981,186,public,https://www.youtube.com/watch?v=JIIjoNOvWh0,2026-10-03T08:46:11+00:00
Kamala Harris,民主党,候选人阵营,youtube,harris,UC0XBsJpPhOLg0k4x9ZwrWzw,MsYCHXWH6M8,2024-10-28T16:39:27+00:00,2024-10-28,videos,False,none,31,Pay the Price | Harris-Walz 2024,"Help Vice President Kamala Harris and Governor Tim Walz put policies in place that protect our fundamental freedoms and defeat Donald Trump and MAGA Republicans this election. Take action at https://go.kamalaharris.com.
--------------------------------------
Follow Vice President Kamala Harris!

Kamala's Twitter: https://twitter.com/KamalaHarris
Kamala's Tiktok: https://tiktok.com/@kamalaharris
Kamala’s Instagram: https://www.instagram.com/KamalaHarris  
Kamala's Twitch: https://www.twitch.tv/kamalaharris
Kamala's Facebook: https://www.facebook.com/KamalaHarris
Kamala's Threads: https://www.threads.net/@kamalaharris

#KamalaHarris #Harris2024",40827,2307,450,public,https://www.youtube.com/watch?v=MsYCHXWH6M8,2026-10-03T08:46:11+00:00
Kamala Harris,民主党,候选人阵营,youtube,harris,UC0XBsJpPhOLg0k4x9ZwrWzw,Mt-y2_Q1EkU,2024-10-28T19:00:10+00:00,2024-10-28,videos,False,none,72,Vice President Kamala Harris' Plan for the U.S. Border,"Vice President Kamala Harris breaks down her plan to keep the United States border orderly, secure, and stable.

Help Vice President Kamala Harris and Governor Tim Walz put policies in place that protect our fundamental freedoms and defeat Donald Trump and MAGA Republicans this election. Take action at https://go.kamalaharris.com.
--------------------------------------
Follow Vice President Kamala Harris!

Kamala's Twitter: https://twitter.com/KamalaHarris
Kamala's Tiktok: https://tiktok.com/@kamalaharris
Kamala’s Instagram: https://www.instagram.com/KamalaHarris  
Kamala's Twitch: https://www.twitch.tv/kamalaharris
Kamala's Facebook: https://www.facebook.com/KamalaHarris
Kamala's Threads: https://www.threads.net/@kamalaharris

#KamalaHarris #Harris2024 #election #election2024",51771,3083,1321,public,https://www.youtube.com/watch?v=Mt-y2_Q1EkU,2026-10-03T08:46:11+00:00
Kamala Harris,民主党,候选人阵营,youtube,harris,UC0XBsJpPhOLg0k4x9ZwrWzw,UGQFadGCQtE,2024-10-28T21:00:13+00:00,2024-10-28,shorts,False,none,60,"@steviewonder sang me ""Happy Birthday."" It was a bucket list moment. @ClubShayShay","Help Vice President Kamala Harris and Governor Tim Walz put policies in place that protect our fundamental freedoms and defeat Donald Trump and MAGA Republicans this election. Take action at https://go.kamalaharris.com.
--------------------------------------
Follow Vice President Kamala Harris!

Kamala's Twitter: https://twitter.com/KamalaHarris
Kamala's Tiktok: https://tiktok.com/@kamalaharris
Kamala’s Instagram: https://www.instagram.com/KamalaHarris  
Kamala's Twitch: https://www.twitch.tv/kamalaharris
Kamala's Facebook: https://www.facebook.com/KamalaHarris
Kamala's Threads: https://www.threads.net/@kamalaharris

#KamalaHarris #Harris2024 #shorts #youtubeshorts #election #election2024",522112,30319,986,public,https://www.youtube.com/watch?v=UGQFadGCQtE,2026-10-03T08:46:11+00:00
Kamala Harris,民主党,候选人阵营,youtube,harris,UC0XBsJpPhOLg0k4x9ZwrWzw,zAiJEQE-7e0,2024-10-28T22:00:37+00:00,2024-10-28,videos,False,none,72,Kamala Harris Debunks Myth About Trump & Stimulus Checks | Club Shay Shay Interview,"Vice President Kamala Harris clears up some myths about those pandemic stimulus checks to Shannon Sharpe on Club Shay Shay.

Help Vice President Kamala Harris and Governor Tim Walz put policies in place that protect our fundamental freedoms and defeat Donald Trump and MAGA Republicans this election. Take action at https://go.kamalaharris.com.

--------------------------------------
Follow Vice President Kamala Harris!

Kamala's Twitter: https://twitter.com/KamalaHarris
Kamala's Tiktok: https://tiktok.com/@kamalaharris
Kamala’s Instagram: https://www.instagram.com/KamalaHarris  
Kamala's Twitch: https://www.twitch.tv/kamalaharris
Kamala's Facebook: https://www.facebook.com/KamalaHarris
Kamala's Threads: https://www.threads.net/@kamalaharris

#KamalaHarris #Harris2024 #election #election2024",34476,2364,942,public,https://www.youtube.com/watch?v=zAiJEQE-7e0,2026-10-03T08:46:11+00:00
Kamala Harris,民主党,候选人阵营,youtube,harris,UC0XBsJpPhOLg0k4x9ZwrWzw,9KhzjmcIcp8,2024-10-28T23:00:05+00:00,2024-10-28,shorts,False,none,13,This election is going to be close. It's time to get out and vote!,"This election is going to be close. It's time to get out and vote! https://iwillvote.com/
Help Vice President Kamala Harris and Governor Tim Walz put policies in place that protect our fundamental freedoms and defeat Donald Trump and MAGA Republicans this election. Take action at https://go.kamalaharris.com.--------------------------------------
Follow Vice President Kamala Harris!

Kamala's Twitter: https://twitter.com/KamalaHarris
Kamala's Tiktok: https://tiktok.com/@kamalaharris
Kamala’s Instagram: https://www.instagram.com/KamalaHarris  
Kamala's Twitch: https://www.twitch.tv/kamalaharris
Kamala's Facebook: https://www.facebook.com/KamalaHarris
Kamala's Threads: https://www.threads.net/@kamalaharris

#KamalaHarris #Harris2024 #shorts #youtubeshorts",1393666,40205,7503,public,https://www.youtube.com/watch?v=9KhzjmcIcp8,2026-10-03T08:46:11+00:00
Kamala Harris,民主党,候选人阵营,youtube,harris,UC0XBsJpPhOLg0k4x9ZwrWzw,8wEv5rxXI5U,2024-10-29T00:13:38+00:00,2024-10-28,streams,True,none,4752,"VP Kamala Harris, Gov. Tim Walz & Maggie Rogers | When We Vote We Win Rally in Ann Arbor","Your vote is your voice. Make sure your voice is heard— IWillVote.com.  

Vice President Kamala Harris and Governor Tim Walz are in Ann Arbor, Michigan for the When We Vote, We Win Rally with a special performance by Maggie Rogers.

For ASL feed, please tune in here: https://us06web.zoom.us/w/82795701766
--------------------------------------
Follow Vice President Kamala Harris!

Kamala's Twitter: https://twitter.com/KamalaHarris
Kamala's Tiktok: https://tiktok.com/@kamalaharris
Kamala’s Instagram: https://www.instagram.com/KamalaHarris  
Kamala's Twitch: https://www.twitch.tv/kamalaharris
Kamala's Facebook: https://www.facebook.com/KamalaHarris
Kamala's Threads: https://www.threads.net/@kamalaharris

#KamalaHarris #Harris2024",141148,6089,779,public,https://www.youtube.com/watch?v=8wEv5rxXI5U,2026-10-03T08:46:11+00:00
Kamala Harris,民主党,候选人阵营,youtube,harris,UC0XBsJpPhOLg0k4x9ZwrWzw,1pbckrWQoMc,2024-10-29T14:30:01+00:00,2024-10-29,shorts,False,none,20,"I chose to put Lady Justice on my presidential challenge coin. For the people, always.","Help Vice President Kamala Harris and Governor Tim Walz put policies in place that protect our fundamental freedoms and defeat Donald Trump and MAGA Republicans this election. Take action at https://go.kamalaharris.com.
--------------------------------------
Follow Vice President Kamala Harris!

Kamala's Twitter: https://twitter.com/KamalaHarris
Kamala's Tiktok: https://tiktok.com/@kamalaharris
Kamala’s Instagram: https://www.instagram.com/KamalaHarris  
Kamala's Twitch: https://www.twitch.tv/kamalaharris
Kamala's Facebook: https://www.facebook.com/KamalaHarris
Kamala's Threads: https://www.threads.net/@kamalaharris

#KamalaHarris #Harris2024 #shorts #youtubeshorts #election #election2024",400040,26112,1621,public,https://www.youtube.com/watch?v=1pbckrWQoMc,2026-10-03T08:46:11+00:00
Kamala Harris,民主党,候选人阵营,youtube,harris,UC0XBsJpPhOLg0k4x9ZwrWzw,iLt1k2_iv4Y,2024-10-29T15:00:25+00:00,2024-10-29,videos,False,none,206,Kamala Harris' Campaign Chair Jen O'Malley Dillon Breaks Down the State of the Race,"With one week left until Election Day, Jen O'Malley Dillon, Campaign Chair of the Harris-Walz campaign, lays out the state of the race. She covers our path to 270 electoral votes, tracking the early vote numbers, and most importantly, how you can help reach out to undecided voters. Get involved today: https://go.kamalaharris.com/

Help Vice President Kamala Harris and Governor Tim Walz put policies in place that protect our fundamental freedoms and defeat Donald Trump and MAGA Republicans this election. Take action at https://go.kamalaharris.com.
--------------------------------------
Follow Vice President Kamala Harris!

Kamala's Twitter: https://twitter.com/KamalaHarris
Kamala's Tiktok: https://tiktok.com/@kamalaharris
Kamala’s Instagram: https://www.instagram.com/KamalaHarris  
Kamala's Twitch: https://www.twitch.tv/kamalaharris
Kamala's Facebook: https://www.facebook.com/KamalaHarris
Kamala's Threads: https://www.threads.net/@kamalaharris

#KamalaHarris #Harris2024 #election #election2024",46666,2796,752,public,https://www.youtube.com/watch?v=iLt1k2_iv4Y,2026-10-03T08:46:11+00:00
Kamala Harris,民主党,候选人阵营,youtube,harris,UC0XBsJpPhOLg0k4x9ZwrWzw,OwdzTItujsw,2024-10-29T16:30:05+00:00,2024-10-29,shorts,False,none,39,"Dr. Roque, thank you for your commitment to providing reproductive health care.","You are making a difference by not giving up. Help Vice President Kamala Harris and Governor Tim Walz put policies in place that protect our fundamental freedoms and defeat Donald Trump and MAGA Republicans this election. Take action at https://go.kamalaharris.com.
--------------------------------------
Follow Vice President Kamala Harris!

Kamala's Twitter: https://twitter.com/KamalaHarris
Kamala's Tiktok: https://tiktok.com/@kamalaharris
Kamala’s Instagram: https://www.instagram.com/KamalaHarris  
Kamala's Twitch: https://www.twitch.tv/kamalaharris
Kamala's Facebook: https://www.facebook.com/KamalaHarris
Kamala's Threads: https://www.threads.net/@kamalaharris

#KamalaHarris #Harris2024 #shorts #youtubeshorts #election #election2024",397966,30451,1474,public,https://www.youtube.com/watch?v=OwdzTItujsw,2026-10-03T08:46:11+00:00
Kamala Harris,民主党,候选人阵营,youtube,harris,UC0XBsJpPhOLg0k4x9ZwrWzw,DLOn-hNcsSA,2024-10-29T18:30:12+00:00,2024-10-29,shorts,False,none,15,It's great to be back in Michigan. Go Blue!,"Help Vice President Kamala Harris and Governor Tim Walz put policies in place that protect our fundamental freedoms and defeat Donald Trump and MAGA Republicans this election. Take action at https://go.kamalaharris.com.
--------------------------------------
Follow Vice President Kamala Harris!

Kamala's Twitter: https://twitter.com/KamalaHarris
Kamala's Tiktok: https://tiktok.com/@kamalaharris
Kamala’s Instagram: https://www.instagram.com/KamalaHarris  
Kamala's Twitch: https://www.twitch.tv/kamalaharris
Kamala's Facebook: https://www.facebook.com/KamalaHarris
Kamala's Threads: https://www.threads.net/@kamalaharris

#KamalaHarris #Harris2024 #shorts #youtubeshorts #election #election2024",1615235,35657,1907,public,https://www.youtube.com/watch?v=DLOn-hNcsSA,2026-10-03T08:46:11+00:00
Kamala Harris,民主党,候选人阵营,youtube,harris,UC0XBsJpPhOLg0k4x9ZwrWzw,huHJ4pDgHdE,2024-10-29T21:45:20+00:00,2024-10-29,shorts,False,none,7,You know what to do.,"Make your plan to vote: https://iwillvote.com

Help Vice President Kamala Harris and Governor Tim Walz put policies in place that protect our fundamental freedoms and defeat Donald Trump and MAGA Republicans this election. Take action at https://go.kamalaharris.com.

--------------------------------------
Follow Vice President Kamala Harris!

Kamala's Twitter: https://twitter.com/KamalaHarris
Kamala's Tiktok: https://tiktok.com/@kamalaharris
Kamala’s Instagram: https://www.instagram.com/KamalaHarris  
Kamala's Twitch: https://www.twitch.tv/kamalaharris
Kamala's Facebook: https://www.facebook.com/KamalaHarris
Kamala's Threads: https://www.threads.net/@kamalaharris

#KamalaHarris #Harris2024 #shorts #youtubeshorts #election2024 #election",323042,17826,2050,public,https://www.youtube.com/watch?v=huHJ4pDgHdE,2026-10-03T08:46:11+00:00
Kamala Harris,民主党,候选人阵营,youtube,harris,UC0XBsJpPhOLg0k4x9ZwrWzw,OSTleAR0L_0,2024-10-30T00:17:31+00:00,2024-10-29,streams,True,none,7806,Closing Argument Speech from Vice President Kamala Harris,"America, it is time to turn the page on Donald Trump and chart a new way forward. 

Vice President Kamala Harris made a promise to the people of this country: She will fight for you, regardless of who you vote for, and be a president for all Americans. Here is her closing argument—watch now.

For ASL feed, please tune in here: https://us06web.zoom.us/j/86132254757

--------------------------------------
Follow Vice President Kamala Harris!

Kamala's Twitter: https://twitter.com/KamalaHarris
Kamala's Tiktok: https://tiktok.com/@kamalaharris
Kamala’s Instagram: https://www.instagram.com/KamalaHarris  
Kamala's Twitch: https://www.twitch.tv/kamalaharris
Kamala's Facebook: https://www.facebook.com/KamalaHarris
Kamala's Threads: https://www.threads.net/@kamalaharris

#KamalaHarris #Harris2024",874721,26963,3809,public,https://www.youtube.com/watch?v=OSTleAR0L_0,2026-10-03T08:46:11+00:00
Kamala Harris,民主党,候选人阵营,youtube,harris,UC0XBsJpPhOLg0k4x9ZwrWzw,XZH_QRMW39o,2024-10-30T01:20:09+00:00,2024-10-29,shorts,False,none,16,"Good evening, America.","Help Vice President Kamala Harris and Governor Tim Walz put policies in place that protect our fundamental freedoms and defeat Donald Trump and MAGA Republicans this election. Take action at https://go.kamalaharris.com.
--------------------------------------
Follow Vice President Kamala Harris!

Kamala's Twitter: https://twitter.com/KamalaHarris
Kamala's Tiktok: https://tiktok.com/@kamalaharris
Kamala’s Instagram: https://www.instagram.com/KamalaHarris  
Kamala's Twitch: https://www.twitch.tv/kamalaharris
Kamala's Facebook: https://www.facebook.com/KamalaHarris
Kamala's Threads: https://www.threads.net/@kamalaharris

#KamalaHarris #Harris2024 #shorts #youtubeshorts #election #election2024",138717,11454,829,public,https://www.youtube.com/watch?v=XZH_QRMW39o,2026-10-03T08:46:11+00:00
Kamala Harris,民主党,候选人阵营,youtube,harris,UC0XBsJpPhOLg0k4x9ZwrWzw,Z5t7EmrrGs4,2024-10-30T02:10:34+00:00,2024-10-29,videos,False,none,1793,Vice President Kamala Harris' Closing Argument Speech to American Voters,"Vice President Kamala Harris addresses a crowd of 75,000 supporters at the Ellipse in Washington, DC to make her closing argument to American voters ahead of Election Day (November 5, 2024).

Help Vice President Kamala Harris and Governor Tim Walz put policies in place that protect our fundamental freedoms and defeat Donald Trump and MAGA Republicans this election. Take action at https://go.kamalaharris.com.
--------------------------------------
Follow Vice President Kamala Harris!

Kamala's Twitter: https://twitter.com/KamalaHarris
Kamala's Tiktok: https://tiktok.com/@kamalaharris
Kamala’s Instagram: https://www.instagram.com/KamalaHarris  
Kamala's Twitch: https://www.twitch.tv/kamalaharris
Kamala's Facebook: https://www.facebook.com/KamalaHarris
Kamala's Threads: https://www.threads.net/@kamalaharris

#KamalaHarris #Harris2024 #election #election2024",409481,18380,4696,public,https://www.youtube.com/watch?v=Z5t7EmrrGs4,2026-10-03T08:46:11+00:00
Kamala Harris,民主党,候选人阵营,youtube,harris,UC0XBsJpPhOLg0k4x9ZwrWzw,y6jib-IE2PM,2024-10-30T02:39:12+00:00,2024-10-29,shorts,False,none,59,Tracee was the first person in line for our rally tonight. Thank you so much for being here with me.,"Help Vice President Kamala Harris and Governor Tim Walz put policies in place that protect our fundamental freedoms and defeat Donald Trump and MAGA Republicans this election. Take action at https://go.kamalaharris.com.
--------------------------------------
Follow Vice President Kamala Harris!

Kamala's Twitter: https://twitter.com/KamalaHarris
Kamala's Tiktok: https://tiktok.com/@kamalaharris
Kamala’s Instagram: https://www.instagram.com/KamalaHarris  
Kamala's Twitch: https://www.twitch.tv/kamalaharris
Kamala's Facebook: https://www.facebook.com/KamalaHarris
Kamala's Threads: https://www.threads.net/@kamalaharris

#KamalaHarris #Harris2024 #shorts #youtubeshorts #election #election2024",625930,59514,2504,public,https://www.youtube.com/watch?v=y6jib-IE2PM,2026-10-03T08:46:11+00:00
Kamala Harris,民主党,候选人阵营,youtube,harris,UC0XBsJpPhOLg0k4x9ZwrWzw,s28CVBS6UpY,2024-10-30T14:56:06+00:00,2024-10-30,shorts,False,none,30,"Vegas: When we vote, we win.","Help Vice President Kamala Harris and Governor Tim Walz put policies in place that protect our fundamental freedoms and defeat Donald Trump and MAGA Republicans this election. Take action at https://go.kamalaharris.com.
--------------------------------------
Follow Vice President Kamala Harris!

Kamala's Twitter: https://twitter.com/KamalaHarris
Kamala's Tiktok: https://tiktok.com/@kamalaharris
Kamala’s Instagram: https://www.instagram.com/KamalaHarris  
Kamala's Twitch: https://www.twitch.tv/kamalaharris
Kamala's Facebook: https://www.facebook.com/KamalaHarris
Kamala's Threads: https://www.threads.net/@kamalaharris

#KamalaHarris #Harris2024 #shorts #youtubeshorts #election #election2024",232506,28105,1594,public,https://www.youtube.com/watch?v=s28CVBS6UpY,2026-10-03T08:46:11+00:00
Kamala Harris,民主党,候选人阵营,youtube,harris,UC0XBsJpPhOLg0k4x9ZwrWzw,zGrPO3-hDk4,2024-10-30T16:17:36+00:00,2024-10-30,videos,False,none,73,Our Next Chapter | Kamala Harris' Closing Argument,"On November 5, Americans have the power to turn the page and start writing the next chapter in the most extraordinary story ever told. https://iwillvote.com/

--------------------------------------
Follow Vice President Kamala Harris!

Kamala's Twitter: https://twitter.com/KamalaHarris
Kamala's Tiktok: https://tiktok.com/@kamalaharris
Kamala’s Instagram: https://www.instagram.com/KamalaHarris  
Kamala's Twitch: https://www.twitch.tv/kamalaharris
Kamala's Facebook: https://www.facebook.com/KamalaHarris
Kamala's Threads: https://www.threads.net/@kamalaharris

#KamalaHarris #Harris2024",61983,3064,893,public,https://www.youtube.com/watch?v=zGrPO3-hDk4,2026-10-03T08:46:11+00:00
Kamala Harris,民主党,候选人阵营,youtube,harris,UC0XBsJpPhOLg0k4x9ZwrWzw,bMrWA7QEHFU,2024-10-30T17:00:40+00:00,2024-10-30,shorts,False,none,20,"Our campaign is charting a new way forward with hope, joy, and action.","This road has taken us across the country, meeting voters where they are. And we aren’t done yet. We have 6 days left to make our voices heard in this election. Join us: https://iwillvote.com/Help Vice President Kamala Harris and Governor Tim Walz put policies in place that protect our fundamental freedoms and defeat Donald Trump and MAGA Republicans this election. Take action at https://go.kamalaharris.com.
--------------------------------------
Follow Vice President Kamala Harris!

Kamala's Twitter: https://twitter.com/KamalaHarris
Kamala's Tiktok: https://tiktok.com/@kamalaharris
Kamala’s Instagram: https://www.instagram.com/KamalaHarris  
Kamala's Twitch: https://www.twitch.tv/kamalaharris
Kamala's Facebook: https://www.facebook.com/KamalaHarris
Kamala's Threads: https://www.threads.net/@kamalaharris

#KamalaHarris #Harris2024 #shorts #youtubeshorts #election #election2024",149251,9366,644,public,https://www.youtube.com/watch?v=bMrWA7QEHFU,2026-10-03T08:46:11+00:00
Kamala Harris,民主党,候选人阵营,youtube,harris,UC0XBsJpPhOLg0k4x9ZwrWzw,7qcfTNAheig,2024-10-30T17:25:06+00:00,2024-10-30,streams,True,none,2644,"Rally in Raleigh, NC with Vice President Kamala Harris","In less than a week, our votes will shape the future of America. 

Tune in to hear Vice President Kamala Harris' speech in Raleigh, North Carolina.

For ASL feed, please tune in here: https://us06web.zoom.us/j/84343469940--------------------------------------
Follow Vice President Kamala Harris!

Kamala's Twitter: https://twitter.com/KamalaHarris
Kamala's Tiktok: https://tiktok.com/@kamalaharris
Kamala’s Instagram: https://www.instagram.com/KamalaHarris  
Kamala's Twitch: https://www.twitch.tv/kamalaharris
Kamala's Facebook: https://www.facebook.com/KamalaHarris
Kamala's Threads: https://www.threads.net/@kamalaharris

#KamalaHarris #Harris2024",67434,3557,453,public,https://www.youtube.com/watch?v=7qcfTNAheig,2026-10-03T08:46:11+00:00
Kamala Harris,民主党,候选人阵营,youtube,harris,UC0XBsJpPhOLg0k4x9ZwrWzw,IU9kHyudcEo,2024-10-30T19:00:12+00:00,2024-10-30,shorts,False,none,16,Listen to @maggierogersmusic and @TimWalz: Make your plan to vote! Let’s win this thing.,"Help Vice President Kamala Harris and Governor Tim Walz put policies in place that protect our fundamental freedoms and defeat Donald Trump and MAGA Republicans this election. Take action at https://go.kamalaharris.com.
--------------------------------------
Follow Vice President Kamala Harris!

Kamala's Twitter: https://twitter.com/KamalaHarris
Kamala's Tiktok: https://tiktok.com/@kamalaharris
Kamala’s Instagram: https://www.instagram.com/KamalaHarris  
Kamala's Twitch: https://www.twitch.tv/kamalaharris
Kamala's Facebook: https://www.facebook.com/KamalaHarris
Kamala's Threads: https://www.threads.net/@kamalaharris

#KamalaHarris #Harris2024 #shorts #youtubeshorts #election #election2024",204040,9874,824,public,https://www.youtube.com/watch?v=IU9kHyudcEo,2026-10-03T08:46:11+00:00
Kamala Harris,民主党,候选人阵营,youtube,harris,UC0XBsJpPhOLg0k4x9ZwrWzw,_6gJVRVftxs,2024-10-30T19:00:22+00:00,2024-10-30,shorts,False,none,47,"Surround yourself with people who know that you are bright, you are smart, and you are a leader.","Help Vice President Kamala Harris and Governor Tim Walz put policies in place that protect our fundamental freedoms and defeat Donald Trump and MAGA Republicans this election. Take action at https://go.kamalaharris.com.
--------------------------------------
Follow Vice President Kamala Harris!

Kamala's Twitter: https://twitter.com/KamalaHarris
Kamala's Tiktok: https://tiktok.com/@kamalaharris
Kamala’s Instagram: https://www.instagram.com/KamalaHarris  
Kamala's Twitch: https://www.twitch.tv/kamalaharris
Kamala's Facebook: https://www.facebook.com/KamalaHarris
Kamala's Threads: https://www.threads.net/@kamalaharris

#KamalaHarris #Harris2024 #shorts #youtubeshorts #election #election2024",454746,32371,958,public,https://www.youtube.com/watch?v=_6gJVRVftxs,2026-10-03T08:46:11+00:00
Kamala Harris,民主党,候选人阵营,youtube,harris,UC0XBsJpPhOLg0k4x9ZwrWzw,ytYwAjX94VM,2024-10-30T21:00:46+00:00,2024-10-30,shorts,False,none,15,Freedom is what we are fighting for.,"Help Vice President Kamala Harris and Governor Tim Walz put policies in place that protect our fundamental freedoms and defeat Donald Trump and MAGA Republicans this election. Take action at https://go.kamalaharris.com.
--------------------------------------
Follow Vice President Kamala Harris!

Kamala's Twitter: https://twitter.com/KamalaHarris
Kamala's Tiktok: https://tiktok.com/@kamalaharris
Kamala’s Instagram: https://www.instagram.com/KamalaHarris  
Kamala's Twitch: https://www.twitch.tv/kamalaharris
Kamala's Facebook: https://www.facebook.com/KamalaHarris
Kamala's Threads: https://www.threads.net/@kamalaharris

#KamalaHarris #Harris2024 #shorts #youtubeshorts #election #election2024",143988,9607,512,public,https://www.youtube.com/watch?v=ytYwAjX94VM,2026-10-03T08:46:11+00:00
Kamala Harris,民主党,候选人阵营,youtube,harris,UC0XBsJpPhOLg0k4x9ZwrWzw,6Aru-noS8d0,2024-10-30T21:01:14+00:00,2024-10-30,streams,True,none,2481,"Vice President Kamala Harris Speaks at Harrisburg, PA Rally","Today Vice President Kamala Harris is rallying voters in Harrisburg, PA. Tune in. 
For ASL feed, please tune in here: https://us06web.zoom.us/j/86025790405
--------------------------------------
Follow Vice President Kamala Harris!

Kamala's Twitter: https://twitter.com/KamalaHarris
Kamala's Tiktok: https://tiktok.com/@kamalaharris
Kamala’s Instagram: https://www.instagram.com/KamalaHarris  
Kamala's Twitch: https://www.twitch.tv/kamalaharris
Kamala's Facebook: https://www.facebook.com/KamalaHarris
Kamala's Threads: https://www.threads.net/@kamalaharris

#KamalaHarris #Harris2024",81372,4069,470,public,https://www.youtube.com/watch?v=6Aru-noS8d0,2026-10-03T08:46:11+00:00
Kamala Harris,民主党,候选人阵营,youtube,harris,UC0XBsJpPhOLg0k4x9ZwrWzw,GRtF4lwBTgQ,2024-10-30T23:24:54+00:00,2024-10-30,videos,False,none,83,Kamala Harris Explains Why Restoring Reproductive Freedom Matters,"Vice President Kamala Harris calls out Donald Trump for overturning Roe v. Wade—a decision that led to more than 1 in 3 American women living in a state with a Trump Abortion Ban.

Help Vice President Kamala Harris and Governor Tim Walz put policies in place that protect our fundamental freedoms and defeat Donald Trump and MAGA Republicans this election. Take action at https://go.kamalaharris.com.
--------------------------------------
Follow Vice President Kamala Harris!

Kamala's Twitter: https://twitter.com/KamalaHarris
Kamala's Tiktok: https://tiktok.com/@kamalaharris
Kamala’s Instagram: https://www.instagram.com/KamalaHarris  
Kamala's Twitch: https://www.twitch.tv/kamalaharris
Kamala's Facebook: https://www.facebook.com/KamalaHarris
Kamala's Threads: https://www.threads.net/@kamalaharris

#KamalaHarris #Harris2024 #election #election2024",16432,688,467,public,https://www.youtube.com/watch?v=GRtF4lwBTgQ,2026-10-03T08:46:11+00:00
Kamala Harris,民主党,候选人阵营,youtube,harris,UC0XBsJpPhOLg0k4x9ZwrWzw,0hgi6fhXU88,2024-10-31T01:00:00+00:00,2024-10-30,shorts,False,none,49,"When my mother was diagnosed with cancer, I took care of her.","I cooked her meals and found little things that put a smile on her face. It was about love and dignity. Here’s how, as president, I will ensure more of our seniors can live life with dignity.

Help Vice President Kamala Harris and Governor Tim Walz put policies in place that protect our fundamental freedoms and defeat Donald Trump and MAGA Republicans this election. Take action at https://go.kamalaharris.com.--------------------------------------
Follow Vice President Kamala Harris!

Kamala's Twitter: https://twitter.com/KamalaHarris
Kamala's Tiktok: https://tiktok.com/@kamalaharris
Kamala’s Instagram: https://www.instagram.com/KamalaHarris  
Kamala's Twitch: https://www.twitch.tv/kamalaharris
Kamala's Facebook: https://www.facebook.com/KamalaHarris
Kamala's Threads: https://www.threads.net/@kamalaharris

#KamalaHarris #Harris2024 #shorts #youtubeshorts #election #election2024",199587,12363,576,public,https://www.youtube.com/watch?v=0hgi6fhXU88,2026-10-03T08:46:11+00:00
Kamala Harris,民主党,候选人阵营,youtube,harris,UC0XBsJpPhOLg0k4x9ZwrWzw,Unbl91vUMfM,2024-10-31T01:37:59+00:00,2024-10-30,streams,True,none,10100,"VP Kamala Harris at WI Rally with Gracie Abrams, Mumford & Sons, and more","Vice President Kamala Harris is back in Madison to remind Americans to make their voices heard on Election Day. Special Musical Guests Gracie Abrams, Mumford & Sons, Remi Wolf, and The National's Matt Berninger + Aaron Dessner. Watch now.

For ASL feed, please tune in here: https://us06web.zoom.us/j/87411751600
--------------------------------------
Follow Vice President Kamala Harris!

Kamala's Twitter: https://twitter.com/KamalaHarris
Kamala's Tiktok: https://tiktok.com/@kamalaharris
Kamala’s Instagram: https://www.instagram.com/KamalaHarris  
Kamala's Twitch: https://www.twitch.tv/kamalaharris
Kamala's Facebook: https://www.facebook.com/KamalaHarris
Kamala's Threads: https://www.threads.net/@kamalaharris

#KamalaHarris #Harris2024",288828,9802,801,public,https://www.youtube.com/watch?v=Unbl91vUMfM,2026-10-03T08:46:11+00:00
Kamala Harris,民主党,候选人阵营,youtube,harris,UC0XBsJpPhOLg0k4x9ZwrWzw,ITVhPXsrxrs,2024-10-31T02:49:03+00:00,2024-10-30,shorts,False,none,14,I love our country—and I pledge to be a president for all Americans.,"Help Vice President Kamala Harris and Governor Tim Walz put policies in place that protect our fundamental freedoms and defeat Donald Trump and MAGA Republicans this election. Take action at https://go.kamalaharris.com.
--------------------------------------
Follow Vice President Kamala Harris!

Kamala's Twitter: https://twitter.com/KamalaHarris
Kamala's Tiktok: https://tiktok.com/@kamalaharris
Kamala’s Instagram: https://www.instagram.com/KamalaHarris  
Kamala's Twitch: https://www.twitch.tv/kamalaharris
Kamala's Facebook: https://www.facebook.com/KamalaHarris
Kamala's Threads: https://www.threads.net/@kamalaharris

#KamalaHarris #Harris2024",111811,7330,635,public,https://www.youtube.com/watch?v=ITVhPXsrxrs,2026-10-03T08:46:11+00:00
Kamala Harris,民主党,候选人阵营,youtube,harris,UC0XBsJpPhOLg0k4x9ZwrWzw,ra1L5gAWIQc,2024-10-31T03:01:17+00:00,2024-10-30,shorts,False,none,11,Whether you like it or not.,"Help Vice President Kamala Harris and Governor Tim Walz put policies in place that protect our fundamental freedoms and defeat Donald Trump and MAGA Republicans this election. Take action at https://go.kamalaharris.com.
--------------------------------------
Follow Vice President Kamala Harris!

Kamala's Twitter: https://twitter.com/KamalaHarris
Kamala's Tiktok: https://tiktok.com/@kamalaharris
Kamala’s Instagram: https://www.instagram.com/KamalaHarris  
Kamala's Twitch: https://www.twitch.tv/kamalaharris
Kamala's Facebook: https://www.facebook.com/KamalaHarris
Kamala's Threads: https://www.threads.net/@kamalaharris

#KamalaHarris #Harris2024",56635,1840,472,public,https://www.youtube.com/watch?v=ra1L5gAWIQc,2026-10-03T08:46:11+00:00
Kamala Harris,民主党,候选人阵营,youtube,harris,UC0XBsJpPhOLg0k4x9ZwrWzw,3_Z7ucCx2_w,2024-10-31T15:18:23+00:00,2024-10-31,videos,False,none,31,Think | Harris-Walz 2024,"You better think (think)
Think about what you're trying to do to me
Yeah, think (think, think)
Let your mind go, let yourself be free
Oh, freedom (freedom), freedom (freedom)
Oh, freedom, yeah, freedom
Freedom (freedom), oh, oh freedom (freedom)
Freedom, oh freedom
—Aretha Franklin, ""Think"" (1968)

Help Vice President Kamala Harris and Governor Tim Walz put policies in place that protect our fundamental freedoms and defeat Donald Trump and MAGA Republicans this election. Take action at https://go.kamalaharris.com.
--------------------------------------
Follow Vice President Kamala Harris!

Kamala's Twitter: https://twitter.com/KamalaHarris
Kamala's Tiktok: https://tiktok.com/@kamalaharris
Kamala’s Instagram: https://www.instagram.com/KamalaHarris  
Kamala's Twitch: https://www.twitch.tv/kamalaharris
Kamala's Facebook: https://www.facebook.com/KamalaHarris
Kamala's Threads: https://www.threads.net/@kamalaharris

#KamalaHarris #Harris2024",46939,4219,538,public,https://www.youtube.com/watch?v=3_Z7ucCx2_w,2026-10-03T08:46:11+00:00
Kamala Harris,民主党,候选人阵营,youtube,harris,UC0XBsJpPhOLg0k4x9ZwrWzw,abz_yC9TWNg,2024-10-31T17:00:01+00:00,2024-10-31,shorts,False,none,31,"I'm honored you brought your rings out for me, Badgers!","Help Vice President Kamala Harris and Governor Tim Walz put policies in place that protect our fundamental freedoms and defeat Donald Trump and MAGA Republicans this election. Take action at https://go.kamalaharris.com.
--------------------------------------
Follow Vice President Kamala Harris!

Kamala's Twitter: https://twitter.com/KamalaHarris
Kamala's Tiktok: https://tiktok.com/@kamalaharris
Kamala’s Instagram: https://www.instagram.com/KamalaHarris  
Kamala's Twitch: https://www.twitch.tv/kamalaharris
Kamala's Facebook: https://www.facebook.com/KamalaHarris
Kamala's Threads: https://www.threads.net/@kamalaharris

#KamalaHarris #Harris2024 #shorts #youtubeshorts #election #election2024",569442,21598,570,public,https://www.youtube.com/watch?v=abz_yC9TWNg,2026-10-03T08:46:11+00:00
Kamala Harris,民主党,候选人阵营,youtube,harris,UC0XBsJpPhOLg0k4x9ZwrWzw,kBqPu-FetF4,2024-10-31T18:04:59+00:00,2024-10-31,videos,False,none,90,America | Harris-Walz 2024,"Help Vice President Kamala Harris and Governor Tim Walz put policies in place that protect our fundamental freedoms and defeat Donald Trump and MAGA Republicans this election. Take action at https://go.kamalaharris.com.
--------------------------------------
Follow Vice President Kamala Harris!

Kamala's Twitter: https://twitter.com/KamalaHarris
Kamala's Tiktok: https://tiktok.com/@kamalaharris
Kamala’s Instagram: https://www.instagram.com/KamalaHarris  
Kamala's Twitch: https://www.twitch.tv/kamalaharris
Kamala's Facebook: https://www.facebook.com/KamalaHarris
Kamala's Threads: https://www.threads.net/@kamalaharris

#KamalaHarris #Harris2024",37979,3612,590,public,https://www.youtube.com/watch?v=kBqPu-FetF4,2026-10-03T08:46:11+00:00
Kamala Harris,民主党,候选人阵营,youtube,harris,UC0XBsJpPhOLg0k4x9ZwrWzw,n3NVgoswZvM,2024-10-31T21:22:21+00:00,2024-10-31,streams,True,none,2726,Rally en Arizona con la vicepresidenta Harris + Invitados Especiales Los Tigres Del Norte,"La vicepresidenta Kamala Harris está luchando por un futuro en el que todos importan y todos están incluidos. Únete a ella en Phoenix, Arizona, para reunirte con votantes y asegurarte de que tu voz sea escuchada en esta elección. Con los invitados especiales, Los Tigres Del Norte. Regístrate para recibir un recordatorio para ver el evento.
--------------------------------------
Follow Vice President Kamala Harris!

Kamala's Twitter: https://twitter.com/KamalaHarris
Kamala's Tiktok: https://tiktok.com/@kamalaharris
Kamala’s Instagram: https://www.instagram.com/KamalaHarris  
Kamala's Twitch: https://www.twitch.tv/kamalaharris
Kamala's Facebook: https://www.facebook.com/KamalaHarris
Kamala's Threads: https://www.threads.net/@kamalaharris

#KamalaHarris #Harris2024",8070,516,41,public,https://www.youtube.com/watch?v=n3NVgoswZvM,2026-10-03T08:46:11+00:00
Kamala Harris,民主党,候选人阵营,youtube,harris,UC0XBsJpPhOLg0k4x9ZwrWzw,nmlpFArgGus,2024-10-31T21:23:32+00:00,2024-10-31,streams,True,none,2840,Arizona Rally with Vice President Harris + Special Musical Guests Los Tigres Del Norte,"Vice President Kamala Harris is fighting for a future where everyone matters and everyone is included. 

Join her in Phoenix, Arizona to meet with voters and make sure their voices are heard this election. With special musical guest, Los Tigres Del Norte.

For ASL feed, please tune in here: https://us06web.zoom.us/j/85207380703
--------------------------------------
Follow Vice President Kamala Harris!

Kamala's Twitter: https://twitter.com/KamalaHarris
Kamala's Tiktok: https://tiktok.com/@kamalaharris
Kamala’s Instagram: https://www.instagram.com/KamalaHarris  
Kamala's Twitch: https://www.twitch.tv/kamalaharris
Kamala's Facebook: https://www.facebook.com/KamalaHarris
Kamala's Threads: https://www.threads.net/@kamalaharris

#KamalaHarris #Harris2024",107484,4784,604,public,https://www.youtube.com/watch?v=nmlpFArgGus,2026-10-03T08:46:11+00:00
Kamala Harris,民主党,候选人阵营,youtube,harris,UC0XBsJpPhOLg0k4x9ZwrWzw,v8JiVk7HQiU,2024-10-31T22:27:26+00:00,2024-10-31,shorts,False,none,51,Listen to people when they tell you who they are.,"Help Vice President Kamala Harris and Governor Tim Walz put policies in place that protect our fundamental freedoms and defeat Donald Trump and MAGA Republicans this election. Take action at https://go.kamalaharris.com.
--------------------------------------
Follow Vice President Kamala Harris!

Kamala's Twitter: https://twitter.com/KamalaHarris
Kamala's Tiktok: https://tiktok.com/@kamalaharris
Kamala’s Instagram: https://www.instagram.com/KamalaHarris  
Kamala's Twitch: https://www.twitch.tv/kamalaharris
Kamala's Facebook: https://www.facebook.com/KamalaHarris
Kamala's Threads: https://www.threads.net/@kamalaharris

#KamalaHarris #Harris2024",935675,24607,956,public,https://www.youtube.com/watch?v=v8JiVk7HQiU,2026-10-03T08:46:11+00:00
Kamala Harris,民主党,候选人阵营,youtube,harris,UC0XBsJpPhOLg0k4x9ZwrWzw,LRusncSLrRQ,2024-10-31T23:15:00+00:00,2024-10-31,shorts,False,none,39,"When we fight, we win.","Help Vice President Kamala Harris and Governor Tim Walz put policies in place that protect our fundamental freedoms and defeat Donald Trump and MAGA Republicans this election. Take action at https://go.kamalaharris.com.
--------------------------------------
Follow Vice President Kamala Harris!

Kamala's Twitter: https://twitter.com/KamalaHarris
Kamala's Tiktok: https://tiktok.com/@kamalaharris
Kamala’s Instagram: https://www.instagram.com/KamalaHarris  
Kamala's Twitch: https://www.twitch.tv/kamalaharris
Kamala's Facebook: https://www.facebook.com/KamalaHarris
Kamala's Threads: https://www.threads.net/@kamalaharris

#KamalaHarris #Harris2024",182458,7580,728,public,https://www.youtube.com/watch?v=LRusncSLrRQ,2026-10-03T08:46:11+00:00
Kamala Harris,民主党,候选人阵营,youtube,harris,UC0XBsJpPhOLg0k4x9ZwrWzw,7AlTUdE8sqY,2024-11-01T00:53:19+00:00,2024-10-31,streams,True,none,2655,"Vice President Kamala Harris Reno, NV Rally","Tune in to Vice President Kamala Harris' speech in Reno, NV as she rally voters to choose a new way forward for America in this election.

For ASL feed, please tune in here: https://us06web.zoom.us/j/86534650384
--------------------------------------
Follow Vice President Kamala Harris!

Kamala's Twitter: https://twitter.com/KamalaHarris
Kamala's Tiktok: https://tiktok.com/@kamalaharris
Kamala’s Instagram: https://www.instagram.com/KamalaHarris  
Kamala's Twitch: https://www.twitch.tv/kamalaharris
Kamala's Facebook: https://www.facebook.com/KamalaHarris
Kamala's Threads: https://www.threads.net/@kamalaharris

#KamalaHarris #Harris2024",128394,5604,793,public,https://www.youtube.com/watch?v=7AlTUdE8sqY,2026-10-03T08:46:11+00:00
Kamala Harris,民主党,候选人阵营,youtube,harris,UC0XBsJpPhOLg0k4x9ZwrWzw,f1ZwUQZcC7w,2024-11-01T02:57:07+00:00,2024-10-31,shorts,False,none,15,No. ❤️,"Help Vice President Kamala Harris and Governor Tim Walz put policies in place that protect our fundamental freedoms and defeat Donald Trump and MAGA Republicans this election. Take action at https://go.kamalaharris.com.
--------------------------------------
Follow Vice President Kamala Harris!

Kamala's Twitter: https://twitter.com/KamalaHarris
Kamala's Tiktok: https://tiktok.com/@kamalaharris
Kamala’s Instagram: https://www.instagram.com/KamalaHarris  
Kamala's Twitch: https://www.twitch.tv/kamalaharris
Kamala's Facebook: https://www.facebook.com/KamalaHarris
Kamala's Threads: https://www.threads.net/@kamalaharris

#KamalaHarris #Harris2024",40351,1318,206,public,https://www.youtube.com/watch?v=f1ZwUQZcC7w,2026-10-03T08:46:11+00:00
Kamala Harris,民主党,候选人阵营,youtube,harris,UC0XBsJpPhOLg0k4x9ZwrWzw,_jwaT6FN1kc,2024-11-01T04:48:18+00:00,2024-11-01,streams,True,none,8691,"Las Vegas Rally with VP Kamala Harris, Jennifer Lopez, and Maná","You have the power to decide what kind of country we live in with your vote and your voice.

Vice President Kamala Harris is in Las Vegas, Nevada to speak about what is at stake in this election. Guest speaker, Jennifer Lopez and musical guest, Maná. Tune in.

For ASL feed, please tune in here: https://us06web.zoom.us/j/86817538004
--------------------------------------
Follow Vice President Kamala Harris!

Kamala's Twitter: https://twitter.com/KamalaHarris
Kamala's Tiktok: https://tiktok.com/@kamalaharris
Kamala’s Instagram: https://www.instagram.com/KamalaHarris  
Kamala's Twitch: https://www.twitch.tv/kamalaharris
Kamala's Facebook: https://www.facebook.com/KamalaHarris
Kamala's Threads: https://www.threads.net/@kamalaharris

#KamalaHarris #Harris2024",182292,6011,476,public,https://www.youtube.com/watch?v=_jwaT6FN1kc,2026-10-03T08:46:11+00:00
Kamala Harris,民主党,候选人阵营,youtube,harris,UC0XBsJpPhOLg0k4x9ZwrWzw,-uQU2vYpY_o,2024-11-01T04:50:06+00:00,2024-11-01,streams,True,none,8700,"Rally en Las Vegas  con vicepresidenta Kamala Harris, Jennifer Lopez y Maná","Tienes el poder de decidir en qué tipo de país quieres vivir con tu voto y tu voz. La vicepresidenta Kamala Harris está en Las Vegas, Nevada, para hablar sobre lo que está en juego en estas elecciones. La invitada especial será Jennifer López y el grupo musical invitado será Maná. ¡Sintonízate!
--------------------------------------
Follow Vice President Kamala Harris!

Kamala's Twitter: https://twitter.com/KamalaHarris
Kamala's Tiktok: https://tiktok.com/@kamalaharris
Kamala’s Instagram: https://www.instagram.com/KamalaHarris  
Kamala's Twitch: https://www.twitch.tv/kamalaharris
Kamala's Facebook: https://www.facebook.com/KamalaHarris
Kamala's Threads: https://www.threads.net/@kamalaharris

#KamalaHarris #Harris2024",40094,1844,177,public,https://www.youtube.com/watch?v=-uQU2vYpY_o,2026-10-03T08:46:11+00:00
Kamala Harris,民主党,候选人阵营,youtube,harris,UC0XBsJpPhOLg0k4x9ZwrWzw,pWdwTgxGl_U,2024-11-01T12:35:42+00:00,2024-11-01,videos,False,none,806,Jennifer Lopez Endorses Kamala Harris for President of the United States,"Jennifer Lopez addresses the crowd at a Las Vegas rally for Kamala Harris.
Help Vice President Kamala Harris and Governor Tim Walz put policies in place that protect our fundamental freedoms and defeat Donald Trump and MAGA Republicans this election. Take action at https://go.kamalaharris.com.
--------------------------------------
Follow Vice President Kamala Harris!

Kamala's Twitter: https://twitter.com/KamalaHarris
Kamala's Tiktok: https://tiktok.com/@kamalaharris
Kamala’s Instagram: https://www.instagram.com/KamalaHarris  
Kamala's Twitch: https://www.twitch.tv/kamalaharris
Kamala's Facebook: https://www.facebook.com/KamalaHarris
Kamala's Threads: https://www.threads.net/@kamalaharris

#KamalaHarris #Harris2024",164076,6191,2171,public,https://www.youtube.com/watch?v=pWdwTgxGl_U,2026-10-03T08:46:11+00:00
Kamala Harris,民主党,候选人阵营,youtube,harris,UC0XBsJpPhOLg0k4x9ZwrWzw,qolcyOnnjjo,2024-11-01T13:50:32+00:00,2024-11-01,shorts,False,none,29,"Thank you, Nevada—and thank you, J Lo.","Help Vice President Kamala Harris and Governor Tim Walz put policies in place that protect our fundamental freedoms and defeat Donald Trump and MAGA Republicans this election. Take action at https://go.kamalaharris.com.
--------------------------------------
Follow Vice President Kamala Harris!

Kamala's Twitter: https://twitter.com/KamalaHarris
Kamala's Tiktok: https://tiktok.com/@kamalaharris
Kamala’s Instagram: https://www.instagram.com/KamalaHarris  
Kamala's Twitch: https://www.twitch.tv/kamalaharris
Kamala's Facebook: https://www.facebook.com/KamalaHarris
Kamala's Threads: https://www.threads.net/@kamalaharris

#KamalaHarris #Harris2024",1465817,45100,3251,public,https://www.youtube.com/watch?v=qolcyOnnjjo,2026-10-03T08:46:11+00:00
Kamala Harris,民主党,候选人阵营,youtube,harris,UC0XBsJpPhOLg0k4x9ZwrWzw,9W826GfFwak,2024-11-01T19:30:00+00:00,2024-11-01,videos,False,none,584,Kamala Harris Visits a Barbershop in Philadelphia,"Vice President Kamala Harris visits Philly Cuts, a barber shop in Philadelphia, for a conversation about her Opportunity Agenda for Black Men—a plan to provide Black men with the tools to achieve financial freedom, lower costs to better provide for themselves and their families, and protect their rights.

Help Vice President Kamala Harris and Governor Tim Walz put policies in place that protect our fundamental freedoms and defeat Donald Trump and MAGA Republicans this election. Take action at https://go.kamalaharris.com.

--------------------------------------
Follow Vice President Kamala Harris!

Kamala's Twitter: https://twitter.com/KamalaHarris
Kamala's Tiktok: https://tiktok.com/@kamalaharris
Kamala’s Instagram: https://www.instagram.com/KamalaHarris  
Kamala's Twitch: https://www.twitch.tv/kamalaharris
Kamala's Facebook: https://www.facebook.com/KamalaHarris
Kamala's Threads: https://www.threads.net/@kamalaharris

#KamalaHarris #Harris2024 #election #election2024",686680,34868,4732,public,https://www.youtube.com/watch?v=9W826GfFwak,2026-10-03T08:46:11+00:00
Kamala Harris,民主党,候选人阵营,youtube,harris,UC0XBsJpPhOLg0k4x9ZwrWzw,Y3JnjDn_cwI,2024-11-01T20:25:05+00:00,2024-11-01,streams,True,none,2296,"Vice President Kamala Harris' Speech at Janesville, WI Rally | Harris-Walz 2024","Vice President Kamala Harris is fighting for a future where every American has the opportunity to thrive.

Tune in to hear her speech in Janesville, Wisconsin.

For ASL feed, please tune in here: https://us06web.zoom.us/j/81862792917
--------------------------------------
Follow Vice President Kamala Harris!

Kamala's Twitter: https://twitter.com/KamalaHarris
Kamala's Tiktok: https://tiktok.com/@kamalaharris
Kamala’s Instagram: https://www.instagram.com/KamalaHarris  
Kamala's Twitch: https://www.twitch.tv/kamalaharris
Kamala's Facebook: https://www.facebook.com/KamalaHarris
Kamala's Threads: https://www.threads.net/@kamalaharris

#KamalaHarris #Harris2024",58187,2458,301,public,https://www.youtube.com/watch?v=Y3JnjDn_cwI,2026-10-03T08:46:11+00:00
Kamala Harris,民主党,候选人阵营,youtube,harris,UC0XBsJpPhOLg0k4x9ZwrWzw,olyNJ_wKkhI,2024-11-01T20:30:05+00:00,2024-11-01,shorts,False,none,20,Listen to @JenniferLopez: Your vote is your voice. Let’s get loud.,"Help Vice President Kamala Harris and Governor Tim Walz put policies in place that protect our fundamental freedoms and defeat Donald Trump and MAGA Republicans this election. Take action at https://go.kamalaharris.com.
--------------------------------------
Follow Vice President Kamala Harris!

Kamala's Twitter: https://twitter.com/KamalaHarris
Kamala's Tiktok: https://tiktok.com/@kamalaharris
Kamala’s Instagram: https://www.instagram.com/KamalaHarris  
Kamala's Twitch: https://www.twitch.tv/kamalaharris
Kamala's Facebook: https://www.facebook.com/KamalaHarris
Kamala's Threads: https://www.threads.net/@kamalaharris

#KamalaHarris #Harris2024 #jlo #shorts #youtubeshorts",2052609,44491,10663,public,https://www.youtube.com/watch?v=olyNJ_wKkhI,2026-10-03T08:46:11+00:00
Kamala Harris,民主党,候选人阵营,youtube,harris,UC0XBsJpPhOLg0k4x9ZwrWzw,VJpOIBSJUjs,2024-11-01T22:42:48+00:00,2024-11-01,shorts,False,none,58,Congratulations @Dodgers!,"Help Vice President Kamala Harris and Governor Tim Walz put policies in place that protect our fundamental freedoms and defeat Donald Trump and MAGA Republicans this election. Take action at https://go.kamalaharris.com.
--------------------------------------
Follow Vice President Kamala Harris!

Kamala's Twitter: https://twitter.com/KamalaHarris
Kamala's Tiktok: https://tiktok.com/@kamalaharris
Kamala’s Instagram: https://www.instagram.com/KamalaHarris  
Kamala's Twitch: https://www.twitch.tv/kamalaharris
Kamala's Facebook: https://www.facebook.com/KamalaHarris
Kamala's Threads: https://www.threads.net/@kamalaharris

#KamalaHarris #Harris2024 #shorts #dodgers #mlb #youtubeshorts",522375,23106,965,public,https://www.youtube.com/watch?v=VJpOIBSJUjs,2026-10-03T08:46:11+00:00
Kamala Harris,民主党,候选人阵营,youtube,harris,UC0XBsJpPhOLg0k4x9ZwrWzw,xaNtMj1m4co,2024-11-01T23:24:26+00:00,2024-11-01,streams,True,none,2920,Vice President Kamala Harris at Wisconsin Community Rally | Harris-Walz 2024,"Wisconsin—there are only 4 more days to get out and make your voice heard in this election. Join Vice President Kamala Harris in Little Chute for a community rally. 

For ASL feed, please tune in here: https://us06web.zoom.us/j/85397468833
--------------------------------------
Follow Vice President Kamala Harris!

Kamala's Twitter: https://twitter.com/KamalaHarris
Kamala's Tiktok: https://tiktok.com/@kamalaharris
Kamala’s Instagram: https://www.instagram.com/KamalaHarris  
Kamala's Twitch: https://www.twitch.tv/kamalaharris
Kamala's Facebook: https://www.facebook.com/KamalaHarris
Kamala's Threads: https://www.threads.net/@kamalaharris

#KamalaHarris #Harris2024",71876,3020,345,public,https://www.youtube.com/watch?v=xaNtMj1m4co,2026-10-03T08:46:11+00:00
Kamala Harris,民主党,候选人阵营,youtube,harris,UC0XBsJpPhOLg0k4x9ZwrWzw,gL0IFZk44hM,2024-11-01T23:42:19+00:00,2024-11-01,videos,False,none,31,Philly vs. Trump | Harris-Walz 2024,"Help Vice President Kamala Harris and Governor Tim Walz put policies in place that protect our fundamental freedoms and defeat Donald Trump and MAGA Republicans this election. Take action at https://go.kamalaharris.com.
--------------------------------------
Follow Vice President Kamala Harris!

Kamala's Twitter: https://twitter.com/KamalaHarris
Kamala's Tiktok: https://tiktok.com/@kamalaharris
Kamala’s Instagram: https://www.instagram.com/KamalaHarris  
Kamala's Twitch: https://www.twitch.tv/kamalaharris
Kamala's Facebook: https://www.facebook.com/KamalaHarris
Kamala's Threads: https://www.threads.net/@kamalaharris

#KamalaHarris #Harris2024",36019,1565,361,public,https://www.youtube.com/watch?v=gL0IFZk44hM,2026-10-03T08:46:11+00:00
Kamala Harris,民主党,候选人阵营,youtube,harris,UC0XBsJpPhOLg0k4x9ZwrWzw,dCsk2aFv9A4,2024-11-02T02:54:51+00:00,2024-11-01,streams,True,none,8321,"VP Kamala Harris in Milwaukee, WI | When We Vote We Win Rally | Harris-Walz 2024","This election is too important to sit on the sidelines.

Vice President Kamala Harris is in Milwaukee, Wisconsin getting voters fired up. Guest speakers Cardi B and Keegan-Michael Key, featuring performances by Flo Milli, GloRilla, and MC Lyte. Tune in.

For ASL feed, please tune in here: https://us06web.zoom.us/j/86375782
--------------------------------------
Follow Vice President Kamala Harris!

Kamala's Twitter: https://twitter.com/KamalaHarris
Kamala's Tiktok: https://tiktok.com/@kamalaharris
Kamala’s Instagram: https://www.instagram.com/KamalaHarris  
Kamala's Twitch: https://www.twitch.tv/kamalaharris
Kamala's Facebook: https://www.facebook.com/KamalaHarris
Kamala's Threads: https://www.threads.net/@kamalaharris

#KamalaHarris #Harris2024",147390,6048,507,public,https://www.youtube.com/watch?v=dCsk2aFv9A4,2026-10-03T08:46:11+00:00
Kamala Harris,民主党,候选人阵营,youtube,harris,UC0XBsJpPhOLg0k4x9ZwrWzw,-XINcrcvrMU,2024-11-02T03:41:25+00:00,2024-11-01,videos,False,none,718,Cardi B On Why She's Supporting Kamala Harris For President,"Cardi B addresses the crowd at a Harris for President rally in Milwaukee, Wisconsin and explains why she's casting her vote for Kamala Harris.

Help Vice President Kamala Harris and Governor Tim Walz put policies in place that protect our fundamental freedoms and defeat Donald Trump and MAGA Republicans this election. Take action at https://go.kamalaharris.com.
--------------------------------------
Follow Vice President Kamala Harris!

Kamala's Twitter: https://twitter.com/KamalaHarris
Kamala's Tiktok: https://tiktok.com/@kamalaharris
Kamala’s Instagram: https://www.instagram.com/KamalaHarris  
Kamala's Twitch: https://www.twitch.tv/kamalaharris
Kamala's Facebook: https://www.facebook.com/KamalaHarris
Kamala's Threads: https://www.threads.net/@kamalaharris

#KamalaHarris #Harris2024 #cardib #election #election2024",290145,9558,3875,public,https://www.youtube.com/watch?v=-XINcrcvrMU,2026-10-03T08:46:11+00:00
Kamala Harris,民主党,候选人阵营,youtube,harris,UC0XBsJpPhOLg0k4x9ZwrWzw,Y07gTu2RCQ8,2024-11-02T03:41:42+00:00,2024-11-01,shorts,False,none,21,"Thank you, Adrien and @cardib, for joining me in Milwaukee.","Help Vice President Kamala Harris and Governor Tim Walz put policies in place that protect our fundamental freedoms and defeat Donald Trump and MAGA Republicans this election. Take action at https://go.kamalaharris.com.
--------------------------------------
Follow Vice President Kamala Harris!

Kamala's Twitter: https://twitter.com/KamalaHarris
Kamala's Tiktok: https://tiktok.com/@kamalaharris
Kamala’s Instagram: https://www.instagram.com/KamalaHarris  
Kamala's Twitch: https://www.twitch.tv/kamalaharris
Kamala's Facebook: https://www.facebook.com/KamalaHarris
Kamala's Threads: https://www.threads.net/@kamalaharris

#KamalaHarris #Harris2024 #cardib #shorts #youtubeshorts",695337,27118,1740,public,https://www.youtube.com/watch?v=Y07gTu2RCQ8,2026-10-03T08:46:11+00:00
Kamala Harris,民主党,候选人阵营,youtube,harris,UC0XBsJpPhOLg0k4x9ZwrWzw,81HpMyoXd0g,2024-11-02T13:00:07+00:00,2024-11-02,videos,False,none,117,A Day in Philadelphia with Kamala Harris | Harris-Walz 2024,"A day on the campaign trail with Vice President Kamala Harris in Philadelphia.

Help Vice President Kamala Harris and Governor Tim Walz put policies in place that protect our fundamental freedoms and defeat Donald Trump and MAGA Republicans this election. Take action at https://go.kamalaharris.com.
--------------------------------------
Follow Vice President Kamala Harris!

Kamala's Twitter: https://twitter.com/KamalaHarris
Kamala's Tiktok: https://tiktok.com/@kamalaharris
Kamala’s Instagram: https://www.instagram.com/KamalaHarris  
Kamala's Twitch: https://www.twitch.tv/kamalaharris
Kamala's Facebook: https://www.facebook.com/KamalaHarris
Kamala's Threads: https://www.threads.net/@kamalaharris

#KamalaHarris #Harris2024 #election #election2024",24915,1970,495,public,https://www.youtube.com/watch?v=81HpMyoXd0g,2026-10-03T08:46:11+00:00
Kamala Harris,民主党,候选人阵营,youtube,harris,UC0XBsJpPhOLg0k4x9ZwrWzw,hMPs713j6SY,2024-11-02T17:00:36+00:00,2024-11-02,shorts,False,none,28,"Thank you for your support and for spreading the word, @cardib","There's still time to make a plan to vote. Help Vice President Kamala Harris and Governor Tim Walz put policies in place that protect our fundamental freedoms and defeat Donald Trump and MAGA Republicans this election. Take action at https://go.kamalaharris.com.
--------------------------------------
Follow Vice President Kamala Harris!

Kamala's Twitter: https://twitter.com/KamalaHarris
Kamala's Tiktok: https://tiktok.com/@kamalaharris
Kamala’s Instagram: https://www.instagram.com/KamalaHarris  
Kamala's Twitch: https://www.twitch.tv/kamalaharris
Kamala's Facebook: https://www.facebook.com/KamalaHarris
Kamala's Threads: https://www.threads.net/@kamalaharris

#KamalaHarris #Harris2024 #cardib #shorts #youtubeshorts",167122,11023,1176,public,https://www.youtube.com/watch?v=hMPs713j6SY,2026-10-03T08:46:11+00:00
Kamala Harris,民主党,候选人阵营,youtube,harris,UC0XBsJpPhOLg0k4x9ZwrWzw,O7pt4aEEMm4,2024-11-02T18:06:55+00:00,2024-11-02,streams,True,none,4001,Atlanta Rally with Vice President Kamala Harris | Harris-Walz 2024,"Join Vice President Kamala Harris in Atlanta, Georgia for a When We Vote, We Win Rally 

For ASL feed, please tune in here: https://us06web.zoom.us/j/82468413472
--------------------------------------
Follow Vice President Kamala Harris!

Kamala's Twitter: https://twitter.com/KamalaHarris
Kamala's Tiktok: https://tiktok.com/@kamalaharris
Kamala’s Instagram: https://www.instagram.com/KamalaHarris  
Kamala's Twitch: https://www.twitch.tv/kamalaharris
Kamala's Facebook: https://www.facebook.com/KamalaHarris
Kamala's Threads: https://www.threads.net/@kamalaharris

#KamalaHarris #Harris2024",80418,3632,231,public,https://www.youtube.com/watch?v=O7pt4aEEMm4,2026-10-03T08:46:11+00:00
Kamala Harris,民主党,候选人阵营,youtube,harris,UC0XBsJpPhOLg0k4x9ZwrWzw,U6bv6jYEVAs,2024-11-02T18:53:54+00:00,2024-11-02,videos,False,none,121,Brighter Future | Kamala Harris’ Closing Ad,"Help Vice President Kamala Harris and Governor Tim Walz put policies in place that protect our fundamental freedoms and defeat Donald Trump and MAGA Republicans this election.

Take action: https://go.kamalaharris.com.
Make your voting plan: https://iwillvote.com.

--------------------------------------
Follow Vice President Kamala Harris!

Kamala's Twitter: https://twitter.com/KamalaHarris
Kamala's Tiktok: https://tiktok.com/@kamalaharris
Kamala’s Instagram: https://www.instagram.com/KamalaHarris  
Kamala's Twitch: https://www.twitch.tv/kamalaharris
Kamala's Facebook: https://www.facebook.com/KamalaHarris
Kamala's Threads: https://www.threads.net/@kamalaharris

#KamalaHarris #Harris2024 #election #election2024",479348,13081,2555,public,https://www.youtube.com/watch?v=U6bv6jYEVAs,2026-10-03T08:46:11+00:00
Kamala Harris,民主党,候选人阵营,youtube,harris,UC0XBsJpPhOLg0k4x9ZwrWzw,LWtZB0KHmmk,2024-11-02T19:00:13+00:00,2024-11-02,shorts,False,none,30,"Our nation’s housing supply is too low, and your rent is too high. My plan will fix it.","I’ll work to cut red tape to build more homes and crack down on corporate landlords. Help Vice President Kamala Harris and Governor Tim Walz put policies in place that protect our fundamental freedoms and defeat Donald Trump and MAGA Republicans this election. Take action at https://go.kamalaharris.com.
--------------------------------------
Follow Vice President Kamala Harris!

Kamala's Twitter: https://twitter.com/KamalaHarris
Kamala's Tiktok: https://tiktok.com/@kamalaharris
Kamala’s Instagram: https://www.instagram.com/KamalaHarris  
Kamala's Twitch: https://www.twitch.tv/kamalaharris
Kamala's Facebook: https://www.facebook.com/KamalaHarris
Kamala's Threads: https://www.threads.net/@kamalaharris

#KamalaHarris #Harris2024 #shorts #youtubeshorts #election #election2024",59661,4926,443,public,https://www.youtube.com/watch?v=LWtZB0KHmmk,2026-10-03T08:46:11+00:00
Kamala Harris,民主党,候选人阵营,youtube,harris,UC0XBsJpPhOLg0k4x9ZwrWzw,VCcIQDWq6NU,2024-11-02T20:00:10+00:00,2024-11-02,shorts,False,none,45,"It's either Trump walking into the Oval Office with his enemies list, or me with my to-do list.","And I'm a hard worker. Help Vice President Kamala Harris and Governor Tim Walz put policies in place that protect our fundamental freedoms and defeat Donald Trump and MAGA Republicans this election. Take action at https://go.kamalaharris.com.
--------------------------------------
Follow Vice President Kamala Harris!

Kamala's Twitter: https://twitter.com/KamalaHarris
Kamala's Tiktok: https://tiktok.com/@kamalaharris
Kamala’s Instagram: https://www.instagram.com/KamalaHarris  
Kamala's Twitch: https://www.twitch.tv/kamalaharris
Kamala's Facebook: https://www.facebook.com/KamalaHarris
Kamala's Threads: https://www.threads.net/@kamalaharris

#KamalaHarris #Harris2024 #shorts #youtubeshorts #election #election2024",190985,9110,939,public,https://www.youtube.com/watch?v=VCcIQDWq6NU,2026-10-03T08:46:11+00:00
Kamala Harris,民主党,候选人阵营,youtube,harris,UC0XBsJpPhOLg0k4x9ZwrWzw,qUD-Ewd4osM,2024-11-02T21:25:12+00:00,2024-11-02,streams,True,none,10915,Vice President Kamala Harris at NC Rally with Special Guests | Harris-Walz 2024,"Your vote is your voice, and your voice is your power.

Vice President Kamala Harris is in Charlotte, North Carolina for a When We Vote, We Win Rally with special guest speaker Kerry Washington. Performances by Brittney Spencer, Jon Bon Jovi, Khalid, and The War and Treaty.

For ASL feed, please tune in here: https://us06web.zoom.us/j/86955341464

--------------------------------------
Follow Vice President Kamala Harris!

Kamala's Twitter: https://twitter.com/KamalaHarris
Kamala's Tiktok: https://tiktok.com/@kamalaharris
Kamala’s Instagram: https://www.instagram.com/KamalaHarris  
Kamala's Twitch: https://www.twitch.tv/kamalaharris
Kamala's Facebook: https://www.facebook.com/KamalaHarris
Kamala's Threads: https://www.threads.net/@kamalaharris

#KamalaHarris #Harris2024",189375,5888,930,public,https://www.youtube.com/watch?v=qUD-Ewd4osM,2026-10-03T08:46:11+00:00
Kamala Harris,民主党,候选人阵营,youtube,harris,UC0XBsJpPhOLg0k4x9ZwrWzw,NJ_RRBoNbho,2024-11-03T01:00:28+00:00,2024-11-02,shorts,False,none,13,I trust the women of America to make decisions about their own bodies. Trump does not.,"Help Vice President Kamala Harris and Governor Tim Walz put policies in place that protect our fundamental freedoms and defeat Donald Trump and MAGA Republicans this election. Take action at https://go.kamalaharris.com.
--------------------------------------
Follow Vice President Kamala Harris!

Kamala's Twitter: https://twitter.com/KamalaHarris
Kamala's Tiktok: https://tiktok.com/@kamalaharris
Kamala’s Instagram: https://www.instagram.com/KamalaHarris  
Kamala's Twitch: https://www.twitch.tv/kamalaharris
Kamala's Facebook: https://www.facebook.com/KamalaHarris
Kamala's Threads: https://www.threads.net/@kamalaharris

#KamalaHarris #Harris2024 #election #shorts #youtubeshorts #election2024",78776,4301,356,public,https://www.youtube.com/watch?v=NJ_RRBoNbho,2026-10-03T08:46:11+00:00
Kamala Harris,民主党,候选人阵营,youtube,harris,UC0XBsJpPhOLg0k4x9ZwrWzw,1RaeebB0I4k,2024-11-03T04:43:34+00:00,2024-11-03,shorts,False,none,55,"Live from New York, it's Saturday night.","Help Vice President Kamala Harris and Governor Tim Walz put policies in place that protect our fundamental freedoms and defeat Donald Trump and MAGA Republicans this election. Take action at https://go.kamalaharris.com.
--------------------------------------
Follow Vice President Kamala Harris!

Kamala's Twitter: https://twitter.com/KamalaHarris
Kamala's Tiktok: https://tiktok.com/@kamalaharris
Kamala’s Instagram: https://www.instagram.com/KamalaHarris  
Kamala's Twitch: https://www.twitch.tv/kamalaharris
Kamala's Facebook: https://www.facebook.com/KamalaHarris
Kamala's Threads: https://www.threads.net/@kamalaharris

#KamalaHarris #Harris2024",1393410,83490,3626,public,https://www.youtube.com/watch?v=1RaeebB0I4k,2026-10-03T08:46:11+00:00
Kamala Harris,民主党,候选人阵营,youtube,harris,UC0XBsJpPhOLg0k4x9ZwrWzw,DWFFYqleELs,2024-11-03T16:00:19+00:00,2024-11-03,shorts,False,none,32,Trump is unhinged.,"Help Vice President Kamala Harris and Governor Tim Walz put policies in place that protect our fundamental freedoms and defeat Donald Trump and MAGA Republicans this election. Take action at https://go.kamalaharris.com.
--------------------------------------
Follow Vice President Kamala Harris!

Kamala's Twitter: https://twitter.com/KamalaHarris
Kamala's Tiktok: https://tiktok.com/@kamalaharris
Kamala’s Instagram: https://www.instagram.com/KamalaHarris  
Kamala's Twitch: https://www.twitch.tv/kamalaharris
Kamala's Facebook: https://www.facebook.com/KamalaHarris
Kamala's Threads: https://www.threads.net/@kamalaharris

#KamalaHarris #Harris2024 #shorts #youtubeshorts #election #election2024",115217,5415,537,public,https://www.youtube.com/watch?v=DWFFYqleELs,2026-10-03T08:46:11+00:00
Kamala Harris,民主党,候选人阵营,youtube,harris,UC0XBsJpPhOLg0k4x9ZwrWzw,Wo7KwWIg-7o,2024-11-03T17:24:41+00:00,2024-11-03,videos,False,none,31,That Means You | Will Ferrell for Kamala Harris,"Help Vice President Kamala Harris and Governor Tim Walz put policies in place that protect our fundamental freedoms and defeat Donald Trump and MAGA Republicans this election. Take action at https://go.kamalaharris.com.
--------------------------------------
Follow Vice President Kamala Harris!

Kamala's Twitter: https://twitter.com/KamalaHarris
Kamala's Tiktok: https://tiktok.com/@kamalaharris
Kamala’s Instagram: https://www.instagram.com/KamalaHarris  
Kamala's Twitch: https://www.twitch.tv/kamalaharris
Kamala's Facebook: https://www.facebook.com/KamalaHarris
Kamala's Threads: https://www.threads.net/@kamalaharris

#KamalaHarris #Harris2024",525547,12180,3988,public,https://www.youtube.com/watch?v=Wo7KwWIg-7o,2026-10-03T08:46:11+00:00
Kamala Harris,民主党,候选人阵营,youtube,harris,UC0XBsJpPhOLg0k4x9ZwrWzw,noQ-9Cn8_Ik,2024-11-03T19:23:49+00:00,2024-11-03,shorts,False,none,36,"Election Day is Tuesday, November 5. Your voice is your vote, and your vote is your power.","Help Vice President Kamala Harris and Governor Tim Walz put policies in place that protect our fundamental freedoms and defeat Donald Trump and MAGA Republicans this election. Take action at https://go.kamalaharris.com.
--------------------------------------
Follow Vice President Kamala Harris!

Kamala's Twitter: https://twitter.com/KamalaHarris
Kamala's Tiktok: https://tiktok.com/@kamalaharris
Kamala’s Instagram: https://www.instagram.com/KamalaHarris  
Kamala's Twitch: https://www.twitch.tv/kamalaharris
Kamala's Facebook: https://www.facebook.com/KamalaHarris
Kamala's Threads: https://www.threads.net/@kamalaharris

#KamalaHarris #Harris2024",198566,9993,1152,public,https://www.youtube.com/watch?v=noQ-9Cn8_Ik,2026-10-03T08:46:11+00:00
Kamala Harris,民主党,候选人阵营,youtube,harris,UC0XBsJpPhOLg0k4x9ZwrWzw,STXweNWI6_U,2024-11-03T21:30:02+00:00,2024-11-03,shorts,False,none,22,"We are fighting for the future—and when we fight, we win. Thank you for the warm welcome, Arizona.","Help Vice President Kamala Harris and Governor Tim Walz put policies in place that protect our fundamental freedoms and defeat Donald Trump and MAGA Republicans this election. Take action at https://go.kamalaharris.com.
--------------------------------------
Follow Vice President Kamala Harris!

Kamala's Twitter: https://twitter.com/KamalaHarris
Kamala's Tiktok: https://tiktok.com/@kamalaharris
Kamala’s Instagram: https://www.instagram.com/KamalaHarris  
Kamala's Twitch: https://www.twitch.tv/kamalaharris
Kamala's Facebook: https://www.facebook.com/KamalaHarris
Kamala's Threads: https://www.threads.net/@kamalaharris

#KamalaHarris #Harris2024 #shorts #election #youtubeshorts #election2024",26843,1900,108,public,https://www.youtube.com/watch?v=STXweNWI6_U,2026-10-03T08:46:11+00:00
Kamala Harris,民主党,候选人阵营,youtube,harris,UC0XBsJpPhOLg0k4x9ZwrWzw,KsqHX9QfUqs,2024-11-03T22:30:03+00:00,2024-11-03,shorts,False,none,13,The Michigan “I Voted” sticker is interesting. Go vote today and get your own.,"Help Vice President Kamala Harris and Governor Tim Walz put policies in place that protect our fundamental freedoms and defeat Donald Trump and MAGA Republicans this election. Take action at https://go.kamalaharris.com.
--------------------------------------
Follow Vice President Kamala Harris!

Kamala's Twitter: https://twitter.com/KamalaHarris
Kamala's Tiktok: https://tiktok.com/@kamalaharris
Kamala’s Instagram: https://www.instagram.com/KamalaHarris  
Kamala's Twitch: https://www.twitch.tv/kamalaharris
Kamala's Facebook: https://www.facebook.com/KamalaHarris
Kamala's Threads: https://www.threads.net/@kamalaharris

#KamalaHarris #Harris2024 #shorts #election #youtubeshorts #election2024",627156,18141,892,public,https://www.youtube.com/watch?v=KsqHX9QfUqs,2026-10-03T08:46:11+00:00
Kamala Harris,民主党,候选人阵营,youtube,harris,UC0XBsJpPhOLg0k4x9ZwrWzw,icMONoEE61M,2024-11-03T22:35:33+00:00,2024-11-03,videos,False,none,271,Election Night Preview with Kamala Harris' Campaign Chair Jen O'Malley Dillon,"Help Vice President Kamala Harris and Governor Tim Walz put policies in place that protect our fundamental freedoms and defeat Donald Trump and MAGA Republicans this election. Take action at https://go.kamalaharris.com.
--------------------------------------
Follow Vice President Kamala Harris!

Kamala's Twitter: https://twitter.com/KamalaHarris
Kamala's Tiktok: https://tiktok.com/@kamalaharris
Kamala’s Instagram: https://www.instagram.com/KamalaHarris  
Kamala's Twitch: https://www.twitch.tv/kamalaharris
Kamala's Facebook: https://www.facebook.com/KamalaHarris
Kamala's Threads: https://www.threads.net/@kamalaharris

#KamalaHarris #Harris2024",49760,2877,800,public,https://www.youtube.com/watch?v=icMONoEE61M,2026-10-03T08:46:11+00:00
Kamala Harris,民主党,候选人阵营,youtube,harris,UC0XBsJpPhOLg0k4x9ZwrWzw,J2GI3qJaxIM,2024-11-03T23:32:59+00:00,2024-11-03,streams,True,none,3775,Vice President Kamala Harris Speaks at Michigan Rally,"Only 2 more days to turn the page and cast your vote for a new way forward.  

Join Vice President Kamala Harris in East Lansing, Michigan as she rallies voters to make their voices heard. 

For ASL feed, please tune in here: https://us06web.zoom.us/j/84054305191
--------------------------------------
Follow Vice President Kamala Harris!

Kamala's Twitter: https://twitter.com/KamalaHarris
Kamala's Tiktok: https://tiktok.com/@kamalaharris
Kamala’s Instagram: https://www.instagram.com/KamalaHarris  
Kamala's Twitch: https://www.twitch.tv/kamalaharris
Kamala's Facebook: https://www.facebook.com/KamalaHarris
Kamala's Threads: https://www.threads.net/@kamalaharris

#KamalaHarris #Harris2024",126137,5984,1037,public,https://www.youtube.com/watch?v=J2GI3qJaxIM,2026-10-03T08:46:11+00:00
Kamala Harris,民主党,候选人阵营,youtube,harris,UC0XBsJpPhOLg0k4x9ZwrWzw,xFh-YDKwwRM,2024-11-04T00:17:30+00:00,2024-11-03,shorts,False,none,16,I believe in the promise of America.,"Help Vice President Kamala Harris and Governor Tim Walz put policies in place that protect our fundamental freedoms and defeat Donald Trump and MAGA Republicans this election. Take action at https://go.kamalaharris.com.
--------------------------------------
Follow Vice President Kamala Harris!

Kamala's Twitter: https://twitter.com/KamalaHarris
Kamala's Tiktok: https://tiktok.com/@kamalaharris
Kamala’s Instagram: https://www.instagram.com/KamalaHarris  
Kamala's Twitch: https://www.twitch.tv/kamalaharris
Kamala's Facebook: https://www.facebook.com/KamalaHarris
Kamala's Threads: https://www.threads.net/@kamalaharris

#KamalaHarris #Harris2024 #shorts #election #youtubeshorts #election2024",133830,7787,661,public,https://www.youtube.com/watch?v=xFh-YDKwwRM,2026-10-03T08:46:11+00:00
Kamala Harris,民主党,候选人阵营,youtube,harris,UC0XBsJpPhOLg0k4x9ZwrWzw,Q-c8rrkA8t4,2024-11-04T00:30:18+00:00,2024-11-03,shorts,False,none,12,"Georgia, every single vote makes a difference.","Help Vice President Kamala Harris and Governor Tim Walz put policies in place that protect our fundamental freedoms and defeat Donald Trump and MAGA Republicans this election. Take action at https://go.kamalaharris.com.
--------------------------------------
Follow Vice President Kamala Harris!

Kamala's Twitter: https://twitter.com/KamalaHarris
Kamala's Tiktok: https://tiktok.com/@kamalaharris
Kamala’s Instagram: https://www.instagram.com/KamalaHarris  
Kamala's Twitch: https://www.twitch.tv/kamalaharris
Kamala's Facebook: https://www.facebook.com/KamalaHarris
Kamala's Threads: https://www.threads.net/@kamalaharris

#KamalaHarris #Harris2024 #shorts #election #youtubeshorts #election2024",50360,3858,329,public,https://www.youtube.com/watch?v=Q-c8rrkA8t4,2026-10-03T08:46:11+00:00
Kamala Harris,民主党,候选人阵营,youtube,harris,UC0XBsJpPhOLg0k4x9ZwrWzw,ShwoUTax4B0,2024-11-04T02:49:29+00:00,2024-11-03,videos,False,none,91,Mother | Narrated by Viola Davis for Kamala Harris,"Help Vice President Kamala Harris and Governor Tim Walz put policies in place that protect our fundamental freedoms and defeat Donald Trump and MAGA Republicans this election. Take action at https://go.kamalaharris.com.
--------------------------------------
Follow Vice President Kamala Harris!

Kamala's Twitter: https://twitter.com/KamalaHarris
Kamala's Tiktok: https://tiktok.com/@kamalaharris
Kamala’s Instagram: https://www.instagram.com/KamalaHarris  
Kamala's Twitch: https://www.twitch.tv/kamalaharris
Kamala's Facebook: https://www.facebook.com/KamalaHarris
Kamala's Threads: https://www.threads.net/@kamalaharris

#KamalaHarris #Harris2024",78830,7109,540,public,https://www.youtube.com/watch?v=ShwoUTax4B0,2026-10-03T08:46:11+00:00
Kamala Harris,民主党,候选人阵营,youtube,harris,UC0XBsJpPhOLg0k4x9ZwrWzw,ezfUhNNsLW8,2024-11-04T02:50:43+00:00,2024-11-03,shorts,False,none,14,Experts agree: My economic plan will strengthen America’s economy. Trump's will hurt it.,"Help Vice President Kamala Harris and Governor Tim Walz put policies in place that protect our fundamental freedoms and defeat Donald Trump and MAGA Republicans this election. Take action at https://go.kamalaharris.com.
--------------------------------------
Follow Vice President Kamala Harris!

Kamala's Twitter: https://twitter.com/KamalaHarris
Kamala's Tiktok: https://tiktok.com/@kamalaharris
Kamala’s Instagram: https://www.instagram.com/KamalaHarris  
Kamala's Twitch: https://www.twitch.tv/kamalaharris
Kamala's Facebook: https://www.facebook.com/KamalaHarris
Kamala's Threads: https://www.threads.net/@kamalaharris

#KamalaHarris #Harris2024",137169,4073,589,public,https://www.youtube.com/watch?v=ezfUhNNsLW8,2026-10-03T08:46:11+00:00
Kamala Harris,民主党,候选人阵营,youtube,harris,UC0XBsJpPhOLg0k4x9ZwrWzw,oU9IVXyGBYI,2024-11-04T14:02:39+00:00,2024-11-04,videos,False,none,121,We Rise | Harris-Walz 2024,"Help Vice President Kamala Harris and Governor Tim Walz put policies in place that protect our fundamental freedoms and defeat Donald Trump and MAGA Republicans this election. Take action at https://go.kamalaharris.com.
--------------------------------------
Follow Vice President Kamala Harris!

Kamala's Twitter: https://twitter.com/KamalaHarris
Kamala's Tiktok: https://tiktok.com/@kamalaharris
Kamala’s Instagram: https://www.instagram.com/KamalaHarris  
Kamala's Twitch: https://www.twitch.tv/kamalaharris
Kamala's Facebook: https://www.facebook.com/KamalaHarris
Kamala's Threads: https://www.threads.net/@kamalaharris

#KamalaHarris #Harris2024",102150,8468,1094,public,https://www.youtube.com/watch?v=oU9IVXyGBYI,2026-10-03T08:46:11+00:00
Kamala Harris,民主党,候选人阵营,youtube,harris,UC0XBsJpPhOLg0k4x9ZwrWzw,Cb0AothNHiw,2024-11-04T14:36:58+00:00,2024-11-04,videos,False,none,34,Different | Harris-Walz 2024,"Help Vice President Kamala Harris and Governor Tim Walz put policies in place that protect our fundamental freedoms and defeat Donald Trump and MAGA Republicans this election. Take action at https://go.kamalaharris.com.
--------------------------------------
Follow Vice President Kamala Harris!

Kamala's Twitter: https://twitter.com/KamalaHarris
Kamala's Tiktok: https://tiktok.com/@kamalaharris
Kamala’s Instagram: https://www.instagram.com/KamalaHarris  
Kamala's Twitch: https://www.twitch.tv/kamalaharris
Kamala's Facebook: https://www.facebook.com/KamalaHarris
Kamala's Threads: https://www.threads.net/@kamalaharris

#KamalaHarris #Harris2024 #election #election2024",35648,2199,387,public,https://www.youtube.com/watch?v=Cb0AothNHiw,2026-10-03T08:46:11+00:00
Kamala Harris,民主党,候选人阵营,youtube,harris,UC0XBsJpPhOLg0k4x9ZwrWzw,u8WgMeI7T24,2024-11-04T15:01:04+00:00,2024-11-04,shorts,False,none,44,I will never forget where I come from.,"And I will never stop fighting for working and middle class families. Help Vice President Kamala Harris and Governor Tim Walz put policies in place that protect our fundamental freedoms and defeat Donald Trump and MAGA Republicans this election. Take action at https://go.kamalaharris.com.
--------------------------------------
Follow Vice President Kamala Harris!

Kamala's Twitter: https://twitter.com/KamalaHarris
Kamala's Tiktok: https://tiktok.com/@kamalaharris
Kamala’s Instagram: https://www.instagram.com/KamalaHarris  
Kamala's Twitch: https://www.twitch.tv/kamalaharris
Kamala's Facebook: https://www.facebook.com/KamalaHarris
Kamala's Threads: https://www.threads.net/@kamalaharris

#KamalaHarris #Harris2024 #shorts #election #youtubeshorts #election2024",51519,4534,366,public,https://www.youtube.com/watch?v=u8WgMeI7T24,2026-10-03T08:46:11+00:00
Kamala Harris,民主党,候选人阵营,youtube,harris,UC0XBsJpPhOLg0k4x9ZwrWzw,WrlCB2D-BAg,2024-11-04T16:30:12+00:00,2024-11-04,shorts,False,none,31,Barbershop Conversations: Kamala Harris' Background in Criminal Justice,"Help Vice President Kamala Harris and Governor Tim Walz put policies in place that protect our fundamental freedoms and defeat Donald Trump and MAGA Republicans this election. Take action at https://go.kamalaharris.com.
--------------------------------------
Follow Vice President Kamala Harris!

Kamala's Twitter: https://twitter.com/KamalaHarris
Kamala's Tiktok: https://tiktok.com/@kamalaharris
Kamala’s Instagram: https://www.instagram.com/KamalaHarris  
Kamala's Twitch: https://www.twitch.tv/kamalaharris
Kamala's Facebook: https://www.facebook.com/KamalaHarris
Kamala's Threads: https://www.threads.net/@kamalaharris

#KamalaHarris #Harris2024 #shorts #election #youtubeshorts #election2024",36053,2284,203,public,https://www.youtube.com/watch?v=WrlCB2D-BAg,2026-10-03T08:46:11+00:00
Kamala Harris,民主党,候选人阵营,youtube,harris,UC0XBsJpPhOLg0k4x9ZwrWzw,ciWxo1m3bAc,2024-11-04T17:08:42+00:00,2024-11-04,shorts,False,none,41,"Tomorrow, we choose.","Help Vice President Kamala Harris and Governor Tim Walz put policies in place that protect our fundamental freedoms and defeat Donald Trump and MAGA Republicans this election. Take action at https://go.kamalaharris.com.
--------------------------------------
Follow Vice President Kamala Harris!

Kamala's Twitter: https://twitter.com/KamalaHarris
Kamala's Tiktok: https://tiktok.com/@kamalaharris
Kamala’s Instagram: https://www.instagram.com/KamalaHarris  
Kamala's Twitch: https://www.twitch.tv/kamalaharris
Kamala's Facebook: https://www.facebook.com/KamalaHarris
Kamala's Threads: https://www.threads.net/@kamalaharris

#KamalaHarris #Harris2024 #shorts #election #youtubeshorts #election2024",38177,3918,321,public,https://www.youtube.com/watch?v=ciWxo1m3bAc,2026-10-03T08:46:11+00:00
Kamala Harris,民主党,候选人阵营,youtube,harris,UC0XBsJpPhOLg0k4x9ZwrWzw,CWKwe--5-Ao,2024-11-04T17:12:14+00:00,2024-11-04,shorts,False,none,25,"Pennsylvania, we are fighting out of love for our country.","Help Vice President Kamala Harris and Governor Tim Walz put policies in place that protect our fundamental freedoms and defeat Donald Trump and MAGA Republicans this election. Take action at https://go.kamalaharris.com.
--------------------------------------
Follow Vice President Kamala Harris!

Kamala's Twitter: https://twitter.com/KamalaHarris
Kamala's Tiktok: https://tiktok.com/@kamalaharris
Kamala’s Instagram: https://www.instagram.com/KamalaHarris  
Kamala's Twitch: https://www.twitch.tv/kamalaharris
Kamala's Facebook: https://www.facebook.com/KamalaHarris
Kamala's Threads: https://www.threads.net/@kamalaharris

#KamalaHarris #Harris2024 #shorts #election #youtubeshorts #election2024",68904,4796,292,public,https://www.youtube.com/watch?v=CWKwe--5-Ao,2026-10-03T08:46:11+00:00
Kamala Harris,民主党,候选人阵营,youtube,harris,UC0XBsJpPhOLg0k4x9ZwrWzw,i4eH7LoQyEU,2024-11-04T18:00:34+00:00,2024-11-04,shorts,False,none,58,I have mad respect for bakers.,"Help Vice President Kamala Harris and Governor Tim Walz put policies in place that protect our fundamental freedoms and defeat Donald Trump and MAGA Republicans this election. Take action at https://go.kamalaharris.com.
--------------------------------------
Follow Vice President Kamala Harris!

Kamala's Twitter: https://twitter.com/KamalaHarris
Kamala's Tiktok: https://tiktok.com/@kamalaharris
Kamala’s Instagram: https://www.instagram.com/KamalaHarris  
Kamala's Twitch: https://www.twitch.tv/kamalaharris
Kamala's Facebook: https://www.facebook.com/KamalaHarris
Kamala's Threads: https://www.threads.net/@kamalaharris

#KamalaHarris #Harris2024 #shorts #election #youtubeshorts #election2024",174201,13161,587,public,https://www.youtube.com/watch?v=i4eH7LoQyEU,2026-10-03T08:46:11+00:00
Kamala Harris,民主党,候选人阵营,youtube,harris,UC0XBsJpPhOLg0k4x9ZwrWzw,OwFWgewAAXc,2024-11-04T18:29:16+00:00,2024-11-04,videos,False,none,31,Promise | Harris-Walz 2024,"Help Vice President Kamala Harris and Governor Tim Walz put policies in place that protect our fundamental freedoms and defeat Donald Trump and MAGA Republicans this election. Take action at https://go.kamalaharris.com.
--------------------------------------
Follow Vice President Kamala Harris!

Kamala's Twitter: https://twitter.com/KamalaHarris
Kamala's Tiktok: https://tiktok.com/@kamalaharris
Kamala’s Instagram: https://www.instagram.com/KamalaHarris  
Kamala's Twitch: https://www.twitch.tv/kamalaharris
Kamala's Facebook: https://www.facebook.com/KamalaHarris
Kamala's Threads: https://www.threads.net/@kamalaharris

#KamalaHarris #Harris2024",16988,1396,207,public,https://www.youtube.com/watch?v=OwFWgewAAXc,2026-10-03T08:46:11+00:00
Kamala Harris,民主党,候选人阵营,youtube,harris,UC0XBsJpPhOLg0k4x9ZwrWzw,t9suRUZGIdg,2024-11-04T18:29:48+00:00,2024-11-04,videos,False,none,31,This Time | Harris-Walz 2024,"Help Vice President Kamala Harris and Governor Tim Walz put policies in place that protect our fundamental freedoms and defeat Donald Trump and MAGA Republicans this election. Take action at https://go.kamalaharris.com.
--------------------------------------
Follow Vice President Kamala Harris!

Kamala's Twitter: https://twitter.com/KamalaHarris
Kamala's Tiktok: https://tiktok.com/@kamalaharris
Kamala’s Instagram: https://www.instagram.com/KamalaHarris  
Kamala's Twitch: https://www.twitch.tv/kamalaharris
Kamala's Facebook: https://www.facebook.com/KamalaHarris
Kamala's Threads: https://www.threads.net/@kamalaharris

#KamalaHarris #Harris2024",57410,3532,726,public,https://www.youtube.com/watch?v=t9suRUZGIdg,2026-10-03T08:46:11+00:00
Kamala Harris,民主党,候选人阵营,youtube,harris,UC0XBsJpPhOLg0k4x9ZwrWzw,_v_4IgeVQ8M,2024-11-04T18:31:03+00:00,2024-11-04,videos,False,none,31,Good Sense | Harris-Walz 2024,"Help Vice President Kamala Harris and Governor Tim Walz put policies in place that protect our fundamental freedoms and defeat Donald Trump and MAGA Republicans this election. Take action at https://go.kamalaharris.com.
--------------------------------------
Follow Vice President Kamala Harris!

Kamala's Twitter: https://twitter.com/KamalaHarris
Kamala's Tiktok: https://tiktok.com/@kamalaharris
Kamala’s Instagram: https://www.instagram.com/KamalaHarris  
Kamala's Twitch: https://www.twitch.tv/kamalaharris
Kamala's Facebook: https://www.facebook.com/KamalaHarris
Kamala's Threads: https://www.threads.net/@kamalaharris

#KamalaHarris #Harris2024",19820,1375,450,public,https://www.youtube.com/watch?v=_v_4IgeVQ8M,2026-10-03T08:46:11+00:00
Kamala Harris,民主党,候选人阵营,youtube,harris,UC0XBsJpPhOLg0k4x9ZwrWzw,sM2HPv3hcVk,2024-11-04T20:00:25+00:00,2024-11-04,shorts,False,none,20,I will be a president for all Americans.,"Help Vice President Kamala Harris and Governor Tim Walz put policies in place that protect our fundamental freedoms and defeat Donald Trump and MAGA Republicans this election. Take action at https://go.kamalaharris.com.
--------------------------------------
Follow Vice President Kamala Harris!

Kamala's Twitter: https://twitter.com/KamalaHarris
Kamala's Tiktok: https://tiktok.com/@kamalaharris
Kamala’s Instagram: https://www.instagram.com/KamalaHarris  
Kamala's Twitch: https://www.twitch.tv/kamalaharris
Kamala's Facebook: https://www.facebook.com/KamalaHarris
Kamala's Threads: https://www.threads.net/@kamalaharris

#KamalaHarris #Harris2024 #shorts #election #youtubeshorts #election2024",485132,14878,1708,public,https://www.youtube.com/watch?v=sM2HPv3hcVk,2026-10-03T08:46:11+00:00
Kamala Harris,民主党,候选人阵营,youtube,harris,UC0XBsJpPhOLg0k4x9ZwrWzw,Oeck4VnXqrQ,2024-11-04T21:00:15+00:00,2024-11-04,shorts,False,none,18,"In Phoenix, Chef René shared some of his family’s stories and recipes with me.","Thank you for the new molcajete. I’ll use it as soon as I get home, Chef. Help Vice President Kamala Harris and Governor Tim Walz put policies in place that protect our fundamental freedoms and defeat Donald Trump and MAGA Republicans this election. Take action at https://go.kamalaharris.com.
--------------------------------------
Follow Vice President Kamala Harris!

Kamala's Twitter: https://twitter.com/KamalaHarris
Kamala's Tiktok: https://tiktok.com/@kamalaharris
Kamala’s Instagram: https://www.instagram.com/KamalaHarris  
Kamala's Twitch: https://www.twitch.tv/kamalaharris
Kamala's Facebook: https://www.facebook.com/KamalaHarris
Kamala's Threads: https://www.threads.net/@kamalaharris

#KamalaHarris #Harris2024 #shorts #election #youtubeshorts #election2024",275067,14267,530,public,https://www.youtube.com/watch?v=Oeck4VnXqrQ,2026-10-03T08:46:11+00:00
Kamala Harris,民主党,候选人阵营,youtube,harris,UC0XBsJpPhOLg0k4x9ZwrWzw,V53FGWkQ3M8,2024-11-04T21:39:46+00:00,2024-11-04,streams,True,none,3060,"VP Kamala Harris Delivers Remarks at Allentown, PA Rally","There is still time to make a plan to vote this Election Day. 

Vice President Kamala Harris is in Allentown to speak with Pennsylvanians about the power of Americans' vote and voice. Tune in now. 

For ASL feed, please tune in here: https://us06web.zoom.us/j/88539866545

--------------------------------------
Follow Vice President Kamala Harris!

Kamala's Twitter: https://twitter.com/KamalaHarris
Kamala's Tiktok: https://tiktok.com/@kamalaharris
Kamala’s Instagram: https://www.instagram.com/KamalaHarris  
Kamala's Twitch: https://www.twitch.tv/kamalaharris
Kamala's Facebook: https://www.facebook.com/KamalaHarris
Kamala's Threads: https://www.threads.net/@kamalaharris

#KamalaHarris #Harris2024",146971,5310,882,public,https://www.youtube.com/watch?v=V53FGWkQ3M8,2026-10-03T08:46:11+00:00
Kamala Harris,民主党,候选人阵营,youtube,harris,UC0XBsJpPhOLg0k4x9ZwrWzw,ScmnbLjVu28,2024-11-04T22:00:15+00:00,2024-11-04,shorts,False,none,30,"Your vote is your voice, and your voice is your power. Let’s bring it home, Wisconsin.","Help Vice President Kamala Harris and Governor Tim Walz put policies in place that protect our fundamental freedoms and defeat Donald Trump and MAGA Republicans this election. Take action at https://go.kamalaharris.com.
--------------------------------------
Follow Vice President Kamala Harris!

Kamala's Twitter: https://twitter.com/KamalaHarris
Kamala's Tiktok: https://tiktok.com/@kamalaharris
Kamala’s Instagram: https://www.instagram.com/KamalaHarris  
Kamala's Twitch: https://www.twitch.tv/kamalaharris
Kamala's Facebook: https://www.facebook.com/KamalaHarris
Kamala's Threads: https://www.threads.net/@kamalaharris

#KamalaHarris #Harris2024 #shorts #election #youtubeshorts #election2024",69246,3896,192,public,https://www.youtube.com/watch?v=ScmnbLjVu28,2026-10-03T08:46:11+00:00
Kamala Harris,民主党,候选人阵营,youtube,harris,UC0XBsJpPhOLg0k4x9ZwrWzw,Ci0cDgewtGc,2024-11-04T23:00:07+00:00,2024-11-04,shorts,False,none,51,I love Gen Z.,"Help Vice President Kamala Harris and Governor Tim Walz put policies in place that protect our fundamental freedoms and defeat Donald Trump and MAGA Republicans this election. Take action at https://go.kamalaharris.com.
--------------------------------------
Follow Vice President Kamala Harris!

Kamala's Twitter: https://twitter.com/KamalaHarris
Kamala's Tiktok: https://tiktok.com/@kamalaharris
Kamala’s Instagram: https://www.instagram.com/KamalaHarris  
Kamala's Twitch: https://www.twitch.tv/kamalaharris
Kamala's Facebook: https://www.facebook.com/KamalaHarris
Kamala's Threads: https://www.threads.net/@kamalaharris

#KamalaHarris #Harris2024 #shorts #election #youtubeshorts #election2024",216672,12383,741,public,https://www.youtube.com/watch?v=Ci0cDgewtGc,2026-10-03T08:46:11+00:00
Kamala Harris,民主党,候选人阵营,youtube,harris,UC0XBsJpPhOLg0k4x9ZwrWzw,o5-JhJLLW60,2024-11-05T00:00:27+00:00,2024-11-04,shorts,False,none,35,It's time to turn the page.,"Help Vice President Kamala Harris and Governor Tim Walz put policies in place that protect our fundamental freedoms and defeat Donald Trump and MAGA Republicans this election. Take action at https://go.kamalaharris.com.
--------------------------------------
Follow Vice President Kamala Harris!

Kamala's Twitter: https://twitter.com/KamalaHarris
Kamala's Tiktok: https://tiktok.com/@kamalaharris
Kamala’s Instagram: https://www.instagram.com/KamalaHarris  
Kamala's Twitch: https://www.twitch.tv/kamalaharris
Kamala's Facebook: https://www.facebook.com/KamalaHarris
Kamala's Threads: https://www.threads.net/@kamalaharris

#KamalaHarris #Harris2024 #shorts #election #youtubeshorts #election2024",461135,22904,2360,public,https://www.youtube.com/watch?v=o5-JhJLLW60,2026-10-03T08:46:11+00:00
Kamala Harris,民主党,候选人阵营,youtube,harris,UC0XBsJpPhOLg0k4x9ZwrWzw,eGPCopBNieM,2024-11-05T00:31:02+00:00,2024-11-04,videos,False,none,61,Big Things | Harris-Walz 2024,"Help Vice President Kamala Harris and Governor Tim Walz put policies in place that protect our fundamental freedoms and defeat Donald Trump and MAGA Republicans this election. Take action at https://go.kamalaharris.com.
--------------------------------------
Follow Vice President Kamala Harris!

Kamala's Twitter: https://twitter.com/KamalaHarris
Kamala's Tiktok: https://tiktok.com/@kamalaharris
Kamala’s Instagram: https://www.instagram.com/KamalaHarris  
Kamala's Twitch: https://www.twitch.tv/kamalaharris
Kamala's Facebook: https://www.facebook.com/KamalaHarris
Kamala's Threads: https://www.threads.net/@kamalaharris

#KamalaHarris #Harris2024",31957,2730,650,public,https://www.youtube.com/watch?v=eGPCopBNieM,2026-10-03T08:46:11+00:00
Kamala Harris,民主党,候选人阵营,youtube,harris,UC0XBsJpPhOLg0k4x9ZwrWzw,aGjq18oaxic,2024-11-05T02:00:00+00:00,2024-11-04,shorts,False,none,43,Took some time today to hear from voters in Pennsylvania and ask for their support.,"Help Vice President Kamala Harris and Governor Tim Walz put policies in place that protect our fundamental freedoms and defeat Donald Trump and MAGA Republicans this election. Take action at https://go.kamalaharris.com.
--------------------------------------
Follow Vice President Kamala Harris!

Kamala's Twitter: https://twitter.com/KamalaHarris
Kamala's Tiktok: https://tiktok.com/@kamalaharris
Kamala’s Instagram: https://www.instagram.com/KamalaHarris  
Kamala's Twitch: https://www.twitch.tv/kamalaharris
Kamala's Facebook: https://www.facebook.com/KamalaHarris
Kamala's Threads: https://www.threads.net/@kamalaharris

#KamalaHarris #Harris2024 #shorts #election #youtubeshorts #election2024",913245,34494,1366,public,https://www.youtube.com/watch?v=aGjq18oaxic,2026-10-03T08:46:11+00:00
Kamala Harris,民主党,候选人阵营,youtube,harris,UC0XBsJpPhOLg0k4x9ZwrWzw,w3ZjpaBzfJ0,2024-11-05T05:03:49+00:00,2024-11-05,shorts,False,none,33,"Philadelphia, are you ready to make your voices heard?","Help Vice President Kamala Harris and Governor Tim Walz put policies in place that protect our fundamental freedoms and defeat Donald Trump and MAGA Republicans this election. Take action at https://go.kamalaharris.com.
--------------------------------------
Follow Vice President Kamala Harris!

Kamala's Twitter: https://twitter.com/KamalaHarris
Kamala's Tiktok: https://tiktok.com/@kamalaharris
Kamala’s Instagram: https://www.instagram.com/KamalaHarris  
Kamala's Twitch: https://www.twitch.tv/kamalaharris
Kamala's Facebook: https://www.facebook.com/KamalaHarris
Kamala's Threads: https://www.threads.net/@kamalaharris

#KamalaHarris #Harris2024",236395,15778,1182,public,https://www.youtube.com/watch?v=w3ZjpaBzfJ0,2026-10-03T08:46:11+00:00
Kamala Harris,民主党,候选人阵营,youtube,harris,UC0XBsJpPhOLg0k4x9ZwrWzw,yD6RfzArFV0,2024-11-05T05:11:13+00:00,2024-11-05,streams,True,none,13931,Vote for Freedom Rallies for VP Kamala Harris and Gov Tim Walz,"Across America, voters are sharing the joy of making their voices heard this Election Eve. 

Join Vice President Kamala Harris, Governor Tim Walz, and special guests for rallies in Arizona, Georgia, Michigan, Nevada, North Carolina, Pennsylvania, and Wisconsin. Watch now.

For ASL feed, please tune in here: https://us06web.zoom.us/j/86827420718
--------------------------------------
Follow Vice President Kamala Harris!

Kamala's Twitter: https://twitter.com/KamalaHarris
Kamala's Tiktok: https://tiktok.com/@kamalaharris
Kamala’s Instagram: https://www.instagram.com/KamalaHarris  
Kamala's Twitch: https://www.twitch.tv/kamalaharris
Kamala's Facebook: https://www.facebook.com/KamalaHarris
Kamala's Threads: https://www.threads.net/@kamalaharris

#KamalaHarris #Harris2024",536979,15625,704,public,https://www.youtube.com/watch?v=yD6RfzArFV0,2026-10-03T08:46:11+00:00
Kamala Harris,民主党,候选人阵营,youtube,harris,UC0XBsJpPhOLg0k4x9ZwrWzw,RR4nUCMvXFY,2024-11-05T05:25:26+00:00,2024-11-05,videos,False,none,407,Oprah Winfrey Welcomes First-Time Voters To A Kamala Harris Rally,"Oprah Winfrey joined Kamala Harris and thousands of supporters at a rally in Philadelphia on Election Night eve to celebrate first-time voters and get out the vote.
Help Vice President Kamala Harris and Governor Tim Walz put policies in place that protect our fundamental freedoms and defeat Donald Trump and MAGA Republicans this election. Take action at https://go.kamalaharris.com.
--------------------------------------
Follow Vice President Kamala Harris!

Kamala's Twitter: https://twitter.com/KamalaHarris
Kamala's Tiktok: https://tiktok.com/@kamalaharris
Kamala’s Instagram: https://www.instagram.com/KamalaHarris  
Kamala's Twitch: https://www.twitch.tv/kamalaharris
Kamala's Facebook: https://www.facebook.com/KamalaHarris
Kamala's Threads: https://www.threads.net/@kamalaharris

#KamalaHarris #Harris2024",158701,4369,2109,public,https://www.youtube.com/watch?v=RR4nUCMvXFY,2026-10-03T08:46:11+00:00
Kamala Harris,民主党,候选人阵营,youtube,harris,UC0XBsJpPhOLg0k4x9ZwrWzw,1PbRM-7so28,2024-11-05T13:00:02+00:00,2024-11-05,shorts,False,none,27,"When we vote, we win. Are you ready to make your voices heard?","Help Vice President Kamala Harris and Governor Tim Walz put policies in place that protect our fundamental freedoms and defeat Donald Trump and MAGA Republicans this election. Take action at https://go.kamalaharris.com.
--------------------------------------
Follow Vice President Kamala Harris!

Kamala's Twitter: https://twitter.com/KamalaHarris
Kamala's Tiktok: https://tiktok.com/@kamalaharris
Kamala’s Instagram: https://www.instagram.com/KamalaHarris  
Kamala's Twitch: https://www.twitch.tv/kamalaharris
Kamala's Facebook: https://www.facebook.com/KamalaHarris
Kamala's Threads: https://www.threads.net/@kamalaharris

#KamalaHarris #Harris2024",158330,10887,1018,public,https://www.youtube.com/watch?v=1PbRM-7so28,2026-10-03T08:46:11+00:00
Kamala Harris,民主党,候选人阵营,youtube,harris,UC0XBsJpPhOLg0k4x9ZwrWzw,TkiytaymZjQ,2024-11-05T14:00:24+00:00,2024-11-05,shorts,False,none,24,"When we fight, we win.","Help Vice President Kamala Harris and Governor Tim Walz put policies in place that protect our fundamental freedoms and defeat Donald Trump and MAGA Republicans this election. Take action at https://go.kamalaharris.com.
--------------------------------------
Follow Vice President Kamala Harris!

Kamala's Twitter: https://twitter.com/KamalaHarris
Kamala's Tiktok: https://tiktok.com/@kamalaharris
Kamala’s Instagram: https://www.instagram.com/KamalaHarris  
Kamala's Twitch: https://www.twitch.tv/kamalaharris
Kamala's Facebook: https://www.facebook.com/KamalaHarris
Kamala's Threads: https://www.threads.net/@kamalaharris

#KamalaHarris #Harris2024",282987,13303,1678,public,https://www.youtube.com/watch?v=TkiytaymZjQ,2026-10-03T08:46:11+00:00
Kamala Harris,民主党,候选人阵营,youtube,harris,UC0XBsJpPhOLg0k4x9ZwrWzw,bIf81eDXwpQ,2024-11-05T15:45:02+00:00,2024-11-05,shorts,False,none,13,"Love you, Dougie.","Help Vice President Kamala Harris and Governor Tim Walz put policies in place that protect our fundamental freedoms and defeat Donald Trump and MAGA Republicans this election. Take action at https://go.kamalaharris.com.
--------------------------------------
Follow Vice President Kamala Harris!

Kamala's Twitter: https://twitter.com/KamalaHarris
Kamala's Tiktok: https://tiktok.com/@kamalaharris
Kamala’s Instagram: https://www.instagram.com/KamalaHarris  
Kamala's Twitch: https://www.twitch.tv/kamalaharris
Kamala's Facebook: https://www.facebook.com/KamalaHarris
Kamala's Threads: https://www.threads.net/@kamalaharris

#KamalaHarris #Harris2024",766353,29222,1681,public,https://www.youtube.com/watch?v=bIf81eDXwpQ,2026-10-03T08:46:11+00:00
Kamala Harris,民主党,候选人阵营,youtube,harris,UC0XBsJpPhOLg0k4x9ZwrWzw,2x72eSfZ7Ao,2024-11-05T16:30:45+00:00,2024-11-05,videos,False,none,61,Girl Dad | Harris-Walz 2024,"Help Vice President Kamala Harris and Governor Tim Walz put policies in place that protect our fundamental freedoms and defeat Donald Trump and MAGA Republicans this election. Take action at https://go.kamalaharris.com.
--------------------------------------
Follow Vice President Kamala Harris!

Kamala's Twitter: https://twitter.com/KamalaHarris
Kamala's Tiktok: https://tiktok.com/@kamalaharris
Kamala’s Instagram: https://www.instagram.com/KamalaHarris  
Kamala's Twitch: https://www.twitch.tv/kamalaharris
Kamala's Facebook: https://www.facebook.com/KamalaHarris
Kamala's Threads: https://www.threads.net/@kamalaharris

#KamalaHarris #Harris2024",71320,4483,1109,public,https://www.youtube.com/watch?v=2x72eSfZ7Ao,2026-10-03T08:46:11+00:00
Kamala Harris,民主党,候选人阵营,youtube,harris,UC0XBsJpPhOLg0k4x9ZwrWzw,L2HRvz1vvc8,2024-11-05T16:31:01+00:00,2024-11-05,videos,False,none,61,"64,000 | Harris-Walz 2024","Help Vice President Kamala Harris and Governor Tim Walz put policies in place that protect our fundamental freedoms and defeat Donald Trump and MAGA Republicans this election. Take action at https://go.kamalaharris.com.
--------------------------------------
Follow Vice President Kamala Harris!

Kamala's Twitter: https://twitter.com/KamalaHarris
Kamala's Tiktok: https://tiktok.com/@kamalaharris
Kamala’s Instagram: https://www.instagram.com/KamalaHarris  
Kamala's Twitch: https://www.twitch.tv/kamalaharris
Kamala's Facebook: https://www.facebook.com/KamalaHarris
Kamala's Threads: https://www.threads.net/@kamalaharris

#KamalaHarris #Harris2024",115205,3677,3102,public,https://www.youtube.com/watch?v=L2HRvz1vvc8,2026-10-03T08:46:11+00:00
Kamala Harris,民主党,候选人阵营,youtube,harris,UC0XBsJpPhOLg0k4x9ZwrWzw,a1mHgxj1Uh8,2024-11-05T17:00:00+00:00,2024-11-05,shorts,False,none,26,Let's win this.,"Help Vice President Kamala Harris and Governor Tim Walz put policies in place that protect our fundamental freedoms and defeat Donald Trump and MAGA Republicans this election. Take action at https://go.kamalaharris.com.
--------------------------------------
Follow Vice President Kamala Harris!

Kamala's Twitter: https://twitter.com/KamalaHarris
Kamala's Tiktok: https://tiktok.com/@kamalaharris
Kamala’s Instagram: https://www.instagram.com/KamalaHarris  
Kamala's Twitch: https://www.twitch.tv/kamalaharris
Kamala's Facebook: https://www.facebook.com/KamalaHarris
Kamala's Threads: https://www.threads.net/@kamalaharris

#KamalaHarris #Harris2024 #shorts #election #youtubeshorts #election2024",373725,15804,1634,public,https://www.youtube.com/watch?v=a1mHgxj1Uh8,2026-10-03T08:46:11+00:00
Kamala Harris,民主党,候选人阵营,youtube,harris,UC0XBsJpPhOLg0k4x9ZwrWzw,a2MdElzoGs8,2024-11-05T19:00:00+00:00,2024-11-05,shorts,False,none,14,The joys of being on the campaign trail.,"Help Vice President Kamala Harris and Governor Tim Walz put policies in place that protect our fundamental freedoms and defeat Donald Trump and MAGA Republicans this election. Take action at https://go.kamalaharris.com.
--------------------------------------
Follow Vice President Kamala Harris!

Kamala's Twitter: https://twitter.com/KamalaHarris
Kamala's Tiktok: https://tiktok.com/@kamalaharris
Kamala’s Instagram: https://www.instagram.com/KamalaHarris  
Kamala's Twitch: https://www.twitch.tv/kamalaharris
Kamala's Facebook: https://www.facebook.com/KamalaHarris
Kamala's Threads: https://www.threads.net/@kamalaharris

#KamalaHarris #Harris2024 #shorts #election #youtubeshorts #election2024",392831,20305,1329,public,https://www.youtube.com/watch?v=a2MdElzoGs8,2026-10-03T08:46:11+00:00
Kamala Harris,民主党,候选人阵营,youtube,harris,UC0XBsJpPhOLg0k4x9ZwrWzw,q8aky3hWXik,2024-11-05T20:00:26+00:00,2024-11-05,shorts,False,none,43,"When we vote, we win.","Help Vice President Kamala Harris and Governor Tim Walz put policies in place that protect our fundamental freedoms and defeat Donald Trump and MAGA Republicans this election. Take action at https://go.kamalaharris.com.
--------------------------------------
Follow Vice President Kamala Harris!

Kamala's Twitter: https://twitter.com/KamalaHarris
Kamala's Tiktok: https://tiktok.com/@kamalaharris
Kamala’s Instagram: https://www.instagram.com/KamalaHarris  
Kamala's Twitch: https://www.twitch.tv/kamalaharris
Kamala's Facebook: https://www.facebook.com/KamalaHarris
Kamala's Threads: https://www.threads.net/@kamalaharris

#KamalaHarris #Harris2024 #shorts #election #youtubeshorts #election2024",174045,8741,964,public,https://www.youtube.com/watch?v=q8aky3hWXik,2026-10-03T08:46:11+00:00
Kamala Harris,民主党,候选人阵营,youtube,harris,UC0XBsJpPhOLg0k4x9ZwrWzw,mViWZGr0WIs,2024-11-05T21:00:34+00:00,2024-11-05,shorts,False,none,19,"Get out there and vote, America.","Help Vice President Kamala Harris and Governor Tim Walz put policies in place that protect our fundamental freedoms and defeat Donald Trump and MAGA Republicans this election. Take action at https://go.kamalaharris.com.
--------------------------------------
Follow Vice President Kamala Harris!

Kamala's Twitter: https://twitter.com/KamalaHarris
Kamala's Tiktok: https://tiktok.com/@kamalaharris
Kamala’s Instagram: https://www.instagram.com/KamalaHarris  
Kamala's Twitch: https://www.twitch.tv/kamalaharris
Kamala's Facebook: https://www.facebook.com/KamalaHarris
Kamala's Threads: https://www.threads.net/@kamalaharris

#KamalaHarris #Harris2024 #shorts #election #election2024 #youtubeshorts",213334,10848,2076,public,https://www.youtube.com/watch?v=mViWZGr0WIs,2026-10-03T08:46:11+00:00
Kamala Harris,民主党,候选人阵营,youtube,harris,UC0XBsJpPhOLg0k4x9ZwrWzw,zfsNIpBYRdc,2024-11-05T22:44:36+00:00,2024-11-05,shorts,False,none,55,Hopped on the phone to speak with voters (and one future voter) today.,"Help Vice President Kamala Harris and Governor Tim Walz put policies in place that protect our fundamental freedoms and defeat Donald Trump and MAGA Republicans this election. Take action at https://go.kamalaharris.com.
--------------------------------------
Follow Vice President Kamala Harris!

Kamala's Twitter: https://twitter.com/KamalaHarris
Kamala's Tiktok: https://tiktok.com/@kamalaharris
Kamala’s Instagram: https://www.instagram.com/KamalaHarris  
Kamala's Twitch: https://www.twitch.tv/kamalaharris
Kamala's Facebook: https://www.facebook.com/KamalaHarris
Kamala's Threads: https://www.threads.net/@kamalaharris

#KamalaHarris #Harris2024",323133,15019,1075,public,https://www.youtube.com/watch?v=zfsNIpBYRdc,2026-10-03T08:46:11+00:00
Kamala Harris,民主党,候选人阵营,youtube,harris,UC0XBsJpPhOLg0k4x9ZwrWzw,yVJdVda_lCY,2024-11-05T23:15:03+00:00,2024-11-05,shorts,False,none,48,"I love Gen Z, and I am grateful to our first-time voters for making their voices heard.","Help Vice President Kamala Harris and Governor Tim Walz put policies in place that protect our fundamental freedoms and defeat Donald Trump and MAGA Republicans this election. Take action at https://go.kamalaharris.com.
--------------------------------------
Follow Vice President Kamala Harris!

Kamala's Twitter: https://twitter.com/KamalaHarris
Kamala's Tiktok: https://tiktok.com/@kamalaharris
Kamala’s Instagram: https://www.instagram.com/KamalaHarris  
Kamala's Twitch: https://www.twitch.tv/kamalaharris
Kamala's Facebook: https://www.facebook.com/KamalaHarris
Kamala's Threads: https://www.threads.net/@kamalaharris

#KamalaHarris #Harris2024",360604,17057,1793,public,https://www.youtube.com/watch?v=yVJdVda_lCY,2026-10-03T08:46:11+00:00
Kamala Harris,民主党,候选人阵营,youtube,harris,UC0XBsJpPhOLg0k4x9ZwrWzw,BNlr-DJl6hs,2024-11-05T23:45:00+00:00,2024-11-05,shorts,False,none,29,To everyone who has worked hard and brought back the joy during this campaign—thank you.,"Help Vice President Kamala Harris and Governor Tim Walz put policies in place that protect our fundamental freedoms and defeat Donald Trump and MAGA Republicans this election. Take action at https://go.kamalaharris.com.
--------------------------------------
Follow Vice President Kamala Harris!

Kamala's Twitter: https://twitter.com/KamalaHarris
Kamala's Tiktok: https://tiktok.com/@kamalaharris
Kamala’s Instagram: https://www.instagram.com/KamalaHarris  
Kamala's Twitch: https://www.twitch.tv/kamalaharris
Kamala's Facebook: https://www.facebook.com/KamalaHarris
Kamala's Threads: https://www.threads.net/@kamalaharris

#KamalaHarris #Harris2024 #shorts #election #youtubeshorts #election2024",164638,7656,1243,public,https://www.youtube.com/watch?v=BNlr-DJl6hs,2026-10-03T08:46:11+00:00
Kamala Harris,民主党,候选人阵营,youtube,harris,UC0XBsJpPhOLg0k4x9ZwrWzw,sGwIanon8_E,2024-11-06T00:30:33+00:00,2024-11-05,shorts,False,none,60,Our campaign wouldn’t be possible without people like Nicole. Thank you for everything.,"Help Vice President Kamala Harris and Governor Tim Walz put policies in place that protect our fundamental freedoms and defeat Donald Trump and MAGA Republicans this election. Take action at https://go.kamalaharris.com.
--------------------------------------
Follow Vice President Kamala Harris!

Kamala's Twitter: https://twitter.com/KamalaHarris
Kamala's Tiktok: https://tiktok.com/@kamalaharris
Kamala’s Instagram: https://www.instagram.com/KamalaHarris  
Kamala's Twitch: https://www.twitch.tv/kamalaharris
Kamala's Facebook: https://www.facebook.com/KamalaHarris
Kamala's Threads: https://www.threads.net/@kamalaharris

#KamalaHarris #Harris2024 #shorts #election #youtubeshorts #election2024",847261,28179,6068,public,https://www.youtube.com/watch?v=sGwIanon8_E,2026-10-03T08:46:11+00:00
Kamala HQ,民主党,候选人阵营,youtube,kamalahq,UCnniIiQ9zAOjTcnct0xccig,G_SMPK0HmgI,2024-08-02T18:26:17+00:00,2024-08-02,shorts,False,none,14,we found him,"Follow Kamala HQ!
Twitter: https://twitter.com/kamalahq
Threads: https://www.threads.net/@kamalahq
Instagram: https://www.instagram.com/kamalahq
Facebook: https://www.facebook.com/kamalahq",1026,41,15,public,https://www.youtube.com/watch?v=G_SMPK0HmgI,2026-10-03T08:45:58+00:00
Kamala HQ,民主党,候选人阵营,youtube,kamalahq,UCnniIiQ9zAOjTcnct0xccig,KNVQmbHw2Fw,2024-08-04T16:02:14+00:00,2024-08-04,shorts,False,none,15,"sad, donald!","Follow Kamala HQ! 
Twitter: https://twitter.com/KamalaHQ
Threads: https://www.threads.net/@KamalaHQ
Instagram: https://www.instagram.com/KamalaHQ
Facebook: https://www.facebook.com/KamalaHQ",2317,50,21,public,https://www.youtube.com/watch?v=KNVQmbHw2Fw,2026-10-03T08:45:58+00:00
Kamala HQ,民主党,候选人阵营,youtube,kamalahq,UCnniIiQ9zAOjTcnct0xccig,j6l3x_VIngg,2024-08-06T22:56:07+00:00,2024-08-06,shorts,False,none,22,"Welcome to the race, Governor Walz 💙","Follow Kamala HQ!
Twitter: https://twitter.com/KamalaHQ
Threads: https://www.threads.net/@KamalaHQ
Instagram: https://www.instagram.com/KamalaHQ
Facebook: https://www.facebook.com/KamalaHQ",1008,24,15,public,https://www.youtube.com/watch?v=j6l3x_VIngg,2026-10-03T08:45:58+00:00
Kamala HQ,民主党,候选人阵营,youtube,kamalahq,UCnniIiQ9zAOjTcnct0xccig,t9V3WUyqKBY,2024-08-07T00:28:31+00:00,2024-08-06,shorts,False,none,45,lol,"Follow Kamala HQ!
Twitter: https://twitter.com/kamalahq
Threads: https://www.threads.net/@kamalahq
Instagram: https://www.instagram.com/kamalahq
Facebook: https://www.facebook.com/kamalahq",742,20,10,public,https://www.youtube.com/watch?v=t9V3WUyqKBY,2026-10-03T08:45:58+00:00
Kamala HQ,民主党,候选人阵营,youtube,kamalahq,UCnniIiQ9zAOjTcnct0xccig,xKrN0o2A8zs,2024-08-07T13:33:01+00:00,2024-08-07,shorts,False,none,20,Harris-Walz 😇,"Follow Kamala HQ!
Twitter: https://twitter.com/kamalahq
Threads: https://www.threads.net/@kamalahq
Instagram: https://www.instagram.com/kamalahq
Facebook: https://www.facebook.com/kamalahq",409,16,4,public,https://www.youtube.com/watch?v=xKrN0o2A8zs,2026-10-03T08:45:58+00:00
Kamala HQ,民主党,候选人阵营,youtube,kamalahq,UCnniIiQ9zAOjTcnct0xccig,Y3UafsXul0c,2024-08-07T13:38:06+00:00,2024-08-07,shorts,False,none,37,"Tim Walz, so sweet 💙","Follow Kamala HQ!
Twitter: https://twitter.com/kamalahq
Threads: https://www.threads.net/@kamalahq
Instagram: https://www.instagram.com/kamalahq
Facebook: https://www.facebook.com/kamalahq",296,15,4,public,https://www.youtube.com/watch?v=Y3UafsXul0c,2026-10-03T08:45:58+00:00
Kamala HQ,民主党,候选人阵营,youtube,kamalahq,UCnniIiQ9zAOjTcnct0xccig,GbIKNUEXXmo,2024-08-07T15:58:37+00:00,2024-08-07,shorts,False,none,7,Meeting Kamala Harris 🥹,"Follow Kamala HQ!
Twitter: https://twitter.com/kamalahq
Threads: https://www.threads.net/@kamalahq
Instagram: https://www.instagram.com/kamalahq
Facebook: https://www.facebook.com/kamalahq",950,24,9,public,https://www.youtube.com/watch?v=GbIKNUEXXmo,2026-10-03T08:45:58+00:00
Kamala HQ,民主党,候选人阵营,youtube,kamalahq,UCnniIiQ9zAOjTcnct0xccig,kTmGZKUmyOo,2024-08-07T20:03:37+00:00,2024-08-07,shorts,False,none,11,🙄,Follow Kamala HQ!,914,39,11,public,https://www.youtube.com/watch?v=kTmGZKUmyOo,2026-10-03T08:45:58+00:00
Kamala HQ,民主党,候选人阵营,youtube,kamalahq,UCnniIiQ9zAOjTcnct0xccig,TPFlk2l-1v8,2024-08-12T19:24:21+00:00,2024-08-12,shorts,False,none,5,Doug 🤝 Steph Curry,Follow Kamala HQ!,12628,249,2,public,https://www.youtube.com/watch?v=TPFlk2l-1v8,2026-10-03T08:45:58+00:00
Kamala HQ,民主党,候选人阵营,youtube,kamalahq,UCnniIiQ9zAOjTcnct0xccig,S4JGuzKn0jE,2024-08-13T14:35:24+00:00,2024-08-13,shorts,False,none,15,Trump only cares about himself,Follow Kamala HQ!,166,16,6,public,https://www.youtube.com/watch?v=S4JGuzKn0jE,2026-10-03T08:45:58+00:00
Kamala HQ,民主党,候选人阵营,youtube,kamalahq,UCnniIiQ9zAOjTcnct0xccig,JMkv3CmYg38,2024-08-13T14:37:30+00:00,2024-08-13,shorts,False,none,22,Vice President Harris signs a book for a little girl 💙,"Follow Kamala HQ!
Twitter: https://twitter.com/kamalahq
Threads: https://www.threads.net/@kamalahq
Instagram: https://www.instagram.com/kamalahq
Facebook: https://www.facebook.com/kamalahq",719,26,11,public,https://www.youtube.com/watch?v=JMkv3CmYg38,2026-10-03T08:45:58+00:00
Kamala HQ,民主党,候选人阵营,youtube,kamalahq,UCnniIiQ9zAOjTcnct0xccig,6-3JizF3Mwo,2024-08-16T22:40:15+00:00,2024-08-16,shorts,False,none,17,great music taste 🤩,"Follow Kamala HQ!
Twitter: https://twitter.com/KamalaHQ
Threads: https://www.threads.net/@KamalaHQ
Instagram: https://www.instagram.com/KamalaHQ
Facebook: https://www.facebook.com/KamalaHQ",703,31,13,public,https://www.youtube.com/watch?v=6-3JizF3Mwo,2026-10-03T08:45:58+00:00
Kamala HQ,民主党,候选人阵营,youtube,kamalahq,UCnniIiQ9zAOjTcnct0xccig,uEshtn41pD4,2024-09-11T15:14:43+00:00,2024-09-11,shorts,False,none,10,ready for it 🫶,"Follow Kamala HQ!
Twitter: https://twitter.com/KamalaHQ
Threads: https://www.threads.net/@KamalaHQ
Instagram: https://www.instagram.com/KamalaHQ
Facebook: https://www.facebook.com/KamalaHQ",143,9,1,public,https://www.youtube.com/watch?v=uEshtn41pD4,2026-10-03T08:45:58+00:00
Kamala HQ,民主党,候选人阵营,youtube,kamalahq,UCnniIiQ9zAOjTcnct0xccig,v0qCcpOnAXI,2024-09-11T15:26:23+00:00,2024-09-11,shorts,False,none,53,We're not going back,,52,6,2,public,https://www.youtube.com/watch?v=v0qCcpOnAXI,2026-10-03T08:45:58+00:00
Kamala HQ,民主党,候选人阵营,youtube,kamalahq,UCnniIiQ9zAOjTcnct0xccig,NZh9PZXaiCo,2024-09-11T15:29:38+00:00,2024-09-11,shorts,False,none,39,Trump is cooked 😭,,543,7,4,public,https://www.youtube.com/watch?v=NZh9PZXaiCo,2026-10-03T08:45:58+00:00
Kamala HQ,民主党,候选人阵营,youtube,kamalahq,UCnniIiQ9zAOjTcnct0xccig,M1ZAJjG8YN0,2024-09-11T15:31:00+00:00,2024-09-11,shorts,False,none,33,Trump got COOKED at the debate 🔥,,783,18,12,public,https://www.youtube.com/watch?v=M1ZAJjG8YN0,2026-10-03T08:45:58+00:00
Kamala HQ,民主党,候选人阵营,youtube,kamalahq,UCnniIiQ9zAOjTcnct0xccig,ReoC-UayZ0M,2024-09-11T20:15:27+00:00,2024-09-11,shorts,False,none,7,Trump took a big L,,585,16,7,public,https://www.youtube.com/watch?v=ReoC-UayZ0M,2026-10-03T08:45:58+00:00
Kamala HQ,民主党,候选人阵营,youtube,kamalahq,UCnniIiQ9zAOjTcnct0xccig,KPEQtffpWb0,2024-09-11T20:16:57+00:00,2024-09-11,shorts,False,none,50,New Kamala Harris ad humbled Trump 🥊,,1078,30,7,public,https://www.youtube.com/watch?v=KPEQtffpWb0,2026-10-03T08:45:58+00:00
Kamala HQ,民主党,候选人阵营,youtube,kamalahq,UCnniIiQ9zAOjTcnct0xccig,fUpZyxlKsZU,2024-09-12T15:21:07+00:00,2024-09-12,shorts,False,none,10,"trust me bro, I have concepts of a plan",,527,23,6,public,https://www.youtube.com/watch?v=fUpZyxlKsZU,2026-10-03T08:45:58+00:00
Kamala HQ,民主党,候选人阵营,youtube,kamalahq,UCnniIiQ9zAOjTcnct0xccig,5rtolychEog,2024-09-12T15:22:42+00:00,2024-09-12,shorts,False,none,26,miss americana 👑,,508,16,2,public,https://www.youtube.com/watch?v=5rtolychEog,2026-10-03T08:45:58+00:00
Kamala HQ,民主党,候选人阵营,youtube,kamalahq,UCnniIiQ9zAOjTcnct0xccig,0CGU_Ow7KgQ,2024-09-13T14:37:17+00:00,2024-09-13,shorts,False,none,10,We need Walz!,,562,26,5,public,https://www.youtube.com/watch?v=0CGU_Ow7KgQ,2026-10-03T08:45:58+00:00
Kamala HQ,民主党,候选人阵营,youtube,kamalahq,UCnniIiQ9zAOjTcnct0xccig,kqFuXcnbXUc,2024-09-16T21:08:51+00:00,2024-09-16,shorts,False,none,31,This guy is a Project 2025 architect btw,,7940,211,131,public,https://www.youtube.com/watch?v=kqFuXcnbXUc,2026-10-03T08:45:58+00:00
Kamala HQ,民主党,候选人阵营,youtube,kamalahq,UCnniIiQ9zAOjTcnct0xccig,YySibNBM248,2024-09-24T13:43:28+00:00,2024-09-24,shorts,False,none,11,Let's turn the page with Kamala Harris,,5965,50,56,public,https://www.youtube.com/watch?v=YySibNBM248,2026-10-03T08:45:58+00:00
Kamala HQ,民主党,候选人阵营,youtube,kamalahq,UCnniIiQ9zAOjTcnct0xccig,w_yGrsxNprA,2024-09-24T13:46:51+00:00,2024-09-24,shorts,False,none,13,Trump is less than mid tbh,,760,26,8,public,https://www.youtube.com/watch?v=w_yGrsxNprA,2026-10-03T08:45:58+00:00
Kamala HQ,民主党,候选人阵营,youtube,kamalahq,UCnniIiQ9zAOjTcnct0xccig,SkjafHEsLk0,2024-09-24T13:54:23+00:00,2024-09-24,shorts,False,none,24,Trump is a 🐔 lol,,745,22,4,public,https://www.youtube.com/watch?v=SkjafHEsLk0,2026-10-03T08:45:58+00:00
Kamala HQ,民主党,候选人阵营,youtube,kamalahq,UCnniIiQ9zAOjTcnct0xccig,4e9wfO_rVEo,2024-09-24T13:55:20+00:00,2024-09-24,shorts,False,none,46,Kamala Harris 🤝 Bill Nye,,301,36,2,public,https://www.youtube.com/watch?v=4e9wfO_rVEo,2026-10-03T08:45:58+00:00
Kamala HQ,民主党,候选人阵营,youtube,kamalahq,UCnniIiQ9zAOjTcnct0xccig,GsXS8WudinM,2024-10-26T16:43:13+00:00,2024-10-26,videos,False,none,46,Mar-a-Lago Senior Living,"Follow Biden-Harris HQ!
Twitter: https://twitter.com/bidenhq
Threads: https://www.threads.net/@bidenharrishq
Instagram: https://www.instagram.com/bidenharrishq/
Facebook: https://www.facebook.com/bidenharrishq/",33381,2232,145,public,https://www.youtube.com/watch?v=GsXS8WudinM,2026-10-03T08:45:58+00:00
RNC,共和党,党组织,youtube,rnc,UC3o7kbpTUQ5-0WTMIp8sVwA,9__OmOygJT0,2024-07-21T18:50:10+00:00,2024-07-21,videos,False,none,130,The Truth About Kamala Harris,"Click below to subscribe now!
http://www.youtube.com/c/GOP?sub_confirmation=1


http://www.GOP.com",88092,760,149,public,https://www.youtube.com/watch?v=9__OmOygJT0,2026-10-03T08:46:55+00:00
RNC,共和党,党组织,youtube,rnc,UC3o7kbpTUQ5-0WTMIp8sVwA,Z8GKxoJldog,2024-07-22T00:49:11+00:00,2024-07-21,videos,False,none,45,"RNC Chairman: ""We are a completely unified party!""","RNC Chairman Whatley: “Quite a split screen…We are a completely unified party. We have a candidate who is ready right now to go and restore our southern border, restore the economy, restore our standing in the world, and unify the country. And the Democrats are in free fall.”",645,75,17,public,https://www.youtube.com/watch?v=Z8GKxoJldog,2026-10-03T08:46:55+00:00
RNC,共和党,党组织,youtube,rnc,UC3o7kbpTUQ5-0WTMIp8sVwA,QinIM9iZz-A,2024-07-22T13:19:05+00:00,2024-07-22,videos,False,none,111,Democrats have lied to America!,"RNC Co-Chair Lara Trump: Democrats have lied to America, and America has seen you cannot trust the Democrat party.",729,92,16,public,https://www.youtube.com/watch?v=QinIM9iZz-A,2026-10-03T08:46:55+00:00
RNC,共和党,党组织,youtube,rnc,UC3o7kbpTUQ5-0WTMIp8sVwA,XuMXVyMCS1w,2024-07-22T20:05:59+00:00,2024-07-22,videos,False,none,49,"""We are watching a historic coverup here""","RNC Chairman Whatley: What did the Democrats know and when about Biden's cognitive decline?   

""We are watching a historic coverup here…there need to be questions for all of the different folks on the Democrat side of the aisle.""",978,96,12,public,https://www.youtube.com/watch?v=XuMXVyMCS1w,2026-10-03T08:46:55+00:00
RNC,共和党,党组织,youtube,rnc,UC3o7kbpTUQ5-0WTMIp8sVwA,B9Z_DStQWQ4,2024-07-22T21:14:38+00:00,2024-07-22,videos,False,none,86,"“Every bad decision that Joe Biden made, Kamala Harris was there step for step with him.”","RNC Co-Chair Lara Trump: “Every bad decision that Joe Biden made, Kamala Harris was there step for step with him.”",576,18,4,public,https://www.youtube.com/watch?v=B9Z_DStQWQ4,2026-10-03T08:46:55+00:00
RNC,共和党,党组织,youtube,rnc,UC3o7kbpTUQ5-0WTMIp8sVwA,IFXMCVk_zhw,2024-07-23T00:59:57+00:00,2024-07-22,videos,False,none,54,"President Trump will unite our country and make America wealthy, safe, strong, and great again!","RNC Chairman Whatley: Kamala Harris has the same failed policies that fueled inflation, weakened our standing in the world, and fueled the border crisis.

President Trump will unite our country and make America wealthy, safe, strong, and great again!",582,58,12,public,https://www.youtube.com/watch?v=IFXMCVk_zhw,2026-10-03T08:46:55+00:00
RNC,共和党,党组织,youtube,rnc,UC3o7kbpTUQ5-0WTMIp8sVwA,-JJxncKsO5s,2024-07-23T13:45:58+00:00,2024-07-23,videos,False,none,106,Lara Trump: Democrats aren't the party of democracy - they have coronated Kamala Harris!,"RNC Co-Chair Lara Trump: ""They have coronated Kamala Harris - this is not democracy... You contrast that with the other side, which is what we're offering on the Republican side. We have a proven candidate who actually delivered results for the American people.""",711,74,17,public,https://www.youtube.com/watch?v=-JJxncKsO5s,2026-10-03T08:46:55+00:00
RNC,共和党,党组织,youtube,rnc,UC3o7kbpTUQ5-0WTMIp8sVwA,fLmDKhhAHw0,2024-07-24T16:47:54+00:00,2024-07-24,videos,False,none,55,"Republicans are unified, focused, and ready to Make America Great Again!","RNC Co-Chair Lara Trump: Republicans are unified, focused, and ready to Make America Great Again!",909,52,15,public,https://www.youtube.com/watch?v=fLmDKhhAHw0,2026-10-03T08:46:55+00:00
RNC,共和党,党组织,youtube,rnc,UC3o7kbpTUQ5-0WTMIp8sVwA,hl_N0dkoWHc,2024-07-24T20:06:42+00:00,2024-07-24,videos,False,none,77,Kamala Harris Is The Border Czar,"Click below to subscribe now!
http://www.youtube.com/c/GOP?sub_confirmation=1


http://www.GOP.com",3964,181,27,public,https://www.youtube.com/watch?v=hl_N0dkoWHc,2026-10-03T08:46:55+00:00
RNC,共和党,党组织,youtube,rnc,UC3o7kbpTUQ5-0WTMIp8sVwA,qGd4-MKK5_s,2024-07-24T21:20:01+00:00,2024-07-24,shorts,False,none,24,Kamala Harris ranked #1 most liberal!,Kamala Harris ranked #1 most liberal!,6495,144,18,public,https://www.youtube.com/watch?v=qGd4-MKK5_s,2026-10-03T08:46:55+00:00
RNC,共和党,党组织,youtube,rnc,UC3o7kbpTUQ5-0WTMIp8sVwA,evT-_BqnGD8,2024-07-24T22:35:30+00:00,2024-07-24,videos,False,none,115,Kamala Harris As Border Czar: Weak. Failed. Dangerously Liberal,Kamala Harris As Border Czar: Weak. Failed. Dangerously Liberal,12321,174,120,public,https://www.youtube.com/watch?v=evT-_BqnGD8,2026-10-03T08:46:55+00:00
RNC,共和党,党组织,youtube,rnc,UC3o7kbpTUQ5-0WTMIp8sVwA,1zs_ZIWDMOc,2024-07-25T01:23:16+00:00,2024-07-24,videos,False,none,55,Kamala Harris is a radical leftist!,RNC Co-Chair Lara Trump: Kamala Harris is a radical leftist!,636,34,19,public,https://www.youtube.com/watch?v=1zs_ZIWDMOc,2026-10-03T08:46:55+00:00
RNC,共和党,党组织,youtube,rnc,UC3o7kbpTUQ5-0WTMIp8sVwA,NS6SwuiYQFI,2024-07-25T15:59:15+00:00,2024-07-25,videos,False,none,41,“USA! USA! USA!”,“USA! USA! USA!”,720,59,17,public,https://www.youtube.com/watch?v=NS6SwuiYQFI,2026-10-03T08:46:55+00:00
RNC,共和党,党组织,youtube,rnc,UC3o7kbpTUQ5-0WTMIp8sVwA,iwEqKl4TW94,2024-07-25T18:12:21+00:00,2024-07-25,shorts,False,none,25,Border Czar Kamala Harris has overseen the worst border crisis in U.S. history.,Border Czar Kamala Harris has been lying to the American people. She has overseen the worst border crisis in U.S. history.,545,58,12,public,https://www.youtube.com/watch?v=iwEqKl4TW94,2026-10-03T08:46:55+00:00
RNC,共和党,党组织,youtube,rnc,UC3o7kbpTUQ5-0WTMIp8sVwA,ty9KYFmz3aA,2024-07-26T16:01:36+00:00,2024-07-26,shorts,False,none,35,Kamala Harris can't be trusted!,Kamala Harris can't be trusted!,590,151,12,public,https://www.youtube.com/watch?v=ty9KYFmz3aA,2026-10-03T08:46:55+00:00
RNC,共和党,党组织,youtube,rnc,UC3o7kbpTUQ5-0WTMIp8sVwA,UHYecEi6L7E,2024-07-26T17:19:28+00:00,2024-07-26,shorts,False,none,27,"Prices are up, real wages are down, and Americans are hurting.","Prices are up, real wages are down, and Americans are hurting. ""Bidenomics"" did not work, and Harris owns it.",1832,85,7,public,https://www.youtube.com/watch?v=UHYecEi6L7E,2026-10-03T08:46:55+00:00
RNC,共和党,党组织,youtube,rnc,UC3o7kbpTUQ5-0WTMIp8sVwA,tw2Tr_bGE0I,2024-07-26T18:19:01+00:00,2024-07-26,shorts,False,none,23,President Trump greets Prime Minister Netanyahu at Mar-a-Lago,,12286,485,36,public,https://www.youtube.com/watch?v=tw2Tr_bGE0I,2026-10-03T08:46:55+00:00
RNC,共和党,党组织,youtube,rnc,UC3o7kbpTUQ5-0WTMIp8sVwA,G99ErF3z5bg,2024-07-27T00:06:43+00:00,2024-07-26,shorts,False,none,37,President Trump will restore the American Dream!,,5207,266,13,public,https://www.youtube.com/watch?v=G99ErF3z5bg,2026-10-03T08:46:55+00:00
RNC,共和党,党组织,youtube,rnc,UC3o7kbpTUQ5-0WTMIp8sVwA,Mkzc_BAP8es,2024-07-27T15:13:20+00:00,2024-07-27,videos,False,none,44,Pam Bondi highlights how the RNC is making it easier to vote and harder to cheat!,"Former Florida Attorney General Pam Bondi highlights how the RNC is making it easier to vote and harder to cheat.

You can find out more information at protectthevote.com",514,57,12,public,https://www.youtube.com/watch?v=Mkzc_BAP8es,2026-10-03T08:46:55+00:00
RNC,共和党,党组织,youtube,rnc,UC3o7kbpTUQ5-0WTMIp8sVwA,GHYnG-YD7pE,2024-07-27T20:19:38+00:00,2024-07-27,shorts,False,none,42,Kamala Harris cannot be trusted.,Harris LIED and knowingly covered up Biden's obvious cognitive decline! She cannot be trusted.,779,120,11,public,https://www.youtube.com/watch?v=GHYnG-YD7pE,2026-10-03T08:46:55+00:00
RNC,共和党,党组织,youtube,rnc,UC3o7kbpTUQ5-0WTMIp8sVwA,afaEW6En3Tk,2024-07-28T00:04:20+00:00,2024-07-27,shorts,False,none,30,Democrats are not the party of democracy.,,2327,188,12,public,https://www.youtube.com/watch?v=afaEW6En3Tk,2026-10-03T08:46:55+00:00
RNC,共和党,党组织,youtube,rnc,UC3o7kbpTUQ5-0WTMIp8sVwA,LI0h04bi-Lw,2024-07-28T16:15:53+00:00,2024-07-28,videos,False,none,70,November 5th: 100 Days Out,"Click below to subscribe now!
http://www.youtube.com/c/GOP?sub_confirmation=1


http://www.GOP.com",1499,75,13,public,https://www.youtube.com/watch?v=LI0h04bi-Lw,2026-10-03T08:46:55+00:00
RNC,共和党,党组织,youtube,rnc,UC3o7kbpTUQ5-0WTMIp8sVwA,bjw8fvzOYGs,2024-07-28T23:22:34+00:00,2024-07-28,shorts,False,none,17,President Trump took a bullet for democracy!,,767,177,5,public,https://www.youtube.com/watch?v=bjw8fvzOYGs,2026-10-03T08:46:55+00:00
RNC,共和党,党组织,youtube,rnc,UC3o7kbpTUQ5-0WTMIp8sVwA,3wk3QevWIEM,2024-07-29T14:59:18+00:00,2024-07-29,shorts,False,none,15,Kamala Harris doesn't respect young voters.,"Kamala Harris doesn't respect young voters. 

In her words, she thinks ""they are stupid.""",15576,378,59,public,https://www.youtube.com/watch?v=3wk3QevWIEM,2026-10-03T08:46:55+00:00
RNC,共和党,党组织,youtube,rnc,UC3o7kbpTUQ5-0WTMIp8sVwA,9vjupC15wPM,2024-07-29T16:56:23+00:00,2024-07-29,shorts,False,none,24,Kamala Harris is dangerously liberal.,Kamala Harris is dangerously liberal.,9042,366,34,public,https://www.youtube.com/watch?v=9vjupC15wPM,2026-10-03T08:46:55+00:00
RNC,共和党,党组织,youtube,rnc,UC3o7kbpTUQ5-0WTMIp8sVwA,Rb_O-tOjUGU,2024-07-29T20:11:35+00:00,2024-07-29,videos,False,none,83,Kamala Harris: A Defund the Police Radical,"Click below to subscribe now!
http://www.youtube.com/c/GOP?sub_confirmation=1


http://www.GOP.com",2693,97,26,public,https://www.youtube.com/watch?v=Rb_O-tOjUGU,2026-10-03T08:46:55+00:00
RNC,共和党,党组织,youtube,rnc,UC3o7kbpTUQ5-0WTMIp8sVwA,YTzIqdZnSd8,2024-07-29T20:11:35+00:00,2024-07-29,videos,False,none,90,Kamala Harris Helped Fuel Inflation,"Click below to subscribe now!
http://www.youtube.com/c/GOP?sub_confirmation=1


http://www.GOP.com",891,50,2,public,https://www.youtube.com/watch?v=YTzIqdZnSd8,2026-10-03T08:46:55+00:00
RNC,共和党,党组织,youtube,rnc,UC3o7kbpTUQ5-0WTMIp8sVwA,1NKIFtRkC_g,2024-07-30T01:08:12+00:00,2024-07-29,videos,False,none,67,The Democrat party doesn’t care about democracy!,RNC Co-Chair Lara Trump calls out the Democrat party’s hypocrisy - the Democrat party doesn’t care about democracy!,359,51,10,public,https://www.youtube.com/watch?v=1NKIFtRkC_g,2026-10-03T08:46:55+00:00
RNC,共和党,党组织,youtube,rnc,UC3o7kbpTUQ5-0WTMIp8sVwA,7isKr0xjYEI,2024-07-30T01:10:36+00:00,2024-07-29,videos,False,none,30,Harris is the most radical progressive leftist candidate,"RNC Chairman Whatley: “Kamala Harris is, quite simply put, the most radical progressive leftist candidate that has ever been put on a national ticket.”",324,31,5,public,https://www.youtube.com/watch?v=7isKr0xjYEI,2026-10-03T08:46:55+00:00
RNC,共和党,党组织,youtube,rnc,UC3o7kbpTUQ5-0WTMIp8sVwA,OF-JXkhqs6w,2024-07-30T14:57:18+00:00,2024-07-30,videos,False,none,65,We need Americans across the country to get involved and help Save America!,"RNC Co-Chair Lara Trump: We need Americans across the country to get involved and help Save America!

➡️ ProtectTheVote.com

➡️ TrumpForce47.com",328,38,9,public,https://www.youtube.com/watch?v=OF-JXkhqs6w,2026-10-03T08:46:55+00:00
RNC,共和党,党组织,youtube,rnc,UC3o7kbpTUQ5-0WTMIp8sVwA,dAcr5YggN2g,2024-07-30T15:18:18+00:00,2024-07-30,shorts,False,none,15,Kamala is dangerously liberal,"Don't be fooled. Kamala Harris is a radical. 

She is dangerously liberal.",6752,176,36,public,https://www.youtube.com/watch?v=dAcr5YggN2g,2026-10-03T08:46:55+00:00
RNC,共和党,党组织,youtube,rnc,UC3o7kbpTUQ5-0WTMIp8sVwA,MmCS1tIe01k,2024-07-30T16:05:26+00:00,2024-07-30,shorts,False,none,26,"Kamala and Democrats have only ""delivered"" more hardship for the American people.","Kamala and Democrats have only ""delivered"" more hardship for the American people.",564,88,13,public,https://www.youtube.com/watch?v=MmCS1tIe01k,2026-10-03T08:46:55+00:00
RNC,共和党,党组织,youtube,rnc,UC3o7kbpTUQ5-0WTMIp8sVwA,GxHiZxYFfFs,2024-07-30T21:17:52+00:00,2024-07-30,videos,False,none,93,"Kamala Harris is weak, failed, and dangerously liberal","Kamala Harris is weak, failed, and dangerously liberal.",59518,346,41,public,https://www.youtube.com/watch?v=GxHiZxYFfFs,2026-10-03T08:46:55+00:00
RNC,共和党,党组织,youtube,rnc,UC3o7kbpTUQ5-0WTMIp8sVwA,hWpItrFM5QU,2024-07-30T21:57:12+00:00,2024-07-30,videos,False,none,46,Kamala is wrong for America.,"There is no end to how far Kamala Harris will push her dangerous and radical policies. 

Kamala is wrong for America",752,73,19,public,https://www.youtube.com/watch?v=hWpItrFM5QU,2026-10-03T08:46:55+00:00
RNC,共和党,党组织,youtube,rnc,UC3o7kbpTUQ5-0WTMIp8sVwA,3RnKbtm9Tz4,2024-07-31T14:49:16+00:00,2024-07-31,shorts,False,none,27,Kamala is lying to you.,"Kamala is lying to you. 

On her watch, the tax burden has been raised on Americans making as little as $20,000.",662,114,8,public,https://www.youtube.com/watch?v=3RnKbtm9Tz4,2026-10-03T08:46:55+00:00
RNC,共和党,党组织,youtube,rnc,UC3o7kbpTUQ5-0WTMIp8sVwA,Q1vFx41kgxo,2024-07-31T18:30:28+00:00,2024-07-31,shorts,False,none,21,Kamala Harris urged the Senate to reject additional Border Patrol Agents,"Kamala Harris continues to lie to the American people.

When President Trump requested additional Border Patrol Agents, Kamala Harris urged the Senate to reject his request.",461,53,5,public,https://www.youtube.com/watch?v=Q1vFx41kgxo,2026-10-03T08:46:55+00:00
RNC,共和党,党组织,youtube,rnc,UC3o7kbpTUQ5-0WTMIp8sVwA,zojde-ZxQxk,2024-08-01T17:46:19+00:00,2024-08-01,videos,False,none,64,Kamala Harris unleashed inflation and fueled the worst border crisis in U.S. history!,"RNC Chairman Whatley: Kamala Harris unleashed inflation and fueled the worst border crisis in U.S. history

President Trump is going to secure the southern border, secure our economy, and secure our standing in the world.",497,44,16,public,https://www.youtube.com/watch?v=zojde-ZxQxk,2026-10-03T08:46:55+00:00
RNC,共和党,党组织,youtube,rnc,UC3o7kbpTUQ5-0WTMIp8sVwA,nNXY6ju7v_Q,2024-08-01T19:39:19+00:00,2024-08-01,shorts,False,none,20,"FACT CHECK: Under Harris-Biden, Americans have faced lower wages and skyrocketing inflation.","FACT CHECK: Under Harris-Biden, Americans have faced lower wages and skyrocketing inflation.",712,120,8,public,https://www.youtube.com/watch?v=nNXY6ju7v_Q,2026-10-03T08:46:55+00:00
RNC,共和党,党组织,youtube,rnc,UC3o7kbpTUQ5-0WTMIp8sVwA,_xv7WDJ6Zqs,2024-08-02T14:55:15+00:00,2024-08-02,videos,False,none,29,We are seeing amazing enthusiasm for President Trump on the ground in states across the country!,RNC Chairman Whatley: We are seeing amazing enthusiasm for President Trump on the ground in states across the country!,854,72,39,public,https://www.youtube.com/watch?v=_xv7WDJ6Zqs,2026-10-03T08:46:55+00:00
RNC,共和党,党组织,youtube,rnc,UC3o7kbpTUQ5-0WTMIp8sVwA,aKkESx8Qfp0,2024-08-02T23:34:28+00:00,2024-08-02,shorts,False,none,21,President Trump will protect Medicare and Social Security. Kamala is lying to you!,President Trump will protect Medicare and Social Security. Kamala is lying to you!,810,120,18,public,https://www.youtube.com/watch?v=aKkESx8Qfp0,2026-10-03T08:46:55+00:00
RNC,共和党,党组织,youtube,rnc,UC3o7kbpTUQ5-0WTMIp8sVwA,WXqFZF73vsc,2024-08-04T18:25:26+00:00,2024-08-04,shorts,False,none,29,USA USA USA!🇺🇸,USA USA USA!🇺🇸,832,100,2,public,https://www.youtube.com/watch?v=WXqFZF73vsc,2026-10-03T08:46:55+00:00
RNC,共和党,党组织,youtube,rnc,UC3o7kbpTUQ5-0WTMIp8sVwA,hLNS8-2WKyk,2024-08-05T17:15:12+00:00,2024-08-05,videos,False,none,31,This is the Harris-Biden economic agenda at work,This is the Kamala Harris economic agenda at work #KamalaCrash,755,98,15,public,https://www.youtube.com/watch?v=hLNS8-2WKyk,2026-10-03T08:46:55+00:00
RNC,共和党,党组织,youtube,rnc,UC3o7kbpTUQ5-0WTMIp8sVwA,7TbkQDgHN8A,2024-08-06T16:05:32+00:00,2024-08-06,videos,False,none,114,Harris-Walz is the most dangerously liberal ticket in history.,Harris-Walz is the most dangerously liberal ticket in history.,560,65,12,public,https://www.youtube.com/watch?v=7TbkQDgHN8A,2026-10-03T08:46:55+00:00
RNC,共和党,党组织,youtube,rnc,UC3o7kbpTUQ5-0WTMIp8sVwA,YKJbeeRmZ2M,2024-08-06T18:22:21+00:00,2024-08-06,shorts,False,none,22,Dangerously liberal Harris and Walz support “sanctuary” cities that protect criminal illegal aliens,Dangerously liberal Kamala Harris and Tim Walz support “sanctuary” cities that protect criminal illegal aliens,2592,63,9,public,https://www.youtube.com/watch?v=YKJbeeRmZ2M,2026-10-03T08:46:55+00:00
RNC,共和党,党组织,youtube,rnc,UC3o7kbpTUQ5-0WTMIp8sVwA,PIV6LEa7L_M,2024-08-06T23:15:17+00:00,2024-08-06,shorts,False,none,17,"""Radical"" Kamala 🤝 Socialist Walz","""Radical"" Kamala 🤝 Socialist Walz",2718,93,11,public,https://www.youtube.com/watch?v=PIV6LEa7L_M,2026-10-03T08:46:55+00:00
RNC,共和党,党组织,youtube,rnc,UC3o7kbpTUQ5-0WTMIp8sVwA,5g84IuEBYAA,2024-08-07T01:14:39+00:00,2024-08-06,videos,False,none,92,Kamala Harris and Tim Walz “are the most far-left radical ticket” ever!,RNC Co-Chair Lara Trump: Kamala Harris and Tim Walz “are the most far-left radical ticket in the history of American politics.”,528,69,9,public,https://www.youtube.com/watch?v=5g84IuEBYAA,2026-10-03T08:46:55+00:00
RNC,共和党,党组织,youtube,rnc,UC3o7kbpTUQ5-0WTMIp8sVwA,WyCavZoNHU4,2024-08-07T13:36:51+00:00,2024-08-07,videos,False,none,93,Harris-Walz watched as Minneapolis burned.,"Tim Walz allowed rioters to burn Minneapolis to the ground.

Kamala Harris bailed the few that were arrested out of jail.",595,68,17,public,https://www.youtube.com/watch?v=WyCavZoNHU4,2026-10-03T08:46:55+00:00
RNC,共和党,党组织,youtube,rnc,UC3o7kbpTUQ5-0WTMIp8sVwA,2cP4W_oXKGg,2024-08-07T18:15:34+00:00,2024-08-07,videos,False,none,61,Harris AND Walz both knowingly covered up Biden's cognitive decline.,"Harris AND Walz both knowingly covered up Biden's cognitive decline. 

They lied to the American people and put our country at risk!",598,56,12,public,https://www.youtube.com/watch?v=2cP4W_oXKGg,2026-10-03T08:46:55+00:00
RNC,共和党,党组织,youtube,rnc,UC3o7kbpTUQ5-0WTMIp8sVwA,exe4VycgsBM,2024-08-07T20:33:33+00:00,2024-08-07,shorts,False,none,30,JD Vance Speaks to Reporters Since Kamala Won't,,8976,174,32,public,https://www.youtube.com/watch?v=exe4VycgsBM,2026-10-03T08:46:55+00:00
RNC,共和党,党组织,youtube,rnc,UC3o7kbpTUQ5-0WTMIp8sVwA,Dj69tvtSNn8,2024-08-07T21:27:28+00:00,2024-08-07,shorts,False,none,28,"Tim Walz was asked by his country to go to Iraq, he dropped out","""When the US Marine Corps asked me to go to Iraq to serve my country, I did it...When Tim Walz was asked by his country to go to Iraq, he dropped out."" - JD Vance",2198,119,19,public,https://www.youtube.com/watch?v=Dj69tvtSNn8,2026-10-03T08:46:55+00:00
RNC,共和党,党组织,youtube,rnc,UC3o7kbpTUQ5-0WTMIp8sVwA,cpLFLOpLZsE,2024-08-08T00:13:17+00:00,2024-08-07,shorts,False,none,27,"Even CNN called it ""absolutely false"" that Tim Walz ""carried"" weapons ""in war.""","Even CNN called it ""absolutely false"" that Tim Walz ""carried"" weapons ""in war.""",971,86,6,public,https://www.youtube.com/watch?v=cpLFLOpLZsE,2026-10-03T08:46:55+00:00
RNC,共和党,党组织,youtube,rnc,UC3o7kbpTUQ5-0WTMIp8sVwA,w6PAVDSgK1I,2024-08-08T17:48:48+00:00,2024-08-08,shorts,False,none,18,Tim Walz lies.,Tim Walz lies.,714,93,11,public,https://www.youtube.com/watch?v=w6PAVDSgK1I,2026-10-03T08:46:55+00:00
RNC,共和党,党组织,youtube,rnc,UC3o7kbpTUQ5-0WTMIp8sVwA,DhLx9XCLqbk,2024-08-08T19:48:44+00:00,2024-08-08,shorts,False,none,23,President Trump will unleash American energy and Make America Energy Dominant Again!,"Kamala co-sponsored the radical Green New Deal that would destroy American energy production and cost $93 trillion. 

President Trump will unleash American energy and Make America Energy Dominant Again!",686,83,7,public,https://www.youtube.com/watch?v=DhLx9XCLqbk,2026-10-03T08:46:55+00:00
RNC,共和党,党组织,youtube,rnc,UC3o7kbpTUQ5-0WTMIp8sVwA,A-k90HFEk0Y,2024-08-08T22:19:21+00:00,2024-08-08,shorts,False,none,16,"President Trump: ""'Sanctuary cities' is a way of protecting criminals.”","President Trump: “We should not have 'sanctuary cities.' 'Sanctuary cities' is a way of protecting criminals.”

Kamala Harris: “I support our 'sanctuary' law.”",11563,711,79,public,https://www.youtube.com/watch?v=A-k90HFEk0Y,2026-10-03T08:46:55+00:00
RNC,共和党,党组织,youtube,rnc,UC3o7kbpTUQ5-0WTMIp8sVwA,JoIIuPKcDR4,2024-08-09T17:49:30+00:00,2024-08-09,videos,False,none,60,Georgia is Trump country!,Georgia is Trump country!,825,99,25,public,https://www.youtube.com/watch?v=JoIIuPKcDR4,2026-10-03T08:46:55+00:00
RNC,共和党,党组织,youtube,rnc,UC3o7kbpTUQ5-0WTMIp8sVwA,ZzYODSPTw64,2024-08-09T22:12:40+00:00,2024-08-09,shorts,False,none,31,President Trump: We will Make American Safe Again by enforcing our border laws.,"Kamala Harris: ""An undocumented immigrant is not a criminal."" 

President Trump: We will Make American Safe Again by enforcing our border laws.",823,114,16,public,https://www.youtube.com/watch?v=ZzYODSPTw64,2026-10-03T08:46:55+00:00
RNC,共和党,党组织,youtube,rnc,UC3o7kbpTUQ5-0WTMIp8sVwA,pK62QUkfMLY,2024-08-10T18:07:16+00:00,2024-08-10,videos,False,none,41,USA USA USA! 🇺🇸,USA USA USA! 🇺🇸,735,109,19,public,https://www.youtube.com/watch?v=pK62QUkfMLY,2026-10-03T08:46:55+00:00
RNC,共和党,党组织,youtube,rnc,UC3o7kbpTUQ5-0WTMIp8sVwA,_auF3JcPZoM,2024-08-10T20:18:17+00:00,2024-08-10,videos,False,none,55,"""People want safety. They want security. They want respect around the world for our country.""","""People want safety. They want security. They want respect around the world for our country."" -President Trump",638,86,18,public,https://www.youtube.com/watch?v=_auF3JcPZoM,2026-10-03T08:46:55+00:00
RNC,共和党,党组织,youtube,rnc,UC3o7kbpTUQ5-0WTMIp8sVwA,hCI2pM5eqAo,2024-08-11T20:21:16+00:00,2024-08-11,videos,False,none,38,The RNC has filed over 100 election integrity lawsuits this cycle.,"The RNC has filed over 100 election integrity lawsuits this cycle.

Chairman Whatley discuses the RNC and Trump Campaign’s unprecedented EI program.",834,89,18,public,https://www.youtube.com/watch?v=hCI2pM5eqAo,2026-10-03T08:46:55+00:00
RNC,共和党,党组织,youtube,rnc,UC3o7kbpTUQ5-0WTMIp8sVwA,2xNOfbESr4k,2024-08-12T23:35:18+00:00,2024-08-12,shorts,False,none,22,Harris has been in office for over 3.5 years. She has only raised prices on the American people!,Kamala Harris has been in office for over 3.5 years. She has only raised prices on the American people!,599,73,10,public,https://www.youtube.com/watch?v=2xNOfbESr4k,2026-10-03T08:46:55+00:00
RNC,共和党,党组织,youtube,rnc,UC3o7kbpTUQ5-0WTMIp8sVwA,U_9I9Jjf0ao,2024-08-13T13:52:09+00:00,2024-08-13,videos,False,none,36,RNC Co-Chair Lara Trump calls out Harris for not answering questions,RNC Co-Chair Lara Trump calls out Kamala Harris for not answering questions and not having a single policy page on her website,301,34,4,public,https://www.youtube.com/watch?v=U_9I9Jjf0ao,2026-10-03T08:46:55+00:00
RNC,共和党,党组织,youtube,rnc,UC3o7kbpTUQ5-0WTMIp8sVwA,aFxvkWF_Na4,2024-08-13T15:03:24+00:00,2024-08-13,videos,False,none,63,"The RNC has 157,000 people who have volunteered!","RNC Co-Chair Lara Trump: “Chairman Whatley, the chairman of the RNC, and I pledged 100,000 volunteers as part of our election integrity program … right now, we have 157,000 people who have volunteered.”",391,49,7,public,https://www.youtube.com/watch?v=aFxvkWF_Na4,2026-10-03T08:46:55+00:00
RNC,共和党,党组织,youtube,rnc,UC3o7kbpTUQ5-0WTMIp8sVwA,CWaz6PcQ2G4,2024-08-13T17:52:26+00:00,2024-08-13,videos,False,none,73,RNC Co-Chair @LaraLeaTrump: “Only Americans should be voting in our elections!”,RNC Co-Chair Lara Trump: “Only Americans should be voting in our elections!”,422,40,13,public,https://www.youtube.com/watch?v=CWaz6PcQ2G4,2026-10-03T08:46:55+00:00
RNC,共和党,党组织,youtube,rnc,UC3o7kbpTUQ5-0WTMIp8sVwA,DLlbM0G4914,2024-08-13T20:37:21+00:00,2024-08-13,shorts,False,none,24,The only thing Kamala has been consistent about is lying.,"Kamala Harris cannot hide from her record on the border.

The only thing Kamala has been consistent about is lying.",577,89,6,public,https://www.youtube.com/watch?v=DLlbM0G4914,2026-10-03T08:46:55+00:00
RNC,共和党,党组织,youtube,rnc,UC3o7kbpTUQ5-0WTMIp8sVwA,ob0O45yeFnc,2024-08-14T19:51:47+00:00,2024-08-14,shorts,False,none,25,Prices are up over 20% and families are falling behind under Harris-Biden.,"Prices are up over 20% and families are falling behind under Harris-Biden.

Things would only get worse with her at the helm",529,61,9,public,https://www.youtube.com/watch?v=ob0O45yeFnc,2026-10-03T08:46:55+00:00
RNC,共和党,党组织,youtube,rnc,UC3o7kbpTUQ5-0WTMIp8sVwA,P-bF3COlLS4,2024-08-15T00:27:01+00:00,2024-08-14,shorts,False,none,20,"""‘Day One’ for Kamala was 3 and a half years ago.”","“Kamala has declared that tackling inflation will be a ‘Day One priority’… but ‘Day One’ for Kamala was 3 and a half years ago.”

-President Trump",10447,678,85,public,https://www.youtube.com/watch?v=P-bF3COlLS4,2026-10-03T08:46:55+00:00
RNC,共和党,党组织,youtube,rnc,UC3o7kbpTUQ5-0WTMIp8sVwA,lmPFSH81zLQ,2024-08-15T19:02:24+00:00,2024-08-15,shorts,False,none,21,Kamala Harris has  been the architect for skyrocketing inflation from the beginning.,Kamala Harris has been in office for over 3.5 years and she has been the architect for skyrocketing inflation from the beginning.,598,79,5,public,https://www.youtube.com/watch?v=lmPFSH81zLQ,2026-10-03T08:46:55+00:00
RNC,共和党,党组织,youtube,rnc,UC3o7kbpTUQ5-0WTMIp8sVwA,cwvdYx_X-_4,2024-08-16T01:23:10+00:00,2024-08-15,videos,False,none,92,RNC Co-Chair Lara Trump: “We want people to get out and we want them to bank their vote.”,RNC Co-Chair Lara Trump: “We want people to get out and we want them to bank their vote.”,473,48,6,public,https://www.youtube.com/watch?v=cwvdYx_X-_4,2026-10-03T08:46:55+00:00
RNC,共和党,党组织,youtube,rnc,UC3o7kbpTUQ5-0WTMIp8sVwA,XqIyrfwauOY,2024-08-16T01:54:17+00:00,2024-08-15,videos,False,none,37,RNC Chairman Whatley: “What he wants to do is leave more money in Americans’ pockets.”,"RNC Chairman Whatley: Vote Trump for no tax on tips and no tax on Social Security for seniors!

“What he wants to do is leave more money in Americans’ pockets.”",423,44,9,public,https://www.youtube.com/watch?v=XqIyrfwauOY,2026-10-03T08:46:55+00:00
RNC,共和党,党组织,youtube,rnc,UC3o7kbpTUQ5-0WTMIp8sVwA,POQYWfHk-TU,2024-08-16T14:30:11+00:00,2024-08-16,shorts,False,none,19,“This announcement is an admission that her economic policies have totally failed.”,,1955,120,21,public,https://www.youtube.com/watch?v=POQYWfHk-TU,2026-10-03T08:46:55+00:00
RNC,共和党,党组织,youtube,rnc,UC3o7kbpTUQ5-0WTMIp8sVwA,6lXCtni9CaA,2024-08-16T17:17:21+00:00,2024-08-16,shorts,False,none,18,"""But Day One, really, for Kamala was three and a half years ago.""",,4201,232,69,public,https://www.youtube.com/watch?v=6lXCtni9CaA,2026-10-03T08:46:55+00:00
RNC,共和党,党组织,youtube,rnc,UC3o7kbpTUQ5-0WTMIp8sVwA,Im_tsoYyiCY,2024-08-17T00:59:27+00:00,2024-08-16,videos,False,none,59,We’re beating the Democrats in voter registration all across this country.”,RNC Co-Chair Lara Trump: “We've opened over 300 offices across this country right now. We have boots on the ground. We have voter registration through the roof. We’re beating the Democrats in voter registration all across this country.”,832,84,13,public,https://www.youtube.com/watch?v=Im_tsoYyiCY,2026-10-03T08:46:55+00:00
RNC,共和党,党组织,youtube,rnc,UC3o7kbpTUQ5-0WTMIp8sVwA,KgC0wxxue9I,2024-08-17T20:19:25+00:00,2024-08-17,videos,False,none,56,KAMALA HARRIS OWNS BIDENOMICS,KAMALA HARRIS OWNS BIDENOMICS,793,69,7,public,https://www.youtube.com/watch?v=KgC0wxxue9I,2026-10-03T08:46:55+00:00
RNC,共和党,党组织,youtube,rnc,UC3o7kbpTUQ5-0WTMIp8sVwA,tMYfPlXnlMo,2024-08-18T00:17:17+00:00,2024-08-17,videos,False,none,60,President Trump will bring back the American Dream!,President Trump will bring back the American Dream!,1130,71,14,public,https://www.youtube.com/watch?v=tMYfPlXnlMo,2026-10-03T08:46:55+00:00
RNC,共和党,党组织,youtube,rnc,UC3o7kbpTUQ5-0WTMIp8sVwA,Wq3hWEgfhfM,2024-08-18T16:11:24+00:00,2024-08-18,shorts,False,none,37,Under President Trump America will lead the way!,Under President Trump America will lead the way!,3190,183,49,public,https://www.youtube.com/watch?v=Wq3hWEgfhfM,2026-10-03T08:46:55+00:00
RNC,共和党,党组织,youtube,rnc,UC3o7kbpTUQ5-0WTMIp8sVwA,Dkz-Sk0sC-s,2024-08-18T23:27:29+00:00,2024-08-18,videos,False,none,55,Kamala Harris is trying to run away from her dangerously liberal record!,"RNC Chairman Whatley: Kamala Harris is trying to run away from her dangerously liberal record, but the inflation and chaos under the Harris-Biden administration is a result of her tenure as vice president.",586,53,7,public,https://www.youtube.com/watch?v=Dkz-Sk0sC-s,2026-10-03T08:46:55+00:00
RNC,共和党,党组织,youtube,rnc,UC3o7kbpTUQ5-0WTMIp8sVwA,P-HmOa8Eq8Y,2024-08-20T12:56:14+00:00,2024-08-20,videos,False,none,88,"""We have put together the most aggressive election integrity program in the history of America!""","RNC Co-Chair Lara Trump: “We have put together the most aggressive election integrity program in the history of America…We have 157,000 people that we have gotten on our volunteer team to be part of this program, ProtectTheVote.com.",587,49,16,public,https://www.youtube.com/watch?v=P-HmOa8Eq8Y,2026-10-03T08:46:55+00:00
RNC,共和党,党组织,youtube,rnc,UC3o7kbpTUQ5-0WTMIp8sVwA,xj5mgER47RI,2024-08-20T14:10:01+00:00,2024-08-20,shorts,False,none,16,Tim Walz let rioters burn Minneapolis to the ground!,"""The closest Tim Walz has ever come to combat is when he let rioters burn Minneapolis to the ground.""",632,81,22,public,https://www.youtube.com/watch?v=xj5mgER47RI,2026-10-03T08:46:55+00:00
RNC,共和党,党组织,youtube,rnc,UC3o7kbpTUQ5-0WTMIp8sVwA,cqBFQyAiz7s,2024-08-20T15:51:27+00:00,2024-08-20,shorts,False,none,20,The Harris-Biden administration have left our border wide open and put Americans at risk!,The Harris-Biden administration have left our border wide open and put Americans at risk!,573,88,7,public,https://www.youtube.com/watch?v=cqBFQyAiz7s,2026-10-03T08:46:55+00:00
RNC,共和党,党组织,youtube,rnc,UC3o7kbpTUQ5-0WTMIp8sVwA,rGnHLxw6Tzs,2024-08-20T19:58:19+00:00,2024-08-20,shorts,False,none,19,VOTE TRUMP FOR NO TAX ON SOCIAL SECURITY!,VOTE TRUMP FOR NO TAX ON SOCIAL SECURITY!,2938,248,38,public,https://www.youtube.com/watch?v=rGnHLxw6Tzs,2026-10-03T08:46:55+00:00
RNC,共和党,党组织,youtube,rnc,UC3o7kbpTUQ5-0WTMIp8sVwA,0jCNLLp5F8g,2024-08-20T23:50:29+00:00,2024-08-20,videos,False,none,30,"Voters want a secure border, a booming economy, and a strong America.","RNC @ChairmanWhatley: Voters want a secure border, a booming economy, and a strong America.

“Donald Trump out polls Kamala Harris on every single one of those issues.”",401,50,10,public,https://www.youtube.com/watch?v=0jCNLLp5F8g,2026-10-03T08:46:55+00:00
RNC,共和党,党组织,youtube,rnc,UC3o7kbpTUQ5-0WTMIp8sVwA,YxEOy5VJ53w,2024-08-21T13:29:17+00:00,2024-08-21,shorts,False,none,33,Kamala has had over 3.5 years to help the American people. She fueled inflation instead.,"Kamala has had over 3.5 years to help the American people. She fueled inflation instead.

On November 5th, we will FIRE Kamala!",615,89,9,public,https://www.youtube.com/watch?v=YxEOy5VJ53w,2026-10-03T08:46:55+00:00
RNC,共和党,党组织,youtube,rnc,UC3o7kbpTUQ5-0WTMIp8sVwA,i3L7qINAQhU,2024-08-21T15:35:26+00:00,2024-08-21,shorts,False,none,15,Kamala Harris was the last person in the room.,"Kamala Harris was the last person in the room for the ""single most embarrassing day in the history of our country.""",16656,786,170,public,https://www.youtube.com/watch?v=i3L7qINAQhU,2026-10-03T08:46:55+00:00
RNC,共和党,党组织,youtube,rnc,UC3o7kbpTUQ5-0WTMIp8sVwA,q18SktG_7vU,2024-08-21T16:10:36+00:00,2024-08-21,videos,False,none,50,Republicans are united behind President Trump while Democrats are hiding,"RNC Chairman Whatley: Republicans are united behind President Trump while Democrats are hiding the most unpopular, radical progressive ticket in American history.",556,42,11,public,https://www.youtube.com/watch?v=q18SktG_7vU,2026-10-03T08:46:55+00:00
RNC,共和党,党组织,youtube,rnc,UC3o7kbpTUQ5-0WTMIp8sVwA,xcVd4za3Cv0,2024-08-21T23:07:37+00:00,2024-08-21,videos,False,none,70,Walz has a lot to answer for,Walz has a lot to answer for,581,75,7,public,https://www.youtube.com/watch?v=xcVd4za3Cv0,2026-10-03T08:46:55+00:00
RNC,共和党,党组织,youtube,rnc,UC3o7kbpTUQ5-0WTMIp8sVwA,wlGAdczPIdQ,2024-08-22T00:34:16+00:00,2024-08-21,shorts,False,none,59,Stolen Valor Tim Walz!,,503,78,8,public,https://www.youtube.com/watch?v=wlGAdczPIdQ,2026-10-03T08:46:55+00:00
RNC,共和党,党组织,youtube,rnc,UC3o7kbpTUQ5-0WTMIp8sVwA,NcD8GKLNAZ4,2024-08-22T13:17:56+00:00,2024-08-22,videos,False,none,47,Kamala Harris is afraid!,RNC Co-Chair Lara Trump: President Trump takes questions from everyone. Kamala Harris is afraid to take questions from anyone at all.,636,55,15,public,https://www.youtube.com/watch?v=NcD8GKLNAZ4,2026-10-03T08:46:55+00:00
RNC,共和党,党组织,youtube,rnc,UC3o7kbpTUQ5-0WTMIp8sVwA,Wtu81nx01bI,2024-08-22T14:15:36+00:00,2024-08-22,shorts,False,none,35,Latino Americans are being left behind by Kamala Harris!,,740,45,3,public,https://www.youtube.com/watch?v=Wtu81nx01bI,2026-10-03T08:46:55+00:00
RNC,共和党,党组织,youtube,rnc,UC3o7kbpTUQ5-0WTMIp8sVwA,iJ0KxyUgGHY,2024-08-22T17:04:18+00:00,2024-08-22,shorts,False,none,13,Kamala Harris would destroy Pennsylvania by banning fracking!,Kamala Harris would destroy Pennsylvania by banning fracking and ruin our country even more so than she already has!,3050,159,18,public,https://www.youtube.com/watch?v=iJ0KxyUgGHY,2026-10-03T08:46:55+00:00
RNC,共和党,党组织,youtube,rnc,UC3o7kbpTUQ5-0WTMIp8sVwA,0lvlT1mM4Es,2024-08-22T22:17:48+00:00,2024-08-22,shorts,False,none,23,Kamala Harris would repeal President Trump's middle-class tax cuts!,Kamala Harris would repeal President Trump's middle-class tax cuts!,1374,67,12,public,https://www.youtube.com/watch?v=0lvlT1mM4Es,2026-10-03T08:46:55+00:00
RNC,共和党,党组织,youtube,rnc,UC3o7kbpTUQ5-0WTMIp8sVwA,1MzkNidl89s,2024-08-23T00:04:04+00:00,2024-08-22,videos,False,none,110,RNC Co-Chair Lara Trump summarizes the whole DNC: The Democrats Are Lying,"RNC Co-Chair Lara Trump summarizes the whole DNC:

“[Democrats] can't actually operate in truth and reality, because the truth is, no one wants to buy what they're selling…they know they cannot be honest, so they lie.”",503,52,6,public,https://www.youtube.com/watch?v=1MzkNidl89s,2026-10-03T08:46:55+00:00
RNC,共和党,党组织,youtube,rnc,UC3o7kbpTUQ5-0WTMIp8sVwA,8-k6GRIj-Jc,2024-08-23T02:59:13+00:00,2024-08-22,shorts,False,none,21,Kamala lies!,Kamala lies!,704,105,12,public,https://www.youtube.com/watch?v=8-k6GRIj-Jc,2026-10-03T08:46:55+00:00
RNC,共和党,党组织,youtube,rnc,UC3o7kbpTUQ5-0WTMIp8sVwA,wwW71hiQscU,2024-08-23T03:58:21+00:00,2024-08-22,videos,False,none,53,Trump 2024!,Trump 2024!,1144,128,19,public,https://www.youtube.com/watch?v=wwW71hiQscU,2026-10-03T08:46:55+00:00
RNC,共和党,党组织,youtube,rnc,UC3o7kbpTUQ5-0WTMIp8sVwA,po2t2qrV9qk,2024-08-23T17:29:27+00:00,2024-08-23,shorts,False,none,22,Kamala is NOT for the middle-class!,"Kamala Harris has already raised prices on American families over 20% and has repeatedly said she would repeal President Trump's middle-class tax cuts

She is not for the middle-class!",3256,130,39,public,https://www.youtube.com/watch?v=po2t2qrV9qk,2026-10-03T08:46:55+00:00
RNC,共和党,党组织,youtube,rnc,UC3o7kbpTUQ5-0WTMIp8sVwA,44TzM-6nA8o,2024-08-23T18:20:38+00:00,2024-08-23,shorts,False,none,34,Kamala Harris purposefully lied and covered up Biden's decline.,"Kamala Harris purposefully lied and covered up Biden's decline. 

She put our country at risk in doing so.",748,78,4,public,https://www.youtube.com/watch?v=44TzM-6nA8o,2026-10-03T08:46:55+00:00
RNC,共和党,党组织,youtube,rnc,UC3o7kbpTUQ5-0WTMIp8sVwA,uxkNJRNg2Zs,2024-08-23T22:48:30+00:00,2024-08-23,videos,False,none,62,Kamala owns the disastrous Afghanistan withdrawal.,Kamala owns the disastrous Afghanistan withdrawal.,700,54,16,public,https://www.youtube.com/watch?v=uxkNJRNg2Zs,2026-10-03T08:46:55+00:00
RNC,共和党,党组织,youtube,rnc,UC3o7kbpTUQ5-0WTMIp8sVwA,lsZBq_uNuq8,2024-08-24T13:36:17+00:00,2024-08-24,shorts,False,none,37,Kamala Harris has left our borders wide open!,Kamala Harris has left our borders wide open!,594,79,20,public,https://www.youtube.com/watch?v=lsZBq_uNuq8,2026-10-03T08:46:55+00:00
RNC,共和党,党组织,youtube,rnc,UC3o7kbpTUQ5-0WTMIp8sVwA,pJVz_FEPtP8,2024-08-25T19:31:15+00:00,2024-08-25,shorts,False,none,23,Border Czar Harris would make the border crisis ever worse!,Border Czar Harris would make the border crisis ever worse!,852,57,10,public,https://www.youtube.com/watch?v=pJVz_FEPtP8,2026-10-03T08:46:55+00:00
RNC,共和党,党组织,youtube,rnc,UC3o7kbpTUQ5-0WTMIp8sVwA,nh-eV4pIDt4,2024-08-25T22:54:00+00:00,2024-08-25,videos,False,none,158,Co-Chair Lara Trump details the RNC's unprecedented election integrity program!,RNC Co-Chair Lara Trump details the RNC's unprecedented election integrity program!,670,93,18,public,https://www.youtube.com/watch?v=nh-eV4pIDt4,2026-10-03T08:46:55+00:00
RNC,共和党,党组织,youtube,rnc,UC3o7kbpTUQ5-0WTMIp8sVwA,xORWfzjn0N0,2024-08-26T19:57:28+00:00,2024-08-26,shorts,False,none,45,President Trump is uniting America!,"President Trump is uniting America!

""I am committed to doing all that I can to send President Trump back to the White House."" - Former Democrat Rep. Tulsi Gabbard",2486,88,12,public,https://www.youtube.com/watch?v=xORWfzjn0N0,2026-10-03T08:46:55+00:00
RNC,共和党,党组织,youtube,rnc,UC3o7kbpTUQ5-0WTMIp8sVwA,A5JPFPz-TfA,2024-08-27T13:30:41+00:00,2024-08-27,videos,False,none,64,Monumental Endorsment for President Trump!,RNC Co-Chair Lara Trump: “I actually don't think you can overstate how monumental it was to receive this RFK Jr. endorsement on Friday for Donald Trump. This is a guy in RFK Jr. whose family name is synonymous with the Democrat party.”,352,48,10,public,https://www.youtube.com/watch?v=A5JPFPz-TfA,2026-10-03T08:46:55+00:00
RNC,共和党,党组织,youtube,rnc,UC3o7kbpTUQ5-0WTMIp8sVwA,alMR7SAoqFk,2024-08-27T15:15:32+00:00,2024-08-27,shorts,False,none,48,"Under President Trump, we had peace through strength!","Under President Trump, we had peace through strength!",4008,312,32,public,https://www.youtube.com/watch?v=alMR7SAoqFk,2026-10-03T08:46:55+00:00
RNC,共和党,党组织,youtube,rnc,UC3o7kbpTUQ5-0WTMIp8sVwA,mDR_swzy5X4,2024-08-27T16:07:24+00:00,2024-08-27,videos,False,none,57,This is why you can’t trust Kamala!,"RNC Chairman Whatley explains why you can’t trust Kamala!

“If you take it at face value, basically what she's saying is, every single major issue over the course of her tenure in the Senate, and her tenure in the White House, she’s now admitting that she was wrong on those.”",476,46,12,public,https://www.youtube.com/watch?v=mDR_swzy5X4,2026-10-03T08:46:55+00:00
RNC,共和党,党组织,youtube,rnc,UC3o7kbpTUQ5-0WTMIp8sVwA,6NuyKNfVqQE,2024-08-27T17:48:20+00:00,2024-08-27,shorts,False,none,25,Americans can't afford 4 more years of Kamala's dangerously liberal policies.,"Kamala is lying. Her policies have already led to increased taxes and prices.

Americans can't afford 4 more years of Kamala's dangerously liberal policies.",1691,89,18,public,https://www.youtube.com/watch?v=6NuyKNfVqQE,2026-10-03T08:46:55+00:00
RNC,共和党,党组织,youtube,rnc,UC3o7kbpTUQ5-0WTMIp8sVwA,SevoSYJhLhU,2024-08-28T13:32:23+00:00,2024-08-28,videos,False,none,42,President Trump is ready to debate and is ready to win!,RNC Co-Chair Lara Trump: President Trump is ready to debate and is ready to win!,367,46,14,public,https://www.youtube.com/watch?v=SevoSYJhLhU,2026-10-03T08:46:55+00:00
RNC,共和党,党组织,youtube,rnc,UC3o7kbpTUQ5-0WTMIp8sVwA,G_RDnS62lss,2024-08-28T14:31:19+00:00,2024-08-28,shorts,False,none,21,Kamala Harris has destroyed the American dream!,"Under Kamala Harris, housing costs have hit record highs and Americans can't afford to buy. 

Kamala Harris has destroyed the American dream!",571,62,16,public,https://www.youtube.com/watch?v=G_RDnS62lss,2026-10-03T08:46:55+00:00
RNC,共和党,党组织,youtube,rnc,UC3o7kbpTUQ5-0WTMIp8sVwA,fn49GkOsZhY,2024-08-28T18:52:21+00:00,2024-08-28,videos,False,none,43,Your vote matters and your vote counts!,"Co-Chair Lara Trump on the RNC's unprecedented election integrity program:

""We're doing everything we possibly can making sure that people are confident that no matter if you're voting for a Republican, a Democrat, or a third party... your vote matters and your vote counts.""",332,48,10,public,https://www.youtube.com/watch?v=fn49GkOsZhY,2026-10-03T08:46:55+00:00
RNC,共和党,党组织,youtube,rnc,UC3o7kbpTUQ5-0WTMIp8sVwA,8qtmUsxXamI,2024-08-28T19:48:43+00:00,2024-08-28,shorts,False,none,42,Kamala Harris is disgraceful.,,562,96,3,public,https://www.youtube.com/watch?v=8qtmUsxXamI,2026-10-03T08:46:55+00:00
RNC,共和党,党组织,youtube,rnc,UC3o7kbpTUQ5-0WTMIp8sVwA,50Rv4DjQWuI,2024-08-28T20:29:47+00:00,2024-08-28,shorts,False,none,36,Comrade Kamala wants to bring failed communist policies to the United States!,Comrade Kamala wants to bring failed communist policies to the United States!,558,73,5,public,https://www.youtube.com/watch?v=50Rv4DjQWuI,2026-10-03T08:46:55+00:00
RNC,共和党,党组织,youtube,rnc,UC3o7kbpTUQ5-0WTMIp8sVwA,yepXraPMogo,2024-08-29T18:48:27+00:00,2024-08-29,shorts,False,none,32,Kamala Harris is lying - She wants to abolish ICE!,"Kamala Harris is lying - She wants to abolish ICE!

""There's no question we've got to critically reexamine ICE and it's role...and we need to probably think about starting from scratch."" -Kamala Harris",1062,82,10,public,https://www.youtube.com/watch?v=yepXraPMogo,2026-10-03T08:46:55+00:00
RNC,共和党,党组织,youtube,rnc,UC3o7kbpTUQ5-0WTMIp8sVwA,Lps5-qjFwhg,2024-08-29T22:15:40+00:00,2024-08-29,shorts,False,none,17,Her views are the same as they always have been. Radical!,Her views are the same as they always have been. Radical!,7402,198,49,public,https://www.youtube.com/watch?v=Lps5-qjFwhg,2026-10-03T08:46:55+00:00
RNC,共和党,党组织,youtube,rnc,UC3o7kbpTUQ5-0WTMIp8sVwA,x5e51EBhMZw,2024-08-30T00:05:55+00:00,2024-08-29,videos,False,none,141,"“We have gone above and beyond anything that you’ve ever seen before in political history""","RNC Co-Chair Lara Trump: “We have gone above and beyond anything that you’ve ever seen before in political history. We have 165,000 volunteers thus far to be part of our election integrity operation.”",369,52,16,public,https://www.youtube.com/watch?v=x5e51EBhMZw,2026-10-03T08:46:55+00:00
RNC,共和党,党组织,youtube,rnc,UC3o7kbpTUQ5-0WTMIp8sVwA,x6fhSqNmEL0,2024-08-30T00:30:36+00:00,2024-08-29,videos,False,none,57,“My values have not changed.”,“My values have not changed.”,8450,461,119,public,https://www.youtube.com/watch?v=x6fhSqNmEL0,2026-10-03T08:46:55+00:00
RNC,共和党,党组织,youtube,rnc,UC3o7kbpTUQ5-0WTMIp8sVwA,itJLtoxGYog,2024-08-30T13:29:58+00:00,2024-08-30,videos,False,none,75,Kamala Harris’s interview was a DISASTER for Kamala!,RNC Co-Chair Lara Trump: Kamala Harris’s interview was a DISASTER for Kamala.,2515,139,37,public,https://www.youtube.com/watch?v=itJLtoxGYog,2026-10-03T08:46:55+00:00
RNC,共和党,党组织,youtube,rnc,UC3o7kbpTUQ5-0WTMIp8sVwA,wzGWJKErkzM,2024-08-30T16:13:21+00:00,2024-08-30,shorts,False,none,12,"There is ""no question"" Kamala WILL ban fracking!","In reality, Kamala Harris hasn't changed and neither have her values. 

There is ""no question"" she WILL ban fracking.",10342,436,77,public,https://www.youtube.com/watch?v=wzGWJKErkzM,2026-10-03T08:46:55+00:00
RNC,共和党,党组织,youtube,rnc,UC3o7kbpTUQ5-0WTMIp8sVwA,93dyoe6hhNw,2024-08-30T21:46:17+00:00,2024-08-30,videos,False,none,10,The American people are waiting for a real answer!,The American people are waiting for a real answer!,682,40,10,public,https://www.youtube.com/watch?v=93dyoe6hhNw,2026-10-03T08:46:55+00:00
RNC,共和党,党组织,youtube,rnc,UC3o7kbpTUQ5-0WTMIp8sVwA,sszbvR3OcVU,2024-08-30T22:35:16+00:00,2024-08-30,shorts,False,none,37,Kamala has ALWAYS been in favor of banning fracking!,"FACT CHECK 🚨

Kamala has ALWAYS been in favor of banning fracking!",959,124,6,public,https://www.youtube.com/watch?v=sszbvR3OcVU,2026-10-03T08:46:55+00:00
RNC,共和党,党组织,youtube,rnc,UC3o7kbpTUQ5-0WTMIp8sVwA,KtU_8EqWRq8,2024-09-02T15:15:22+00:00,2024-09-02,shorts,False,none,21,Kamala Harris is directly responsible for skyrocketing inflation,Kamala Harris is directly responsible for skyrocketing inflation and Americans' economic pain!,357,41,13,public,https://www.youtube.com/watch?v=KtU_8EqWRq8,2026-10-03T08:46:55+00:00
RNC,共和党,党组织,youtube,rnc,UC3o7kbpTUQ5-0WTMIp8sVwA,9fCrQRaihcs,2024-09-03T16:22:21+00:00,2024-09-03,shorts,False,none,27,Bidenomics is Kamalanomics and it's NOT WORKING FOR AMERICA!,Bidenomics is Kamalanomics and it's NOT WORKING FOR AMERICA!,232,20,5,public,https://www.youtube.com/watch?v=9fCrQRaihcs,2026-10-03T08:46:55+00:00
RNC,共和党,党组织,youtube,rnc,UC3o7kbpTUQ5-0WTMIp8sVwA,CfSwFMsZ0Ew,2024-09-03T20:46:24+00:00,2024-09-03,shorts,False,none,30,"Kamala says one thing, the facts say another.","Kamala says one thing, the facts say another.

Kamala is making America less safe and laughing about it",420,45,6,public,https://www.youtube.com/watch?v=CfSwFMsZ0Ew,2026-10-03T08:46:55+00:00
RNC,共和党,党组织,youtube,rnc,UC3o7kbpTUQ5-0WTMIp8sVwA,OPMDT7ClDMg,2024-09-03T21:25:20+00:00,2024-09-03,shorts,False,none,20,Kamala and Walz can't help themselves but lie,Kamala and Walz can't help themselves but lie,550,70,6,public,https://www.youtube.com/watch?v=OPMDT7ClDMg,2026-10-03T08:46:55+00:00
RNC,共和党,党组织,youtube,rnc,UC3o7kbpTUQ5-0WTMIp8sVwA,6lRe3K_do0c,2024-09-04T15:12:35+00:00,2024-09-04,videos,False,none,34,"RNC Chair @ChairmanWhatley: ""We want to make sure ONLY American citizens can vote.""","RNC Chair @ChairmanWhatley: ""We want to make sure ONLY American citizens can vote.""",289,43,12,public,https://www.youtube.com/watch?v=6lRe3K_do0c,2026-10-03T08:46:55+00:00
RNC,共和党,党组织,youtube,rnc,UC3o7kbpTUQ5-0WTMIp8sVwA,9g2BTupbdrI,2024-09-04T16:12:32+00:00,2024-09-04,shorts,False,none,50,Kamala Harris has destroyed the American Dream!,Kamala Harris has destroyed the American Dream!,527,86,12,public,https://www.youtube.com/watch?v=9g2BTupbdrI,2026-10-03T08:46:55+00:00
RNC,共和党,党组织,youtube,rnc,UC3o7kbpTUQ5-0WTMIp8sVwA,vnWE7lgEIG0,2024-09-04T17:31:14+00:00,2024-09-04,shorts,False,none,20,"Kamala has had over 3 years to ""build up the middle class"" and she's failed tremendously","Kamala has had over 3 years to ""build up the middle class"" and she's failed tremendously",60435,4023,741,public,https://www.youtube.com/watch?v=vnWE7lgEIG0,2026-10-03T08:46:55+00:00
RNC,共和党,党组织,youtube,rnc,UC3o7kbpTUQ5-0WTMIp8sVwA,yy3iEC8UPug,2024-09-04T19:09:33+00:00,2024-09-04,shorts,False,none,20,Grocery prices have risen over 20% under Comrade Kamala!,Grocery prices have risen over 20% under Comrade Kamala!,702,118,16,public,https://www.youtube.com/watch?v=yy3iEC8UPug,2026-10-03T08:46:55+00:00
RNC,共和党,党组织,youtube,rnc,UC3o7kbpTUQ5-0WTMIp8sVwA,Sbjvu-FbWF4,2024-09-05T18:07:20+00:00,2024-09-05,shorts,False,none,37,To the Moon!,🚀 🌕,380,58,4,public,https://www.youtube.com/watch?v=Sbjvu-FbWF4,2026-10-03T08:46:55+00:00
RNC,共和党,党组织,youtube,rnc,UC3o7kbpTUQ5-0WTMIp8sVwA,NLUSizZXWD4,2024-09-06T14:10:41+00:00,2024-09-06,videos,False,none,83,Donald Trump was the law-and-order president!,RNC Co-Chair Lara Trump: Donald Trump was the law-and-order president!,328,45,6,public,https://www.youtube.com/watch?v=NLUSizZXWD4,2026-10-03T08:46:55+00:00
RNC,共和党,党组织,youtube,rnc,UC3o7kbpTUQ5-0WTMIp8sVwA,Md3MUQdFe2I,2024-09-06T15:39:22+00:00,2024-09-06,shorts,False,none,11,Kamala Harris has failed American workers.,Kamala Harris has failed American workers.,4816,134,13,public,https://www.youtube.com/watch?v=Md3MUQdFe2I,2026-10-03T08:46:55+00:00
RNC,共和党,党组织,youtube,rnc,UC3o7kbpTUQ5-0WTMIp8sVwA,pIcTo6SjP6U,2024-09-07T01:25:23+00:00,2024-09-06,shorts,False,none,23,Kamala Harris will repeal President Trump's middle-class tax cuts!,Kamala Harris will repeal President Trump's middle-class tax cuts!,4215,144,39,public,https://www.youtube.com/watch?v=pIcTo6SjP6U,2026-10-03T08:46:55+00:00
RNC,共和党,党组织,youtube,rnc,UC3o7kbpTUQ5-0WTMIp8sVwA,d9Fcc1u0zd4,2024-09-07T18:14:21+00:00,2024-09-07,shorts,False,none,37,Choose Your Fighter!,Choose Your Fighter!,739,64,10,public,https://www.youtube.com/watch?v=d9Fcc1u0zd4,2026-10-03T08:46:55+00:00
RNC,共和党,党组织,youtube,rnc,UC3o7kbpTUQ5-0WTMIp8sVwA,Fwg90V1fNDM,2024-09-08T15:07:43+00:00,2024-09-08,videos,False,none,68,"President Trump’s record of success vs Kamala Harris’s weak, failed, and dangerously liberal record.","RNC Co-Chair Lara Trump: Tuesday’s debate is going to be President Trump’s record of success vs Kamala Harris’s weak, failed, and dangerously liberal record.",935,43,23,public,https://www.youtube.com/watch?v=Fwg90V1fNDM,2026-10-03T08:46:55+00:00
RNC,共和党,党组织,youtube,rnc,UC3o7kbpTUQ5-0WTMIp8sVwA,GC_RBAvYeu4,2024-09-08T20:19:22+00:00,2024-09-08,videos,False,none,28,President Trump “believes in putting America First,RNC Co-Chair Lara Trump: President Trump “believes in putting America First. He believes in a closed southern border. He believes in peace agreements in the Middle East instead of wars in Middle East.”,513,44,9,public,https://www.youtube.com/watch?v=GC_RBAvYeu4,2026-10-03T08:46:55+00:00
RNC,共和党,党组织,youtube,rnc,UC3o7kbpTUQ5-0WTMIp8sVwA,Q8Cmv5Fa23I,2024-09-09T13:57:26+00:00,2024-09-09,videos,False,none,45,It's time to put America First again!,"President Trump fought for our country every day as president. 

It's time to put America First again!",724,77,9,public,https://www.youtube.com/watch?v=Q8Cmv5Fa23I,2026-10-03T08:46:55+00:00
RNC,共和党,党组织,youtube,rnc,UC3o7kbpTUQ5-0WTMIp8sVwA,mux7pVhTH5U,2024-09-10T02:50:03+00:00,2024-09-09,videos,False,none,31,President Trump will put America First,"RNC Chairman Whatley: President Trump “is going to rebuild the American economy, he's going to restore the southern border, and he's going to make sure that America is strong enough to protect our interests at home and abroad.”",345,40,7,public,https://www.youtube.com/watch?v=mux7pVhTH5U,2026-10-03T08:46:55+00:00
RNC,共和党,党组织,youtube,rnc,UC3o7kbpTUQ5-0WTMIp8sVwA,JLtJjeQ9Its,2024-09-10T15:11:25+00:00,2024-09-10,videos,False,none,74,President Trump's vision to Save America!,RNC Chairman Whatley: President Trump has been clear about his vision to Save America while Kamala Harris continues to hide her Dangerously Liberal agenda.,275,36,4,public,https://www.youtube.com/watch?v=JLtJjeQ9Its,2026-10-03T08:46:55+00:00
RNC,共和党,党组织,youtube,rnc,UC3o7kbpTUQ5-0WTMIp8sVwA,57q0DewyF-s,2024-09-10T17:19:19+00:00,2024-09-10,videos,False,none,63,RNC Co-Chair Lara Trump: Americans were better off under President Trump!,RNC Co-Chair Lara Trump: Americans were better off under President Trump!,1019,36,18,public,https://www.youtube.com/watch?v=57q0DewyF-s,2026-10-03T08:46:55+00:00
RNC,共和党,党组织,youtube,rnc,UC3o7kbpTUQ5-0WTMIp8sVwA,VSIAcKI1sQg,2024-09-11T00:30:18+00:00,2024-09-10,shorts,False,none,29,KAMALA! YOU'RE FIRED!,KAMALA! YOU'RE FIRED!,354,57,1,public,https://www.youtube.com/watch?v=VSIAcKI1sQg,2026-10-03T08:46:55+00:00
RNC,共和党,党组织,youtube,rnc,UC3o7kbpTUQ5-0WTMIp8sVwA,wibcju-ACnI,2024-09-11T01:22:13+00:00,2024-09-10,shorts,False,none,21,Kamala is lying!,Kamala is lying!,324,36,5,public,https://www.youtube.com/watch?v=wibcju-ACnI,2026-10-03T08:46:55+00:00
RNC,共和党,党组织,youtube,rnc,UC3o7kbpTUQ5-0WTMIp8sVwA,i-w3zMp4ZSw,2024-09-11T01:36:54+00:00,2024-09-10,shorts,False,none,18,Here is President Trump's plan for you.,FACT CHECK: Here is President Trump's plan for you ⬇️,659,130,13,public,https://www.youtube.com/watch?v=i-w3zMp4ZSw,2026-10-03T08:46:55+00:00
RNC,共和党,党组织,youtube,rnc,UC3o7kbpTUQ5-0WTMIp8sVwA,_4g6NoHC5UQ,2024-09-11T01:42:57+00:00,2024-09-10,shorts,False,none,12,Kamala Harris will ban fracking.,Kamala Harris will ban fracking.,765,33,3,public,https://www.youtube.com/watch?v=_4g6NoHC5UQ,2026-10-03T08:46:55+00:00
RNC,共和党,党组织,youtube,rnc,UC3o7kbpTUQ5-0WTMIp8sVwA,1oGo9xrJ1pg,2024-09-11T01:44:47+00:00,2024-09-10,shorts,False,none,18,"""My values have not changed"" - Kamala Harris","""My values have not changed"" - Kamala Harris",290,24,3,public,https://www.youtube.com/watch?v=1oGo9xrJ1pg,2026-10-03T08:46:55+00:00
RNC,共和党,党组织,youtube,rnc,UC3o7kbpTUQ5-0WTMIp8sVwA,RNl4MYmIExA,2024-09-11T02:36:07+00:00,2024-09-10,shorts,False,none,29,Day one for Harris was 3.5 years ago,Day one for Harris was 3.5 years ago,4696,147,31,public,https://www.youtube.com/watch?v=RNl4MYmIExA,2026-10-03T08:46:55+00:00
RNC,共和党,党组织,youtube,rnc,UC3o7kbpTUQ5-0WTMIp8sVwA,pPW0E7TeywU,2024-09-11T04:12:15+00:00,2024-09-11,shorts,False,none,21,Under President Trump there was peace!,"FACT CHECK: Kamala Harris has brought our world to the brink of WWIII, under President Trump there was peace!",692,96,6,public,https://www.youtube.com/watch?v=pPW0E7TeywU,2026-10-03T08:46:55+00:00
RNC,共和党,党组织,youtube,rnc,UC3o7kbpTUQ5-0WTMIp8sVwA,L8WsI_Jk4mo,2024-09-11T20:32:24+00:00,2024-09-11,shorts,False,none,19,It's called the Biden-HARRIS administration.,It's called the Biden-HARRIS administration...she owns their failures,1236,114,14,public,https://www.youtube.com/watch?v=L8WsI_Jk4mo,2026-10-03T08:46:55+00:00
RNC,共和党,党组织,youtube,rnc,UC3o7kbpTUQ5-0WTMIp8sVwA,8SfFG30a9Ks,2024-09-12T01:09:19+00:00,2024-09-11,shorts,False,none,26,Kamala will eliminate private health insurance,Kamala will eliminate private health insurance,4002,133,35,public,https://www.youtube.com/watch?v=8SfFG30a9Ks,2026-10-03T08:46:55+00:00
RNC,共和党,党组织,youtube,rnc,UC3o7kbpTUQ5-0WTMIp8sVwA,p5ESD3jU8eU,2024-09-12T01:26:17+00:00,2024-09-11,videos,False,none,51,Kamala Harris “didn't say a single thing that convinced anybody”,"RNC Co-Chair Lara Trump: Kamala Harris “didn't say a single thing that convinced anybody in this country that she deserves their vote, and they are having a big problem with that right now.”",833,63,36,public,https://www.youtube.com/watch?v=p5ESD3jU8eU,2026-10-03T08:46:55+00:00
RNC,共和党,党组织,youtube,rnc,UC3o7kbpTUQ5-0WTMIp8sVwA,G69D4fqA_EU,2024-09-12T17:52:17+00:00,2024-09-12,shorts,False,none,18,Kamala supports mandatory gun confiscation from law-abiding gun owners,Kamala supports mandatory gun confiscation from law-abiding gun owners,21248,1089,216,public,https://www.youtube.com/watch?v=G69D4fqA_EU,2026-10-03T08:46:55+00:00
RNC,共和党,党组织,youtube,rnc,UC3o7kbpTUQ5-0WTMIp8sVwA,5muojQTBW0U,2024-09-12T21:59:15+00:00,2024-09-12,shorts,False,none,41,"They are after you, President Trump is just standing in the way!","Democrats think that you are despicable if you don't agree with them.

They are after you, President Trump is just standing in the way!",4164,147,9,public,https://www.youtube.com/watch?v=5muojQTBW0U,2026-10-03T08:46:55+00:00
RNC,共和党,党组织,youtube,rnc,UC3o7kbpTUQ5-0WTMIp8sVwA,CENybDJ7sgU,2024-09-17T16:51:23+00:00,2024-09-17,shorts,False,none,44,Kamala has no plan to bring down prices.,Kamala has no plan to bring down prices.,4416,90,32,public,https://www.youtube.com/watch?v=CENybDJ7sgU,2026-10-03T08:46:55+00:00
RNC,共和党,党组织,youtube,rnc,UC3o7kbpTUQ5-0WTMIp8sVwA,vM6KDlkFkaY,2024-09-18T01:30:22+00:00,2024-09-17,shorts,False,none,44,Go to Kamalataxincrease.com!,Go to Kamalataxincrease.com to see how much more you would pay if Harris is elected!,6881,165,22,public,https://www.youtube.com/watch?v=vM6KDlkFkaY,2026-10-03T08:46:55+00:00
RNC,共和党,党组织,youtube,rnc,UC3o7kbpTUQ5-0WTMIp8sVwA,7NTDxWCxUaM,2024-09-18T14:33:10+00:00,2024-09-18,shorts,False,none,21,President Trump will RESTORE the American Dream!,"In her own words, Kamala Harris has made the American Dream ""not attainable.""

President Trump will RESTORE the American Dream!",3582,86,35,public,https://www.youtube.com/watch?v=7NTDxWCxUaM,2026-10-03T08:46:55+00:00
RNC,共和党,党组织,youtube,rnc,UC3o7kbpTUQ5-0WTMIp8sVwA,ehejp8xip3U,2024-09-18T18:17:16+00:00,2024-09-18,shorts,False,none,41,Kamala Harris is a liar!,Kamala Harris is a liar!,859,82,6,public,https://www.youtube.com/watch?v=ehejp8xip3U,2026-10-03T08:46:55+00:00
RNC,共和党,党组织,youtube,rnc,UC3o7kbpTUQ5-0WTMIp8sVwA,B5utO-yr3Z8,2024-09-18T23:50:17+00:00,2024-09-18,videos,False,none,55,Life is harder for you now with Kamala Harris and Joe Biden in the White House.,"RNC Co-Chair Lara Trump on President Trump’s rally in NY: “The message Donald Trump is sending out there across the country is, no matter where you live, no matter who you are, life is harder for you now with Kamala Harris and Joe Biden in the White House.”",313,34,1,public,https://www.youtube.com/watch?v=B5utO-yr3Z8,2026-10-03T08:46:55+00:00
RNC,共和党,党组织,youtube,rnc,UC3o7kbpTUQ5-0WTMIp8sVwA,1aL-GJJDdvY,2024-09-19T15:17:26+00:00,2024-09-19,videos,False,none,129,What Kamala Harris has let happen at our southern border is a travesty,RNC Co-Chair Lara Trump: What Kamala Harris has let happen at our southern border is a travesty. She has given us the worst border crisis in American history and refuses to fix the problem.,229,33,2,public,https://www.youtube.com/watch?v=1aL-GJJDdvY,2026-10-03T08:46:55+00:00
RNC,共和党,党组织,youtube,rnc,UC3o7kbpTUQ5-0WTMIp8sVwA,MJLdQe1S-5A,2024-09-19T19:58:12+00:00,2024-09-19,shorts,False,none,19,"Under President Trump, you will have more money in your pockets!","Under President Trump, you will have more money in your pockets!",9971,385,26,public,https://www.youtube.com/watch?v=MJLdQe1S-5A,2026-10-03T08:46:55+00:00
RNC,共和党,党组织,youtube,rnc,UC3o7kbpTUQ5-0WTMIp8sVwA,8n_f7npLCnY,2024-09-20T14:45:18+00:00,2024-09-20,shorts,False,none,19,Kamala has had 3.5 years to help and has done nothing but make things worse!,"Under Kamala, Americans cannot afford a home. She has had 3.5 years to help and has done nothing but make things worse!",723,62,5,public,https://www.youtube.com/watch?v=8n_f7npLCnY,2026-10-03T08:46:55+00:00
RNC,共和党,党组织,youtube,rnc,UC3o7kbpTUQ5-0WTMIp8sVwA,ivN-Z4n5ql8,2024-09-20T15:50:21+00:00,2024-09-20,videos,False,none,40,Make your plan to vote!,"Make your plan to vote!

SwampTheVoteUSA.com",1685,38,6,public,https://www.youtube.com/watch?v=ivN-Z4n5ql8,2026-10-03T08:46:55+00:00
RNC,共和党,党组织,youtube,rnc,UC3o7kbpTUQ5-0WTMIp8sVwA,LDroBaaeRK8,2024-09-20T23:11:27+00:00,2024-09-20,videos,False,none,71,Help Make America Great Again!,RNC Chairman Whatley and Co-Chair Lara Trump: To help Make America Great Again go to TrumpForce47.com and to make a plan to vote go to SwampTheVoteUSA.com,314,45,8,public,https://www.youtube.com/watch?v=LDroBaaeRK8,2026-10-03T08:46:55+00:00
RNC,共和党,党组织,youtube,rnc,UC3o7kbpTUQ5-0WTMIp8sVwA,LElje8bhRu8,2024-09-21T18:27:16+00:00,2024-09-21,shorts,False,none,23,Kamala is a hypocrite.,Kamala is a hypocrite.,10869,302,72,public,https://www.youtube.com/watch?v=LElje8bhRu8,2026-10-03T08:46:55+00:00
RNC,共和党,党组织,youtube,rnc,UC3o7kbpTUQ5-0WTMIp8sVwA,JIOjrxvOh3Q,2024-09-21T23:45:34+00:00,2024-09-21,videos,False,none,72,The American Dream is Fading Under Kamala!,The American Dream is Fading Under Kamala!,287,38,7,public,https://www.youtube.com/watch?v=JIOjrxvOh3Q,2026-10-03T08:46:55+00:00
RNC,共和党,党组织,youtube,rnc,UC3o7kbpTUQ5-0WTMIp8sVwA,BchI2PzmgEE,2024-09-22T18:31:20+00:00,2024-09-22,videos,False,none,46,We must have a fair and transparent election!,"WATCH: RNC Chairman Whatley and Co-Chair Lara Trump highlight the importance of a fair and transparent election!

For more information and to join the effort, visit protectthevote.com.",337,35,9,public,https://www.youtube.com/watch?v=BchI2PzmgEE,2026-10-03T08:46:55+00:00
RNC,共和党,党组织,youtube,rnc,UC3o7kbpTUQ5-0WTMIp8sVwA,k-sfHGqLzvY,2024-09-23T00:47:19+00:00,2024-09-22,shorts,False,none,48,Kamala still can't say how she will lower costs for Americans.,"WATCH: 

Kamala still can't say how she will lower costs for Americans.",6246,181,61,public,https://www.youtube.com/watch?v=k-sfHGqLzvY,2026-10-03T08:46:55+00:00
RNC,共和党,党组织,youtube,rnc,UC3o7kbpTUQ5-0WTMIp8sVwA,NqN6pyQOQpE,2024-09-23T13:28:24+00:00,2024-09-23,shorts,False,none,32,We can't take four more years of Kamala.,We can't take four more years of Kamala.,16160,1384,90,public,https://www.youtube.com/watch?v=NqN6pyQOQpE,2026-10-03T08:46:55+00:00
RNC,共和党,党组织,youtube,rnc,UC3o7kbpTUQ5-0WTMIp8sVwA,a0XstrrD8lA,2024-09-23T21:18:20+00:00,2024-09-23,shorts,False,none,11,Kamala WILL take your guns.,"Kamala WILL take your guns.

She supports MANDATORY buybacks.",6750,166,35,public,https://www.youtube.com/watch?v=a0XstrrD8lA,2026-10-03T08:46:55+00:00
RNC,共和党,党组织,youtube,rnc,UC3o7kbpTUQ5-0WTMIp8sVwA,Z245QtR1lw4,2024-09-24T14:33:20+00:00,2024-09-24,shorts,False,none,24,Why can't Kamala tell the truth?,Why can't Kamala tell the truth?,643,104,10,public,https://www.youtube.com/watch?v=Z245QtR1lw4,2026-10-03T08:46:55+00:00
RNC,共和党,党组织,youtube,rnc,UC3o7kbpTUQ5-0WTMIp8sVwA,Zc63q4E6xwE,2024-09-24T17:09:29+00:00,2024-09-24,shorts,False,none,21,Kamala Harris urged the Senate to reject additional Border Patrol Agents.,"When President Trump requested additional Border Patrol Agents, Kamala Harris urged the Senate to reject his request.",350,42,0,public,https://www.youtube.com/watch?v=Zc63q4E6xwE,2026-10-03T08:46:55+00:00
RNC,共和党,党组织,youtube,rnc,UC3o7kbpTUQ5-0WTMIp8sVwA,6s6Baan97vk,2024-09-24T22:56:19+00:00,2024-09-24,videos,False,none,46,"Kamala Harris's radical open border policies pose a ""clear and present danger"" to our country.","RNC Chairman Whatley: Kamala Harris's radical open border policies pose a ""clear and present danger"" to our country.",230,25,3,public,https://www.youtube.com/watch?v=6s6Baan97vk,2026-10-03T08:46:55+00:00
RNC,共和党,党组织,youtube,rnc,UC3o7kbpTUQ5-0WTMIp8sVwA,TYZge5nbtxQ,2024-09-25T01:33:40+00:00,2024-09-24,videos,False,none,67,Kamala is pushing the largest tax hike in American history!,Kamala is pushing the largest tax hike in American history!,215,34,4,public,https://www.youtube.com/watch?v=TYZge5nbtxQ,2026-10-03T08:46:55+00:00
RNC,共和党,党组织,youtube,rnc,UC3o7kbpTUQ5-0WTMIp8sVwA,hBNnxSl8C3E,2024-09-25T03:10:19+00:00,2024-09-24,videos,False,none,52,Kamala’s photo op at the border won’t change the fact that she created this crisis,RNC Co-Chair Lara Trump: Kamala Harris’s photo op at the border won’t change the fact that she created this crisis that is destroying our country.,263,33,8,public,https://www.youtube.com/watch?v=hBNnxSl8C3E,2026-10-03T08:46:55+00:00
RNC,共和党,党组织,youtube,rnc,UC3o7kbpTUQ5-0WTMIp8sVwA,U1ef-J2dPWY,2024-09-25T14:01:17+00:00,2024-09-25,shorts,False,none,23,America can't afford four more years of Kamala's policies.,America can't afford four more years of Kamala's policies.,5157,351,13,public,https://www.youtube.com/watch?v=U1ef-J2dPWY,2026-10-03T08:46:55+00:00
RNC,共和党,党组织,youtube,rnc,UC3o7kbpTUQ5-0WTMIp8sVwA,S03kYv1cAlg,2024-09-25T16:55:37+00:00,2024-09-25,videos,False,none,77,Kamala Harris's policies have left Black Americans behind.,"Kamala Harris's policies have left Black Americans behind.

This November, vote for proven leadership. Vote for President Trump!",649,27,12,public,https://www.youtube.com/watch?v=S03kYv1cAlg,2026-10-03T08:46:55+00:00
RNC,共和党,党组织,youtube,rnc,UC3o7kbpTUQ5-0WTMIp8sVwA,fGIFrH3c46Q,2024-09-25T17:50:24+00:00,2024-09-25,videos,False,none,44,Make America Great Again,"RNC Co-Chair Lara Trump: President Trump has selflessly left his old life behind, putting himself in the face of danger to put our country first and Make America Great Again.",197,23,7,public,https://www.youtube.com/watch?v=fGIFrH3c46Q,2026-10-03T08:46:55+00:00
RNC,共和党,党组织,youtube,rnc,UC3o7kbpTUQ5-0WTMIp8sVwA,YCGdu-dgPPI,2024-09-25T19:09:18+00:00,2024-09-25,shorts,False,none,16,VOTE TRUMP FOR NO TAXES ON TIPS!,VOTE TRUMP FOR NO TAXES ON TIPS!,4086,155,35,public,https://www.youtube.com/watch?v=YCGdu-dgPPI,2026-10-03T08:46:55+00:00
RNC,共和党,党组织,youtube,rnc,UC3o7kbpTUQ5-0WTMIp8sVwA,LVCn4aRf3hA,2024-09-25T23:57:17+00:00,2024-09-25,shorts,False,none,20,They're Hypocrites!,They're Hypocrites!,1227,60,8,public,https://www.youtube.com/watch?v=LVCn4aRf3hA,2026-10-03T08:46:55+00:00
RNC,共和党,党组织,youtube,rnc,UC3o7kbpTUQ5-0WTMIp8sVwA,DALiAL76-qI,2024-09-26T13:57:29+00:00,2024-09-26,videos,False,none,69,Kamala has worked to unleash the worst border crisis in American history!,Kamala has worked to unleash the worst border crisis in American history!,214,33,6,public,https://www.youtube.com/watch?v=DALiAL76-qI,2026-10-03T08:46:55+00:00
RNC,共和党,党组织,youtube,rnc,UC3o7kbpTUQ5-0WTMIp8sVwA,5tMzdk1b8uU,2024-09-26T16:32:17+00:00,2024-09-26,shorts,False,none,23,Kamala says the American Dream is dead.,"Kamala says the American Dream is dead.

President Trump will RESTORE the American Dream. The choice is clear.",23934,1298,117,public,https://www.youtube.com/watch?v=5tMzdk1b8uU,2026-10-03T08:46:55+00:00
RNC,共和党,党组织,youtube,rnc,UC3o7kbpTUQ5-0WTMIp8sVwA,UVJPXyDL9mo,2024-09-26T20:26:32+00:00,2024-09-26,videos,False,none,65,A vote for President Trump is a vote for Made in America!,A vote for President Trump is a vote for Made in America!,871,51,39,public,https://www.youtube.com/watch?v=UVJPXyDL9mo,2026-10-03T08:46:55+00:00
RNC,共和党,党组织,youtube,rnc,UC3o7kbpTUQ5-0WTMIp8sVwA,PkJEBTPXRYs,2024-09-26T22:01:25+00:00,2024-09-26,shorts,False,none,40,Which is it Doug?,Which is it Doug?,1419,50,16,public,https://www.youtube.com/watch?v=PkJEBTPXRYs,2026-10-03T08:46:55+00:00
RNC,共和党,党组织,youtube,rnc,UC3o7kbpTUQ5-0WTMIp8sVwA,JiW2n3xV2MA,2024-09-26T22:50:13+00:00,2024-09-26,videos,False,none,51,President Trump's plan is clear,RNC Chairman Whatley: President Trump's plan is clear. He will unleash American energy and provide tax cuts that will bring down costs and put more money in the pockets of hardworking Americans.,278,35,9,public,https://www.youtube.com/watch?v=JiW2n3xV2MA,2026-10-03T08:46:55+00:00
RNC,共和党,党组织,youtube,rnc,UC3o7kbpTUQ5-0WTMIp8sVwA,8K2gbjRG5HM,2024-09-27T18:57:25+00:00,2024-09-27,videos,False,none,83,Kamala has worked to unleash the worst border crisis in American history!,Kamala has worked to unleash the worst border crisis in American history!,186,31,3,public,https://www.youtube.com/watch?v=8K2gbjRG5HM,2026-10-03T08:46:55+00:00
RNC,共和党,党组织,youtube,rnc,UC3o7kbpTUQ5-0WTMIp8sVwA,reNryaGQtSk,2024-09-27T23:34:30+00:00,2024-09-27,videos,False,none,78,Kamala says the border is secure but data from ICE shows nothing could be further from the truth.,"Kamala Harris says the border is secure.
 
New data from ICE shows nothing could be further from the truth.",422,51,11,public,https://www.youtube.com/watch?v=reNryaGQtSk,2026-10-03T08:46:55+00:00
RNC,共和党,党组织,youtube,rnc,UC3o7kbpTUQ5-0WTMIp8sVwA,pm9LqT2h9VI,2024-09-28T16:19:21+00:00,2024-09-28,shorts,False,none,22,Kamala Harris has overseen the worst border crisis in American history,"Kamala Harris has overseen the worst border crisis in American history and is lying about her so-called ""plan""",653,131,8,public,https://www.youtube.com/watch?v=pm9LqT2h9VI,2026-10-03T08:46:55+00:00
RNC,共和党,党组织,youtube,rnc,UC3o7kbpTUQ5-0WTMIp8sVwA,qtcVH-khqUA,2024-09-28T17:23:17+00:00,2024-09-28,shorts,False,none,31,MAGA!,MAGA!,687,104,12,public,https://www.youtube.com/watch?v=qtcVH-khqUA,2026-10-03T08:46:55+00:00
RNC,共和党,党组织,youtube,rnc,UC3o7kbpTUQ5-0WTMIp8sVwA,4d6mMjq0CY8,2024-10-01T12:54:14+00:00,2024-10-01,videos,False,none,61,Tim Walz won’t be able to explain Kamala’s failures,"RNC Co-Chair Lara Trump: During tonight’s debate, Tim Walz will need to answer for Kamala Harris’s and Joe Biden’s failed policies.

He won’t be able to justify the pain they’ve caused the American people.",249,40,5,public,https://www.youtube.com/watch?v=4d6mMjq0CY8,2026-10-03T08:46:55+00:00
RNC,共和党,党组织,youtube,rnc,UC3o7kbpTUQ5-0WTMIp8sVwA,bpQHgsQlPfQ,2024-10-01T17:27:00+00:00,2024-10-01,shorts,False,none,17,This is the Kamala-Walz platform. Radical and Dangerously Liberal.,"This is the Kamala-Walz platform.

Radical and Dangerously Liberal.",1299,48,6,public,https://www.youtube.com/watch?v=bpQHgsQlPfQ,2026-10-03T08:46:55+00:00
RNC,共和党,党组织,youtube,rnc,UC3o7kbpTUQ5-0WTMIp8sVwA,Bs1e0kS_Izw,2024-10-01T18:36:56+00:00,2024-10-01,videos,False,none,54,"Kamala Harris's open border policies are a ""direct threat to the United States of America.""","RNC Chairman Whatley: Kamala Harris's open border policies have allowed hundreds of thousands of criminals to roam freely in our country, posing a ""direct threat to the United States of America.""",172,30,4,public,https://www.youtube.com/watch?v=Bs1e0kS_Izw,2026-10-03T08:46:55+00:00
RNC,共和党,党组织,youtube,rnc,UC3o7kbpTUQ5-0WTMIp8sVwA,chTiMHsF55k,2024-10-01T20:24:56+00:00,2024-10-01,videos,False,none,130,JD Vance will help bring back the American Dream because he has lived the American Dream!,JD Vance will help bring back the American Dream because he has lived the American Dream!,297,30,10,public,https://www.youtube.com/watch?v=chTiMHsF55k,2026-10-03T08:46:55+00:00
RNC,共和党,党组织,youtube,rnc,UC3o7kbpTUQ5-0WTMIp8sVwA,hp6KyjKN9XA,2024-10-01T23:48:27+00:00,2024-10-01,videos,False,none,72,Tim Walz has to answer why it is the American people should give Kamala Harris four more years,"RNC Co-Chair Lara Trump: Tonight, Tim Walz has to answer why it is the American people should give Kamala Harris four more years even though she has failed for the four years she's already had.",165,19,4,public,https://www.youtube.com/watch?v=hp6KyjKN9XA,2026-10-03T08:46:55+00:00
RNC,共和党,党组织,youtube,rnc,UC3o7kbpTUQ5-0WTMIp8sVwA,mc5eh8os-cs,2024-10-02T00:23:17+00:00,2024-10-01,videos,False,none,43,JD Vance will hold Kamala and Walz accountable for their failures!,"RNC Co-Chair Lara Trump: Tonight, Senator JD Vance will hold Kamala and Walz accountable for their failures!",227,19,8,public,https://www.youtube.com/watch?v=mc5eh8os-cs,2026-10-03T08:46:55+00:00
RNC,共和党,党组织,youtube,rnc,UC3o7kbpTUQ5-0WTMIp8sVwA,W5jSQP0oY0U,2024-10-02T02:04:45+00:00,2024-10-01,shorts,False,none,13,Sen. JD Vance correctly pointed out Kamala's dangerous failures and Walz nodded in agreement.,"Sen. JD Vance correctly pointed out that Kamala has allowed cartels to operate freely in the U.S., and Walz nodded in agreement.",692,108,5,public,https://www.youtube.com/watch?v=W5jSQP0oY0U,2026-10-03T08:46:55+00:00
RNC,共和党,党组织,youtube,rnc,UC3o7kbpTUQ5-0WTMIp8sVwA,vNchrx5uZd8,2024-10-02T02:24:54+00:00,2024-10-01,shorts,False,none,44,Tim Walz is a liar.,Tim Walz is a liar.,855,140,9,public,https://www.youtube.com/watch?v=vNchrx5uZd8,2026-10-03T08:46:55+00:00
RNC,共和党,党组织,youtube,rnc,UC3o7kbpTUQ5-0WTMIp8sVwA,wRn4fgV_SpI,2024-10-02T03:25:25+00:00,2024-10-01,shorts,False,none,44,KAMALA! YOU'RE FIRED!,KAMALA! YOU'RE FIRED!,2337,257,10,public,https://www.youtube.com/watch?v=wRn4fgV_SpI,2026-10-03T08:46:55+00:00
RNC,共和党,党组织,youtube,rnc,UC3o7kbpTUQ5-0WTMIp8sVwA,fFjvlcRxcNg,2024-10-02T17:28:38+00:00,2024-10-02,shorts,False,none,7,Tim Walz is lying right to your face.,Tim Walz is lying right to your face.,859,113,3,public,https://www.youtube.com/watch?v=fFjvlcRxcNg,2026-10-03T08:46:55+00:00
RNC,共和党,党组织,youtube,rnc,UC3o7kbpTUQ5-0WTMIp8sVwA,sqeRKlVQ96w,2024-10-03T15:30:09+00:00,2024-10-03,videos,False,none,89,Kamala Harris and Tim Walz are NOT ready to lead our country.,"Kamala Harris and Tim Walz are NOT ready to lead our country.

America needs President Trump's strong decisive leadership more than ever.",382,44,14,public,https://www.youtube.com/watch?v=sqeRKlVQ96w,2026-10-03T08:46:55+00:00
RNC,共和党,党组织,youtube,rnc,UC3o7kbpTUQ5-0WTMIp8sVwA,dPVqzql38AY,2024-10-03T23:55:14+00:00,2024-10-03,shorts,False,none,41,Kamala Harris's values have not changed. She will ban fracking.,"Kamala Harris's values have not changed. She will ban fracking, costing our country thousands of jobs.",12320,695,67,public,https://www.youtube.com/watch?v=dPVqzql38AY,2026-10-03T08:46:55+00:00
RNC,共和党,党组织,youtube,rnc,UC3o7kbpTUQ5-0WTMIp8sVwA,UYQWvM2xcbY,2024-10-04T18:48:20+00:00,2024-10-04,videos,False,none,79,President Trump is going back to Butler!,"RNC Co-Chair Lara Trump: By returning to Butler, PA, President Trump shows that nothing will deter his drive to unite America and bring back the American Dream!",335,39,11,public,https://www.youtube.com/watch?v=UYQWvM2xcbY,2026-10-03T08:46:55+00:00
RNC,共和党,党组织,youtube,rnc,UC3o7kbpTUQ5-0WTMIp8sVwA,QTCE1ibb4aY,2024-10-05T15:22:45+00:00,2024-10-05,videos,False,none,43,"We will NEVER, ever surrender!","We will not bend.

We will not break.

We will not yield.

We will never give in.

We will never give up.

We will never back down.

We will NEVER, ever surrender!",1489,118,31,public,https://www.youtube.com/watch?v=QTCE1ibb4aY,2026-10-03T08:46:55+00:00
RNC,共和党,党组织,youtube,rnc,UC3o7kbpTUQ5-0WTMIp8sVwA,Iw9pfemlXyg,2024-10-06T17:14:31+00:00,2024-10-06,videos,False,none,90,President Trump returning to Butler was a healing moment for our nation.,RNC Co-Chair Lara Trump: President Trump returning to Butler was a healing moment for our nation.,391,50,11,public,https://www.youtube.com/watch?v=Iw9pfemlXyg,2026-10-03T08:46:55+00:00
RNC,共和党,党组织,youtube,rnc,UC3o7kbpTUQ5-0WTMIp8sVwA,9yZLfZNoLps,2024-10-06T20:14:39+00:00,2024-10-06,videos,False,none,30,Get out there and BRING IT HOME ARIZONA!,"Arizona GOP Chairwoman Gina Swoboda: Get out there and BRING IT HOME ARIZONA! 

Go arizona.vote to find out more and help SAVE AMERICA! 🇺🇸",817,47,15,public,https://www.youtube.com/watch?v=9yZLfZNoLps,2026-10-03T08:46:55+00:00
RNC,共和党,党组织,youtube,rnc,UC3o7kbpTUQ5-0WTMIp8sVwA,9wEty1jv2Ks,2024-10-06T23:14:17+00:00,2024-10-06,shorts,False,none,28,The Republican Party is the party of Unity!,The Republican Party is the party of Unity!,3390,202,53,public,https://www.youtube.com/watch?v=9wEty1jv2Ks,2026-10-03T08:46:55+00:00
RNC,共和党,党组织,youtube,rnc,UC3o7kbpTUQ5-0WTMIp8sVwA,I2lxeDMAJdI,2024-10-07T15:53:33+00:00,2024-10-07,shorts,False,none,14,WOMEN FOR TRUMP!,WOMEN FOR TRUMP! 🇺🇸,2277,112,22,public,https://www.youtube.com/watch?v=I2lxeDMAJdI,2026-10-03T08:46:55+00:00
RNC,共和党,党组织,youtube,rnc,UC3o7kbpTUQ5-0WTMIp8sVwA,ARl7ORPpXXo,2024-10-07T23:45:20+00:00,2024-10-07,shorts,False,none,30,Kamala is Joe - Joe is Kamala,"Kamala is Joe - Joe is Kamala

She owns the failures of the Harris-Biden administration.",5548,193,18,public,https://www.youtube.com/watch?v=ARl7ORPpXXo,2026-10-03T08:46:55+00:00
RNC,共和党,党组织,youtube,rnc,UC3o7kbpTUQ5-0WTMIp8sVwA,tcGxORRSpes,2024-10-08T16:53:16+00:00,2024-10-08,videos,False,none,80,Kamala Harris and Tim Walz have destroyed the American Dream!,Kamala Harris and Tim Walz have destroyed the American Dream!,378,50,8,public,https://www.youtube.com/watch?v=tcGxORRSpes,2026-10-03T08:46:55+00:00
RNC,共和党,党组织,youtube,rnc,UC3o7kbpTUQ5-0WTMIp8sVwA,T_hQcgmUjZg,2024-10-08T23:48:21+00:00,2024-10-08,shorts,False,none,49,"Don't be fooled, Kamala's values have NOT changed. She is Dangerously Liberal.","Don't be fooled, Kamala's values have NOT changed.

She is Dangerously Liberal.",4194,158,37,public,https://www.youtube.com/watch?v=T_hQcgmUjZg,2026-10-03T08:46:55+00:00
RNC,共和党,党组织,youtube,rnc,UC3o7kbpTUQ5-0WTMIp8sVwA,fpYA9DyJ46s,2024-10-09T16:29:24+00:00,2024-10-09,shorts,False,none,50,"President Trump: ""Your future is what I'm fighting for every single day.""","President Trump has always fought for the American people!

""Your future is what I'm fighting for every single day.""",3712,149,25,public,https://www.youtube.com/watch?v=fpYA9DyJ46s,2026-10-03T08:46:55+00:00
RNC,共和党,党组织,youtube,rnc,UC3o7kbpTUQ5-0WTMIp8sVwA,ojaddJTfDJ0,2024-10-09T19:47:30+00:00,2024-10-09,videos,False,none,71,Kamala won't make any change,"RNC Co-Chair Lara Trump: “[Biden] is the one who told us… that Kamala Harris has been there side-by-side with him making all the decisions, of course, that we have seen in that White House. No one believes that there will be any sort of change with Kamala Harris.”",310,30,6,public,https://www.youtube.com/watch?v=ojaddJTfDJ0,2026-10-03T08:46:55+00:00
RNC,共和党,党组织,youtube,rnc,UC3o7kbpTUQ5-0WTMIp8sVwA,ZyvcakPig6A,2024-10-10T22:50:20+00:00,2024-10-10,videos,False,none,77,We are committed to making sure every American has the opportunity to vote.,"RNC Co-Chair Lara Trump: The Trump campaign and the RNC are committed to making sure every American has the opportunity to vote.

Go to DonaldJTrump.com/Hurricane to volunteer to help the people affected by the hurricanes get out and vote!",359,29,8,public,https://www.youtube.com/watch?v=ZyvcakPig6A,2026-10-03T08:46:55+00:00
RNC,共和党,党组织,youtube,rnc,UC3o7kbpTUQ5-0WTMIp8sVwA,6E5mYFLN_AU,2024-10-11T04:37:21+00:00,2024-10-11,videos,False,none,82,Border Czar Kamala Harris left our border open costing the American taxpayers billions,RNC Co-Chair Lara Trump: American taxpayers wouldn’t have had to spend over a billion dollars on people in the country illegally if “border czar” Kamala Harris hadn’t helped open the border.,629,44,15,public,https://www.youtube.com/watch?v=6E5mYFLN_AU,2026-10-03T08:46:55+00:00
RNC,共和党,党组织,youtube,rnc,UC3o7kbpTUQ5-0WTMIp8sVwA,nmz-w6ecHhI,2024-10-12T18:24:22+00:00,2024-10-12,shorts,False,none,9,SAVE AMERICA!,"SAVE AMERICA!

Go to SwampTheVoteUSA.com to make your plan to vote!",974,96,29,public,https://www.youtube.com/watch?v=nmz-w6ecHhI,2026-10-03T08:46:55+00:00
RNC,共和党,党组织,youtube,rnc,UC3o7kbpTUQ5-0WTMIp8sVwA,c5MgFdmmWrw,2024-10-14T14:19:14+00:00,2024-10-14,videos,False,none,51,"The RNC is committed to ensuring we have a free, fair, and transparent election!","RNC Co-Chair Lara Trump: The RNC is committed to ensuring we have a free, fair, and transparent election!",321,43,16,public,https://www.youtube.com/watch?v=c5MgFdmmWrw,2026-10-03T08:46:55+00:00
RNC,共和党,党组织,youtube,rnc,UC3o7kbpTUQ5-0WTMIp8sVwA,vBi6QJ50YT8,2024-10-14T20:58:12+00:00,2024-10-14,shorts,False,none,30,Kamala Harris puts Illegal aliens before the American people.,"Reminder: Kamala Harris puts Illegal aliens before the American people.

She is unfit to lead.",403,41,1,public,https://www.youtube.com/watch?v=vBi6QJ50YT8,2026-10-03T08:46:55+00:00
RNC,共和党,党组织,youtube,rnc,UC3o7kbpTUQ5-0WTMIp8sVwA,oqWZRXGKXtc,2024-10-15T03:04:10+00:00,2024-10-14,videos,False,none,85,Go to DonaldJTrump.com/hurricane to find out how you can help,"The RNC is doing everything in our power to help people in communities impacted by Hurricane Helene to be able to vote.

Go to DonaldJTrump.com/hurricane to find out how you can help Americans in affected areas exercise their right to vote!",346,38,10,public,https://www.youtube.com/watch?v=oqWZRXGKXtc,2026-10-03T08:46:55+00:00
RNC,共和党,党组织,youtube,rnc,UC3o7kbpTUQ5-0WTMIp8sVwA,VfjzIKCFGcU,2024-10-16T01:36:19+00:00,2024-10-15,shorts,False,none,43,America will be in a new golden age under President Trump,"When President Trump is elected he will usher in a new golden era of economic opportunity, secure borders, and safe streets.

Under President Trump we will Make America Great Again!",5133,416,63,public,https://www.youtube.com/watch?v=VfjzIKCFGcU,2026-10-03T08:46:55+00:00
RNC,共和党,党组织,youtube,rnc,UC3o7kbpTUQ5-0WTMIp8sVwA,DhzON6U5o28,2024-10-16T15:27:20+00:00,2024-10-16,shorts,False,none,54,Lara Trump: President Trump's unwavering spirit and drive to help the American people.,WATCH: RNC Co-Chair Lara Trump sat down with Sage Steele to discuss President Trump's unwavering spirit and drive to help the American people.,775,31,1,public,https://www.youtube.com/watch?v=DhzON6U5o28,2026-10-03T08:46:55+00:00
RNC,共和党,党组织,youtube,rnc,UC3o7kbpTUQ5-0WTMIp8sVwA,iLjXu2mASR0,2024-10-16T21:13:22+00:00,2024-10-16,shorts,False,none,22,Kamala would make every city a sanctuary city. President Trump will eliminate them immediately.,"Kamala would make every city a sanctuary city. President Trump will eliminate them immediately. 

The choice is clear.",5949,305,16,public,https://www.youtube.com/watch?v=iLjXu2mASR0,2026-10-03T08:46:55+00:00
RNC,共和党,党组织,youtube,rnc,UC3o7kbpTUQ5-0WTMIp8sVwA,kUWCbJpHC_c,2024-10-16T23:38:18+00:00,2024-10-16,shorts,False,none,12,"""I would never say that about the American people.""","""I would never say that about the American people.""",66126,4053,363,public,https://www.youtube.com/watch?v=kUWCbJpHC_c,2026-10-03T08:46:55+00:00
RNC,共和党,党组织,youtube,rnc,UC3o7kbpTUQ5-0WTMIp8sVwA,CmJI20K464U,2024-10-17T01:37:17+00:00,2024-10-16,shorts,False,none,14,Atlanta LOVES President Trump! GET OUT THE VOTE GEORGIA!,"Atlanta LOVES President Trump!

GET OUT THE VOTE GEORGIA!",906,106,5,public,https://www.youtube.com/watch?v=CmJI20K464U,2026-10-03T08:46:55+00:00
RNC,共和党,党组织,youtube,rnc,UC3o7kbpTUQ5-0WTMIp8sVwA,6RDD0t2dGCw,2024-10-17T13:31:12+00:00,2024-10-17,shorts,False,none,56,"""You gotta take responsibility for what happened in your administration."" -Kamala Harris","""You gotta take responsibility for what happened in your administration."" -Kamala Harris",694,65,4,public,https://www.youtube.com/watch?v=6RDD0t2dGCw,2026-10-03T08:46:55+00:00
RNC,共和党,党组织,youtube,rnc,UC3o7kbpTUQ5-0WTMIp8sVwA,scJajpZtv6c,2024-10-17T17:52:19+00:00,2024-10-17,shorts,False,none,30,"Under President Trump, the American Dream will be restored and the United States will be prosperous","Kamala Harris says the American Dream is long gone, but under President Trump, the American Dream will be restored and the United States will be prosperous once again!",5822,275,16,public,https://www.youtube.com/watch?v=scJajpZtv6c,2026-10-03T08:46:55+00:00
RNC,共和党,党组织,youtube,rnc,UC3o7kbpTUQ5-0WTMIp8sVwA,AsgtrGdLAd8,2024-10-17T19:15:52+00:00,2024-10-17,shorts,False,none,161,LATINOS FOR TRUMP,LATINOS FOR TRUMP! 🇺🇸,520,75,8,public,https://www.youtube.com/watch?v=AsgtrGdLAd8,2026-10-03T08:46:55+00:00
RNC,共和党,党组织,youtube,rnc,UC3o7kbpTUQ5-0WTMIp8sVwA,Zwjl_rB5U0s,2024-10-18T13:45:24+00:00,2024-10-18,videos,False,none,82,Deputy Hispanic Comms Director of the Trump Campaign isn't having any of the Left's bogus excuses.,WATCH: Deputy Hispanic Communications Director of the Trump Campaign @rodzvianca isn't having any of the Left's bogus excuses for illegal immigration.,321,40,14,public,https://www.youtube.com/watch?v=Zwjl_rB5U0s,2026-10-03T08:46:55+00:00
RNC,共和党,党组织,youtube,rnc,UC3o7kbpTUQ5-0WTMIp8sVwA,jK0lscEZE4I,2024-10-18T22:12:19+00:00,2024-10-18,shorts,False,none,25,Kamala wouldn't change a thing.,Kamala wouldn't change a thing.,13100,280,37,public,https://www.youtube.com/watch?v=jK0lscEZE4I,2026-10-03T08:46:55+00:00
RNC,共和党,党组织,youtube,rnc,UC3o7kbpTUQ5-0WTMIp8sVwA,A80B5wkRDT4,2024-10-18T23:49:14+00:00,2024-10-18,videos,False,none,73,"""I'm here and she's not.""","""I'm here and she's not.""",965,85,8,public,https://www.youtube.com/watch?v=A80B5wkRDT4,2026-10-03T08:46:55+00:00
RNC,共和党,党组织,youtube,rnc,UC3o7kbpTUQ5-0WTMIp8sVwA,LAqSCbilaC8,2024-10-19T00:50:17+00:00,2024-10-18,shorts,False,none,27,One thing about Harris and Biden: No one knows what they are talking about.,One thing about Harris and Biden: No one knows what they are talking about.,14026,698,66,public,https://www.youtube.com/watch?v=LAqSCbilaC8,2026-10-03T08:46:55+00:00
RNC,共和党,党组织,youtube,rnc,UC3o7kbpTUQ5-0WTMIp8sVwA,MX8WZ9dmCQs,2024-10-21T01:04:28+00:00,2024-10-20,videos,False,none,67,"""We're singing from the same song sheet""","""Vice Presidents are not critical of their presidents"" 

""We're singing from the same song sheet""

""There is not a thing"" Kamala would do different

""As Vice President that [Biden] did that [Kamala] couldn't do""",1034,74,8,public,https://www.youtube.com/watch?v=MX8WZ9dmCQs,2026-10-03T08:46:55+00:00
RNC,共和党,党组织,youtube,rnc,UC3o7kbpTUQ5-0WTMIp8sVwA,lymimkoPej8,2024-10-21T14:47:32+00:00,2024-10-21,shorts,False,none,64,MAGADonald's!,#MAGADonald's! 🍔 🍟,601,74,5,public,https://www.youtube.com/watch?v=lymimkoPej8,2026-10-03T08:46:55+00:00
RNC,共和党,党组织,youtube,rnc,UC3o7kbpTUQ5-0WTMIp8sVwA,oG_O3EcOhFQ,2024-10-21T16:26:15+00:00,2024-10-21,videos,False,none,91,Lara Trump: Americans can't wait to elect President Trump!,"RNC Co-Chair Lara Trump: We are seeing record early voting numbers across the country! Americans can't wait to elect President Trump!

SWAMPTHEVOTEUSA.COM",509,42,17,public,https://www.youtube.com/watch?v=oG_O3EcOhFQ,2026-10-03T08:46:55+00:00
RNC,共和党,党组织,youtube,rnc,UC3o7kbpTUQ5-0WTMIp8sVwA,D5inLawEBME,2024-10-21T18:16:24+00:00,2024-10-21,shorts,False,none,51,President Trump knows how to make an entrance!,"President Trump knows how to make an entrance!

Thank you, Pennsylvania!
#MAGADonalds",2838,177,22,public,https://www.youtube.com/watch?v=D5inLawEBME,2026-10-03T08:46:55+00:00
RNC,共和党,党组织,youtube,rnc,UC3o7kbpTUQ5-0WTMIp8sVwA,kC00Q2ekHdw,2024-10-21T21:41:12+00:00,2024-10-21,shorts,False,none,14,WOMEN FOR TRUMP! 🇺🇸,WOMEN FOR TRUMP! 🇺🇸,1122,100,14,public,https://www.youtube.com/watch?v=kC00Q2ekHdw,2026-10-03T08:46:55+00:00
RNC,共和党,党组织,youtube,rnc,UC3o7kbpTUQ5-0WTMIp8sVwA,oshaseHJDXk,2024-10-21T22:58:27+00:00,2024-10-21,shorts,False,none,79,"Kamala tells Christians they don't belong at her rally, while President Trump prays with them.","Kamala tells Christians they don't belong at her rally, while President Trump prays with them.

The difference is clear.",2248,90,19,public,https://www.youtube.com/watch?v=oshaseHJDXk,2026-10-03T08:46:55+00:00
RNC,共和党,党组织,youtube,rnc,UC3o7kbpTUQ5-0WTMIp8sVwA,f1OMJ0Ux8vU,2024-10-21T23:16:14+00:00,2024-10-21,videos,False,none,60,Democrats see the writing on the wall and want credit for President Trump's policies.,"RNC Co-Chair Lara Trump: Democrats are seeing the writing on the wall and are attempting to tie themselves to President Trump's successful policies.

Americans see through their lies and will vote accordingly.",199,20,1,public,https://www.youtube.com/watch?v=f1OMJ0Ux8vU,2026-10-03T08:46:55+00:00
RNC,共和党,党组织,youtube,rnc,UC3o7kbpTUQ5-0WTMIp8sVwA,WKFnTsRe39A,2024-10-22T02:20:26+00:00,2024-10-21,videos,False,none,73,"Even though North Carolinians have been left behind by Kamala Harris, they remain resilient!","RNC Co-Chair Lara Trump: Even though North Carolinians have been left behind by Kamala Harris, they remain resilient and are showing up in record numbers to early vote!",653,41,19,public,https://www.youtube.com/watch?v=WKFnTsRe39A,2026-10-03T08:46:55+00:00
RNC,共和党,党组织,youtube,rnc,UC3o7kbpTUQ5-0WTMIp8sVwA,bGcpW_0IZEA,2024-10-22T02:41:28+00:00,2024-10-21,shorts,False,none,27,Great day in North Carolina!,Great day in North Carolina!,1380,111,6,public,https://www.youtube.com/watch?v=bGcpW_0IZEA,2026-10-03T08:46:55+00:00
RNC,共和党,党组织,youtube,rnc,UC3o7kbpTUQ5-0WTMIp8sVwA,wT4V4upLFaQ,2024-10-22T18:12:23+00:00,2024-10-22,shorts,False,none,31,President Trump will Make America Safe Again!,,601,92,3,public,https://www.youtube.com/watch?v=wT4V4upLFaQ,2026-10-03T08:46:55+00:00
RNC,共和党,党组织,youtube,rnc,UC3o7kbpTUQ5-0WTMIp8sVwA,yq6ZFiAXHc0,2024-10-22T21:34:37+00:00,2024-10-22,shorts,False,none,54,We have TWO WEEKS to get out the vote and Make America Great Again!,"We have TWO WEEKS to get out the vote and Make America Great Again!

Go to swampthevoteusa.com to make a plan!",853,77,8,public,https://www.youtube.com/watch?v=yq6ZFiAXHc0,2026-10-03T08:46:55+00:00
RNC,共和党,党组织,youtube,rnc,UC3o7kbpTUQ5-0WTMIp8sVwA,jNPiFNNGqxk,2024-10-22T23:29:15+00:00,2024-10-22,shorts,False,none,11,Merry Christmas Kamala!,Merry Christmas Kamala!,6954,219,46,public,https://www.youtube.com/watch?v=jNPiFNNGqxk,2026-10-03T08:46:55+00:00
RNC,共和党,党组织,youtube,rnc,UC3o7kbpTUQ5-0WTMIp8sVwA,WRr0P4illaw,2024-10-23T01:15:27+00:00,2024-10-22,shorts,False,none,68,Welcome to the GOP Tulsi!,Welcome to the GOP Tulsi!,1068,120,15,public,https://www.youtube.com/watch?v=WRr0P4illaw,2026-10-03T08:46:55+00:00
RNC,共和党,党组织,youtube,rnc,UC3o7kbpTUQ5-0WTMIp8sVwA,52juuR_V80Y,2024-10-23T02:07:25+00:00,2024-10-22,shorts,False,none,18,WE DID IT JOE,WE DID IT JOE!,3362,76,23,public,https://www.youtube.com/watch?v=52juuR_V80Y,2026-10-03T08:46:55+00:00
RNC,共和党,党组织,youtube,rnc,UC3o7kbpTUQ5-0WTMIp8sVwA,5034nWcG9b8,2024-10-23T02:34:23+00:00,2024-10-22,videos,False,none,43,"We will FIGHT, FIGHT, FIGHT!","We will FIGHT, FIGHT, FIGHT! 🇺🇸",932,99,12,public,https://www.youtube.com/watch?v=5034nWcG9b8,2026-10-03T08:46:55+00:00
RNC,共和党,党组织,youtube,rnc,UC3o7kbpTUQ5-0WTMIp8sVwA,IHXgqdLi6_4,2024-10-23T14:04:48+00:00,2024-10-23,videos,False,none,54,Kamala is Biden.,"Biden is Kamala.

Kamala is Biden.",445,58,11,public,https://www.youtube.com/watch?v=IHXgqdLi6_4,2026-10-03T08:46:55+00:00
RNC,共和党,党组织,youtube,rnc,UC3o7kbpTUQ5-0WTMIp8sVwA,oQS8525JC48,2024-10-23T16:25:23+00:00,2024-10-23,shorts,False,none,32,WOMEN FOR TRUMP! 🇺🇸,WOMEN FOR TRUMP! 🇺🇸,969,110,6,public,https://www.youtube.com/watch?v=oQS8525JC48,2026-10-03T08:46:55+00:00
RNC,共和党,党组织,youtube,rnc,UC3o7kbpTUQ5-0WTMIp8sVwA,XQGrXrEcHUA,2024-10-23T22:39:16+00:00,2024-10-23,shorts,False,none,18,Kamala Harris is a hypocrite.,Kamala Harris is a hypocrite.,868,83,11,public,https://www.youtube.com/watch?v=XQGrXrEcHUA,2026-10-03T08:46:55+00:00
RNC,共和党,党组织,youtube,rnc,UC3o7kbpTUQ5-0WTMIp8sVwA,fBUwV-LNeH4,2024-10-23T23:33:30+00:00,2024-10-23,videos,False,none,36,"Our message from President Trump, the Trump campaign, and the RNC is to get out and vote early","RNC Co-Chair Lara Trump: Our message from President Trump, the Trump campaign, and the RNC is to get out and vote early and bring a friend or family member.

SWAMPTHEVOTEUSA.COM",324,23,5,public,https://www.youtube.com/watch?v=fBUwV-LNeH4,2026-10-03T08:46:55+00:00
RNC,共和党,党组织,youtube,rnc,UC3o7kbpTUQ5-0WTMIp8sVwA,FwCtLUuznaU,2024-10-24T00:28:21+00:00,2024-10-23,shorts,False,none,58,"""I was welcomed with such open arms and was made very comfortable very quickly by my father-in-law.""","RNC Co-Chair Lara Trump: ""I was welcomed with such open arms and was made very comfortable very quickly by my father-in-law.""",1293,107,1,public,https://www.youtube.com/watch?v=FwCtLUuznaU,2026-10-03T08:46:55+00:00
RNC,共和党,党组织,youtube,rnc,UC3o7kbpTUQ5-0WTMIp8sVwA,ZS4TcvyqEIo,2024-10-24T02:04:09+00:00,2024-10-23,shorts,False,none,37,Kamala Harris WILL ban fracking,Kamala Harris WILL ban fracking,443,40,6,public,https://www.youtube.com/watch?v=ZS4TcvyqEIo,2026-10-03T08:46:55+00:00
RNC,共和党,党组织,youtube,rnc,UC3o7kbpTUQ5-0WTMIp8sVwA,F7lZSIcDv54,2024-10-24T14:10:44+00:00,2024-10-24,shorts,False,none,48,BLACK AMERICANS FOR TRUMP,Kamala Harris and Democrats have left Black Americans behind,2189,129,20,public,https://www.youtube.com/watch?v=F7lZSIcDv54,2026-10-03T08:46:55+00:00
RNC,共和党,党组织,youtube,rnc,UC3o7kbpTUQ5-0WTMIp8sVwA,_U-GyeixgtU,2024-10-24T17:29:44+00:00,2024-10-24,videos,False,none,163,"""I think we did the right thing"" -Kamala Harris","""I think we did the right thing"" -Kamala Harris",439,53,11,public,https://www.youtube.com/watch?v=_U-GyeixgtU,2026-10-03T08:46:55+00:00
RNC,共和党,党组织,youtube,rnc,UC3o7kbpTUQ5-0WTMIp8sVwA,AeO5AjXMEK0,2024-10-24T19:25:34+00:00,2024-10-24,shorts,False,none,62,"""An undocumented immigrant is not a criminal."" -Kamala Harris","""An undocumented immigrant is not a criminal."" -Kamala Harris",643,61,18,public,https://www.youtube.com/watch?v=AeO5AjXMEK0,2026-10-03T08:46:55+00:00
RNC,共和党,党组织,youtube,rnc,UC3o7kbpTUQ5-0WTMIp8sVwA,-N7R7euR9HQ,2024-10-24T20:26:19+00:00,2024-10-24,shorts,False,none,47,Kamala would be the Divider and Chief.,"Two-faced Kamala has been pushing hateful rhetoric for years! In one breath she attacks President Trump and Republicans and in the next, she calls for ""unity.""  

She would be the Divider and Chief.",418,33,9,public,https://www.youtube.com/watch?v=-N7R7euR9HQ,2026-10-03T08:46:55+00:00
RNC,共和党,党组织,youtube,rnc,UC3o7kbpTUQ5-0WTMIp8sVwA,JpLq1bL9aRE,2024-10-25T16:25:30+00:00,2024-10-25,shorts,False,none,25,This is a blatant lie by Kamala Harris.,"As President Trump said, he will NOT impose a national sales tax. This is a blatant lie by Kamala Harris.",5030,188,41,public,https://www.youtube.com/watch?v=JpLq1bL9aRE,2026-10-03T08:46:55+00:00
RNC,共和党,党组织,youtube,rnc,UC3o7kbpTUQ5-0WTMIp8sVwA,pJTxWvsVceo,2024-10-25T17:26:37+00:00,2024-10-25,videos,False,none,31,Kamala Harris broke our country.,"Kamala Harris broke our country.

President Trump will put America First Again and fix our great nation!",718,82,8,public,https://www.youtube.com/watch?v=pJTxWvsVceo,2026-10-03T08:46:55+00:00
RNC,共和党,党组织,youtube,rnc,UC3o7kbpTUQ5-0WTMIp8sVwA,OB5-OJ6YRBg,2024-10-25T18:06:32+00:00,2024-10-25,shorts,False,none,105,UNITE AMERICA!,,599,45,20,public,https://www.youtube.com/watch?v=OB5-OJ6YRBg,2026-10-03T08:46:55+00:00
RNC,共和党,党组织,youtube,rnc,UC3o7kbpTUQ5-0WTMIp8sVwA,zm3lM4aLoko,2024-10-26T00:23:12+00:00,2024-10-25,videos,False,none,17,11 days till victory!,"That Friday night feeling!

11 days till victory!",1521,95,23,public,https://www.youtube.com/watch?v=zm3lM4aLoko,2026-10-03T08:46:55+00:00
RNC,共和党,党组织,youtube,rnc,UC3o7kbpTUQ5-0WTMIp8sVwA,wlBSs2NMuGE,2024-10-26T14:43:22+00:00,2024-10-26,shorts,False,none,35,"With only 10 days left, let your voice be heard!","YOUR VOTE IS YOUR VOICE! 🇺🇸 

With only 10 days left, let your voice be heard! 📢",751,60,11,public,https://www.youtube.com/watch?v=wlBSs2NMuGE,2026-10-03T08:46:55+00:00
RNC,共和党,党组织,youtube,rnc,UC3o7kbpTUQ5-0WTMIp8sVwA,fJ9E_J2yFsU,2024-10-26T18:21:22+00:00,2024-10-26,shorts,False,none,32,Kamala Harris wants to abolish ICE,FLASHBACK: Kamala Harris wants to abolish ICE,1427,54,11,public,https://www.youtube.com/watch?v=fJ9E_J2yFsU,2026-10-03T08:46:55+00:00
RNC,共和党,党组织,youtube,rnc,UC3o7kbpTUQ5-0WTMIp8sVwA,MJm6zClQ0Zw,2024-10-28T01:01:20+00:00,2024-10-27,shorts,False,none,57,President Trump has always put the American people first!,"RNC Co-Chair Lara Trump: President Trump is ""the only President to come out of the White House with less money than he went into the White House.""

President Trump has always put the American people first!",1682,97,27,public,https://www.youtube.com/watch?v=MJm6zClQ0Zw,2026-10-03T08:46:55+00:00
RNC,共和党,党组织,youtube,rnc,UC3o7kbpTUQ5-0WTMIp8sVwA,9sNErMzlfAM,2024-10-28T15:40:15+00:00,2024-10-28,videos,False,none,41,"RNC Chairman Whatley: President Trump's Madison Square Garden rally ""was a rally for America!""","RNC Chairman Whatley: President Trump's Madison Square Garden rally ""was a rally for America!""",415,47,21,public,https://www.youtube.com/watch?v=9sNErMzlfAM,2026-10-03T08:46:55+00:00
RNC,共和党,党组织,youtube,rnc,UC3o7kbpTUQ5-0WTMIp8sVwA,xPY9ohej4qc,2024-10-28T16:10:32+00:00,2024-10-28,shorts,False,none,36,We Will Never Give Up!,"We are one people

We are one family 

We are one glorious nation under God

We will be excited again about the future of our country...

Together we will FIGHT, FIGHT, FIGHT and we will WIN, WIN, WIN!",1712,192,16,public,https://www.youtube.com/watch?v=xPY9ohej4qc,2026-10-03T08:46:55+00:00
RNC,共和党,党组织,youtube,rnc,UC3o7kbpTUQ5-0WTMIp8sVwA,2X87wz7_9Uk,2024-10-29T17:23:31+00:00,2024-10-29,shorts,False,none,70,Join the team to Save America! Make your plan to vote for President Trump today!,WATCH: Vianca Rodriguez wants you to join the team to Save America! Make your plan to vote for President Trump today!,420,37,16,public,https://www.youtube.com/watch?v=2X87wz7_9Uk,2026-10-03T08:46:55+00:00
RNC,共和党,党组织,youtube,rnc,UC3o7kbpTUQ5-0WTMIp8sVwA,lQuKyUvX6Os,2024-10-29T20:47:31+00:00,2024-10-29,shorts,False,none,36,Only one week left to Make America Great Again! 🇺🇸,Only one week left to Make America Great Again! 🇺🇸,821,51,10,public,https://www.youtube.com/watch?v=lQuKyUvX6Os,2026-10-03T08:46:55+00:00
RNC,共和党,党组织,youtube,rnc,UC3o7kbpTUQ5-0WTMIp8sVwA,20a4AopUo1k,2024-10-30T19:50:18+00:00,2024-10-30,videos,False,none,8,The Republican Party is the party of inclusion!,The Republican Party is the party of inclusion!,424,42,10,public,https://www.youtube.com/watch?v=20a4AopUo1k,2026-10-03T08:46:55+00:00
RNC,共和党,党组织,youtube,rnc,UC3o7kbpTUQ5-0WTMIp8sVwA,WtM6lXatVHA,2024-10-30T20:27:20+00:00,2024-10-30,videos,False,none,62,Lara Trump highlights the Trump Campaign and the RNC's lawsuit win in Bucks County Pennsylvania!,BREAKING: RNC Co-Chair Lara Trump highlights the Trump Campaign and the RNC's lawsuit win in Bucks County Pennsylvania!,277,33,5,public,https://www.youtube.com/watch?v=WtM6lXatVHA,2026-10-03T08:46:55+00:00
RNC,共和党,党组织,youtube,rnc,UC3o7kbpTUQ5-0WTMIp8sVwA,FkS-oswUU18,2024-10-30T21:15:25+00:00,2024-10-30,videos,False,none,55,We want it to be easy to vote and hard to cheat,"RNC Chairman Whatley: ""We want it to be easy to vote and hard to cheat. We are seeing record turnout right now, record enthusiasm for President Trump. We want to make sure that the people that are taking the time out of their week"" are going to be able to vote.",234,33,18,public,https://www.youtube.com/watch?v=FkS-oswUU18,2026-10-03T08:46:55+00:00
RNC,共和党,党组织,youtube,rnc,UC3o7kbpTUQ5-0WTMIp8sVwA,bucyYczLUck,2024-10-30T22:45:19+00:00,2024-10-30,shorts,False,none,23,"""You can't lead America if you don't love Americans."" -President Trump","""You can't lead America if you don't love Americans."" -President Trump",3359,133,17,public,https://www.youtube.com/watch?v=bucyYczLUck,2026-10-03T08:46:55+00:00
RNC,共和党,党组织,youtube,rnc,UC3o7kbpTUQ5-0WTMIp8sVwA,rTHGWLnr5qI,2024-10-31T13:25:20+00:00,2024-10-31,shorts,False,none,8,The joy is gone.,The joy is gone.,1074,42,7,public,https://www.youtube.com/watch?v=rTHGWLnr5qI,2026-10-03T08:46:55+00:00
RNC,共和党,党组织,youtube,rnc,UC3o7kbpTUQ5-0WTMIp8sVwA,Xr-rCTjp3zo,2024-10-31T14:47:59+00:00,2024-10-31,shorts,False,none,38,The clock is ticking! 5 days left until we fire Kamala and Make America Great Again! 🇺🇸,The clock is ticking! 5 days left until we fire Kamala and Make America Great Again! 🇺🇸,851,58,7,public,https://www.youtube.com/watch?v=Xr-rCTjp3zo,2026-10-03T08:46:55+00:00
RNC,共和党,党组织,youtube,rnc,UC3o7kbpTUQ5-0WTMIp8sVwA,jp6lt_RT8PE,2024-10-31T17:13:39+00:00,2024-10-31,shorts,False,none,69,"""I support President Donald Trump because President Trump supports us.""","""I support President Donald Trump because President Trump supports us.""",879,69,13,public,https://www.youtube.com/watch?v=jp6lt_RT8PE,2026-10-03T08:46:55+00:00
RNC,共和党,党组织,youtube,rnc,UC3o7kbpTUQ5-0WTMIp8sVwA,7lCgLYuaN8E,2024-10-31T19:15:35+00:00,2024-10-31,shorts,False,none,49,"Bucks County, PA early vote has been extended till Friday Nov. 1st!","Get out and vote!

Bucks County, PA early vote has been extended till Friday Nov. 1st!",719,58,4,public,https://www.youtube.com/watch?v=7lCgLYuaN8E,2026-10-03T08:46:55+00:00
RNC,共和党,党组织,youtube,rnc,UC3o7kbpTUQ5-0WTMIp8sVwA,1A4TJ-zWn8w,2024-10-31T19:59:06+00:00,2024-10-31,shorts,False,none,50,Happy MAGAween! 🎃 🍬,"Happy MAGAween! 🎃 🍬

Let's vote Kamala out and ensure our prices aren't as spooky anymore!",1073,91,9,public,https://www.youtube.com/watch?v=1A4TJ-zWn8w,2026-10-03T08:46:55+00:00
RNC,共和党,党组织,youtube,rnc,UC3o7kbpTUQ5-0WTMIp8sVwA,g87Tl1K3VbY,2024-11-01T18:13:27+00:00,2024-11-01,videos,False,none,57,"""We are very proud of Bidenomics."" - Kamala Harris","""We are very proud of Bidenomics."" - Kamala Harris

The Harris-Biden administration has failed.",425,43,1,public,https://www.youtube.com/watch?v=g87Tl1K3VbY,2026-10-03T08:46:55+00:00
RNC,共和党,党组织,youtube,rnc,UC3o7kbpTUQ5-0WTMIp8sVwA,zUj8YILMz00,2024-11-01T21:16:23+00:00,2024-11-01,shorts,False,none,14,"If you're in line, stay in line!","🚨 BUCKS COUNTY, PA today is the last day for early voting!

If you're in line, stay in line!",870,66,8,public,https://www.youtube.com/watch?v=zUj8YILMz00,2026-10-03T08:46:55+00:00
RNC,共和党,党组织,youtube,rnc,UC3o7kbpTUQ5-0WTMIp8sVwA,hS36mewbsGU,2024-11-02T00:56:09+00:00,2024-11-01,videos,False,none,45,We want to make sure everyone knows that their vote matters.,RNC Co-Chair Lara Trump: The RNC and Trump Campaign want to make sure everyone feels good about this election and know that their vote matters.,355,43,4,public,https://www.youtube.com/watch?v=hS36mewbsGU,2026-10-03T08:46:55+00:00
RNC,共和党,党组织,youtube,rnc,UC3o7kbpTUQ5-0WTMIp8sVwA,T6utNql2Wp0,2024-11-02T03:18:02+00:00,2024-11-01,videos,False,none,58,America is fed up!,Texas Lt. Governor Dan Patrick: America is fed up! We are ready to elect President Trump the 47th president of the United States!,930,98,18,public,https://www.youtube.com/watch?v=T6utNql2Wp0,2026-10-03T08:46:55+00:00
RNC,共和党,党组织,youtube,rnc,UC3o7kbpTUQ5-0WTMIp8sVwA,ow0u4jAv6xk,2024-11-02T13:30:20+00:00,2024-11-02,videos,False,none,51,"Starting on day one, we will Make America Affordable Again!","Starting on day one, we will Make America Affordable Again!",658,37,7,public,https://www.youtube.com/watch?v=ow0u4jAv6xk,2026-10-03T08:46:55+00:00
RNC,共和党,党组织,youtube,rnc,UC3o7kbpTUQ5-0WTMIp8sVwA,HZAt20MmYxI,2024-11-02T18:25:17+00:00,2024-11-02,videos,False,none,37,"Starting on day one, I will seal the border and stop the migrant invasion","""Starting on day one, I will seal the border and stop the migrant invasion...We will put America First and we will take back our country!"" 

-President Trump",573,55,10,public,https://www.youtube.com/watch?v=HZAt20MmYxI,2026-10-03T08:46:55+00:00
RNC,共和党,党组织,youtube,rnc,UC3o7kbpTUQ5-0WTMIp8sVwA,xSKdCgIlFT8,2024-11-02T19:19:22+00:00,2024-11-02,shorts,False,none,12,Kamala wants to talk about manufacturing,"Kamala wants to talk about manufacturing - so let's talk about the 46,000 factory jobs that were lost under her watch last month",1406,53,10,public,https://www.youtube.com/watch?v=xSKdCgIlFT8,2026-10-03T08:46:55+00:00
RNC,共和党,党组织,youtube,rnc,UC3o7kbpTUQ5-0WTMIp8sVwA,6D8wIYp2D9o,2024-11-02T20:25:18+00:00,2024-11-02,shorts,False,none,29,"""They can never shut down our voice.""","Get out and vote!

""They can never shut down our voice."" - Pennsylvania Rep. Guy Reschenthaler",1198,70,3,public,https://www.youtube.com/watch?v=6D8wIYp2D9o,2026-10-03T08:46:55+00:00
RNC,共和党,党组织,youtube,rnc,UC3o7kbpTUQ5-0WTMIp8sVwA,OC1gyoKERDo,2024-11-02T23:05:22+00:00,2024-11-02,shorts,False,none,19,Kamala will only bring more of the same failed policies,Kamala will only bring more of the same failed policies Americans have face over the past 4 years.,1319,90,11,public,https://www.youtube.com/watch?v=OC1gyoKERDo,2026-10-03T08:46:55+00:00
RNC,共和党,党组织,youtube,rnc,UC3o7kbpTUQ5-0WTMIp8sVwA,kT5c6Wvh68g,2024-11-03T14:28:15+00:00,2024-11-03,videos,False,none,31,We only have 2 days left until we fire Kamala Harris and elect President Trump!,RNC Co-Chair Lara Trump: We only have 2 days left until we fire Kamala Harris and elect President Trump!,491,67,11,public,https://www.youtube.com/watch?v=kT5c6Wvh68g,2026-10-03T08:46:55+00:00
RNC,共和党,党组织,youtube,rnc,UC3o7kbpTUQ5-0WTMIp8sVwA,1Ny-VPDLlfk,2024-11-03T18:21:40+00:00,2024-11-03,videos,False,none,63,Lara Trump: Every vote counts! Go vote!,"RNC Co-Chair Lara Trump: Every vote counts! Go vote!

SWAMPTHEVOTEUSA.COM",434,34,4,public,https://www.youtube.com/watch?v=1Ny-VPDLlfk,2026-10-03T08:46:55+00:00
RNC,共和党,党组织,youtube,rnc,UC3o7kbpTUQ5-0WTMIp8sVwA,lZ1HbbwH5Fo,2024-11-03T20:11:19+00:00,2024-11-03,videos,False,none,28,We have the momentum!,"RNC Chairman Whatley: Republican voters are turning out in great numbers to support President Trump! With two days left, we have the momentum!",682,61,11,public,https://www.youtube.com/watch?v=lZ1HbbwH5Fo,2026-10-03T08:46:55+00:00
RNC,共和党,党组织,youtube,rnc,UC3o7kbpTUQ5-0WTMIp8sVwA,vCyj7Kq3XSw,2024-11-04T15:19:42+00:00,2024-11-04,videos,False,none,206,No one is working harder than President Trump! SAVE AMERICA,"RECAP! 🚨 

No one is working harder than President Trump! SAVE AMERICA! 🇺🇸",1085,64,14,public,https://www.youtube.com/watch?v=vCyj7Kq3XSw,2026-10-03T08:46:55+00:00
RNC,共和党,党组织,youtube,rnc,UC3o7kbpTUQ5-0WTMIp8sVwA,EDY5P0tOxDk,2024-11-04T15:44:17+00:00,2024-11-04,shorts,False,none,16,Make A Plan!,"Make A Plan!

SWAMPTHEVOTEUSA.COM",1011,50,2,public,https://www.youtube.com/watch?v=EDY5P0tOxDk,2026-10-03T08:46:55+00:00
RNC,共和党,党组织,youtube,rnc,UC3o7kbpTUQ5-0WTMIp8sVwA,a8JdUBDmVq8,2024-11-04T22:11:37+00:00,2024-11-04,videos,False,none,71,Why are you voting for President Trump?,Why are you voting for President Trump?,468,44,6,public,https://www.youtube.com/watch?v=a8JdUBDmVq8,2026-10-03T08:46:55+00:00
RNC,共和党,党组织,youtube,rnc,UC3o7kbpTUQ5-0WTMIp8sVwA,PupQ_UvtZnc,2024-11-04T23:14:30+00:00,2024-11-04,shorts,False,none,10,That one day out feeling!,That one day out feeling! 🕺,5120,353,50,public,https://www.youtube.com/watch?v=PupQ_UvtZnc,2026-10-03T08:46:55+00:00
RNC,共和党,党组织,youtube,rnc,UC3o7kbpTUQ5-0WTMIp8sVwA,3x6U7r53vT0,2024-11-04T23:35:37+00:00,2024-11-04,videos,False,none,152,Recap of President Trump's rally in Raleigh!,"Recap of President Trump's rally in Raleigh!

Thank you, North Carolina!",524,26,5,public,https://www.youtube.com/watch?v=3x6U7r53vT0,2026-10-03T08:46:55+00:00
RNC,共和党,党组织,youtube,rnc,UC3o7kbpTUQ5-0WTMIp8sVwA,UJUu6nzej28,2024-11-05T00:52:32+00:00,2024-11-04,shorts,False,none,48,VOTE! VOTE! VOTE!,VOTE! VOTE! VOTE!,851,44,6,public,https://www.youtube.com/watch?v=UJUu6nzej28,2026-10-03T08:46:55+00:00
RNC,共和党,党组织,youtube,rnc,UC3o7kbpTUQ5-0WTMIp8sVwA,U0yf5lcUYpw,2024-11-05T01:25:10+00:00,2024-11-04,shorts,False,none,17,"Kamala broke it, Trump will fix it!","Kamala broke it, Trump will fix it!",3177,198,18,public,https://www.youtube.com/watch?v=U0yf5lcUYpw,2026-10-03T08:46:55+00:00
RNC,共和党,党组织,youtube,rnc,UC3o7kbpTUQ5-0WTMIp8sVwA,TX9sYuyRZZk,2024-11-05T14:48:01+00:00,2024-11-05,videos,False,none,27,"To ensure President Trump wins, we must turn out and vote!","RNC Chairman Whatley: To ensure President Trump wins, we must turn out and vote!",197,18,3,public,https://www.youtube.com/watch?v=TX9sYuyRZZk,2026-10-03T08:46:55+00:00
RNC,共和党,党组织,youtube,rnc,UC3o7kbpTUQ5-0WTMIp8sVwA,4ejCy8gEBzk,2024-11-05T15:45:27+00:00,2024-11-05,videos,False,none,96,President Trump has fought for this country for the last nine years and is ready for four more!,RNC Co-Chair Lara Trump: President Trump has fought for this country for the last nine years and is ready to spend four more fighting for America from the Oval Office!,877,49,6,public,https://www.youtube.com/watch?v=4ejCy8gEBzk,2026-10-03T08:46:55+00:00
RNC,共和党,党组织,youtube,rnc,UC3o7kbpTUQ5-0WTMIp8sVwA,Pj5VOhomV2U,2024-11-05T16:32:26+00:00,2024-11-05,shorts,False,none,26,The feeling you get after voting for President Trump,The feeling you get after voting for President Trump 🎉,8904,576,39,public,https://www.youtube.com/watch?v=Pj5VOhomV2U,2026-10-03T08:46:55+00:00
RNC,共和党,党组织,youtube,rnc,UC3o7kbpTUQ5-0WTMIp8sVwA,qWnlFybHtMo,2024-11-05T18:07:18+00:00,2024-11-05,videos,False,none,32,President Trump has worked tirelessly and will Make America Great Again!,"RNC Chairman Whatley: President Trump has worked tirelessly and with your help, we will Make America Affordable Again, we will Make America Safe Again, and we will Make America Great Again!",359,38,6,public,https://www.youtube.com/watch?v=qWnlFybHtMo,2026-10-03T08:46:55+00:00
RNC,共和党,党组织,youtube,rnc,UC3o7kbpTUQ5-0WTMIp8sVwA,eVblW5E25Hs,2024-11-05T20:30:22+00:00,2024-11-05,videos,False,none,38,Today is the day! Go vote - SAVE AMERICA!,RNC Co-Chair @LaraLeaTrump: Today is the day! Go vote - SAVE AMERICA!,590,46,19,public,https://www.youtube.com/watch?v=eVblW5E25Hs,2026-10-03T08:46:55+00:00
RNC,共和党,党组织,youtube,rnc,UC3o7kbpTUQ5-0WTMIp8sVwA,6P4iSCBCR1g,2024-11-05T22:25:17+00:00,2024-11-05,videos,False,none,41,RNC @ChairmanWhatley: Republicans have the momentum! Vote! Vote! Vote!,RNC Chairman Whatley: Republicans have the momentum! Vote! Vote! Vote!,777,44,8,public,https://www.youtube.com/watch?v=6P4iSCBCR1g,2026-10-03T08:46:55+00:00
Donald J. Trump,共和党,候选人阵营,youtube,trump,UCAql2DyGU2un1Ei2nMYsqOA,0RLhu9Ngchc,2024-07-21T19:09:44+00:00,2024-07-21,videos,False,none,31,Kamala was in on it.,,536882,64432,7398,public,https://www.youtube.com/watch?v=0RLhu9Ngchc,2026-10-03T08:49:57+00:00
Donald J. Trump,共和党,候选人阵营,youtube,trump,UCAql2DyGU2un1Ei2nMYsqOA,6T4-CW9HxFY,2024-07-24T23:57:54+00:00,2024-07-24,streams,True,none,5757,"LIVE: President Trump in Charlotte, NC","Text TRUMP to 88022 to take the official Trump Supporter Survey.

Brand New MAGA Hats Released! Visit the Official Trump Store to claim the just released new MAGA Hats: https://www.donaldjtrump.com/store

Paid for by Trump National Committee JFC Inc., a joint fundraising committee composed of and authorized by Donald J. Trump for President 2024, Inc. and the Republican National Committee.",284060,27207,1551,public,https://www.youtube.com/watch?v=6T4-CW9HxFY,2026-10-03T08:49:57+00:00
Donald J. Trump,共和党,候选人阵营,youtube,trump,UCAql2DyGU2un1Ei2nMYsqOA,c9_WHRFLDsM,2024-07-25T15:09:29+00:00,2024-07-25,videos,False,none,99,Meet San Francisco Liberal Kamala Harris,WWW.DONALDJTRUMP.COM,263674,26939,4481,public,https://www.youtube.com/watch?v=c9_WHRFLDsM,2026-10-03T08:49:57+00:00
Donald J. Trump,共和党,候选人阵营,youtube,trump,UCAql2DyGU2un1Ei2nMYsqOA,YUavP949ZKU,2024-07-26T19:56:44+00:00,2024-07-26,videos,False,none,56,Kamala Harris owns Bidenomics,WWW.DONALDJTRUMP.COM,152609,18466,4107,public,https://www.youtube.com/watch?v=YUavP949ZKU,2026-10-03T08:49:57+00:00
Donald J. Trump,共和党,候选人阵营,youtube,trump,UCAql2DyGU2un1Ei2nMYsqOA,2aqG8ilEr8M,2024-07-28T02:23:12+00:00,2024-07-27,streams,True,none,9898,"LIVE: President Trump & VP Nominee, Senator JD Vance in St. Cloud, MN","Text TRUMP to 88022 to take the official Trump Supporter Survey.

Brand New MAGA Hats Released! Visit the Official Trump Store to claim the just released new MAGA Hats: https://www.donaldjtrump.com/store

Paid for by Trump National Committee JFC Inc., a joint fundraising committee composed of and authorized by Donald J. Trump for President 2024, Inc. and the Republican National Committee.",339045,21244,1415,public,https://www.youtube.com/watch?v=2aqG8ilEr8M,2026-10-03T08:49:57+00:00
Donald J. Trump,共和党,候选人阵营,youtube,trump,UCAql2DyGU2un1Ei2nMYsqOA,speJ-hLqZ-M,2024-07-30T14:18:53+00:00,2024-07-30,videos,False,none,31,"""I DON'T UNDERSTAND""",WWW.DONALDJTRUMP.COM,206495,29043,3700,public,https://www.youtube.com/watch?v=speJ-hLqZ-M,2026-10-03T08:49:57+00:00
Donald J. Trump,共和党,候选人阵营,youtube,trump,UCAql2DyGU2un1Ei2nMYsqOA,olRj4cE_aW8,2024-07-30T18:45:39+00:00,2024-07-30,videos,False,none,98,Kamala's Minnesota Freedom Fund,www.donaldjtrump.com,226212,32124,3747,public,https://www.youtube.com/watch?v=olRj4cE_aW8,2026-10-03T08:49:57+00:00
Donald J. Trump,共和党,候选人阵营,youtube,trump,UCAql2DyGU2un1Ei2nMYsqOA,bw7qo1THgqo,2024-08-01T00:39:35+00:00,2024-07-31,streams,True,none,5461,"LIVE: President Trump in Harrisburg, PA","Text TRUMP to 88022 to take the official Trump Supporter Survey.

Brand New MAGA Hats Released! Visit the Official Trump Store to claim the just released new MAGA Hats: https://www.donaldjtrump.com/store

Paid for by Trump National Committee JFC Inc., a joint fundraising committee composed of and authorized by Donald J. Trump for President 2024, Inc. and the Republican National Committee.",215995,22038,1455,public,https://www.youtube.com/watch?v=bw7qo1THgqo,2026-10-03T08:49:57+00:00
Donald J. Trump,共和党,候选人阵营,youtube,trump,UCAql2DyGU2un1Ei2nMYsqOA,UN9UQ7uJeUA,2024-08-03T23:52:19+00:00,2024-08-03,streams,True,none,9787,"LIVE: President Trump in Atlanta, GA","Text TRUMP to 88022 to take the official Trump Supporter Survey.

Brand New MAGA Hats Released! Visit the Official Trump Store to claim the just released new MAGA Hats: https://www.donaldjtrump.com/store

Paid for by Trump National Committee JFC Inc., a joint fundraising committee composed of and authorized by Donald J. Trump for President 2024, Inc. and the Republican National Committee.",228924,17845,1292,public,https://www.youtube.com/watch?v=UN9UQ7uJeUA,2026-10-03T08:49:57+00:00
Donald J. Trump,共和党,候选人阵营,youtube,trump,UCAql2DyGU2un1Ei2nMYsqOA,wt1IYMb3dLE,2024-08-05T15:07:21+00:00,2024-08-05,videos,False,none,65,BIG TECH CENSORSHIP!,WWW.DONALDJTRUMP.COM,77924,14411,2120,public,https://www.youtube.com/watch?v=wt1IYMb3dLE,2026-10-03T08:49:57+00:00
Donald J. Trump,共和党,候选人阵营,youtube,trump,UCAql2DyGU2un1Ei2nMYsqOA,293rHiqejk8,2024-08-06T14:36:16+00:00,2024-08-06,videos,False,none,31,"Kamala Harris and Tim Walz: Weak, Failed, Dangerously Liberal","Kamala Harris and Tim Walz: Weak, Failed, Dangerously Liberal",88686,13644,2714,public,https://www.youtube.com/watch?v=293rHiqejk8,2026-10-03T08:49:57+00:00
Donald J. Trump,共和党,候选人阵营,youtube,trump,UCAql2DyGU2un1Ei2nMYsqOA,Esw_4g1efZY,2024-08-06T20:20:51+00:00,2024-08-06,videos,False,none,68,ARE YOU BETTER OFF THAN YOU WERE 4 YEARS AGO?,WWW.DONALDJTRUMP.COM,124655,17392,2992,public,https://www.youtube.com/watch?v=Esw_4g1efZY,2026-10-03T08:49:57+00:00
Donald J. Trump,共和党,候选人阵营,youtube,trump,UCAql2DyGU2un1Ei2nMYsqOA,ads5eekhHXg,2024-08-07T14:27:16+00:00,2024-08-07,videos,False,none,204,OUR FORGOTTEN CITIES,WWW.DONALDJTRUMP.COM,153924,24833,3362,public,https://www.youtube.com/watch?v=ads5eekhHXg,2026-10-03T08:49:57+00:00
Donald J. Trump,共和党,候选人阵营,youtube,trump,UCAql2DyGU2un1Ei2nMYsqOA,E_KLBGbuufw,2024-08-10T04:35:16+00:00,2024-08-10,videos,True,none,84,Meet the Real Kamala Harris.,"WWW.DONALDJTRUMP.COM

FOLLOW TRUMP WAR ROOM: https://x.com/TrumpWarRoom",724081,56548,9337,public,https://www.youtube.com/watch?v=E_KLBGbuufw,2026-10-03T08:49:57+00:00
Donald J. Trump,共和党,候选人阵营,youtube,trump,UCAql2DyGU2un1Ei2nMYsqOA,taHu_CYwv8g,2024-08-10T05:22:10+00:00,2024-08-10,streams,True,none,6219,"LIVE: President Trump in Bozeman, MT","Text TRUMP to 88022 to take the official Trump Supporter Survey.

Brand New MAGA Hats Released! Visit the Official Trump Store to claim the just released new MAGA Hats: https://www.donaldjtrump.com/store

Paid for by Trump National Committee JFC Inc., a joint fundraising committee composed of and authorized by Donald J. Trump for President 2024, Inc. and the Republican National Committee.",187502,19105,1824,public,https://www.youtube.com/watch?v=taHu_CYwv8g,2026-10-03T08:49:57+00:00
Donald J. Trump,共和党,候选人阵营,youtube,trump,UCAql2DyGU2un1Ei2nMYsqOA,QzWjFzRMQNA,2024-08-13T04:56:14+00:00,2024-08-13,videos,False,none,7559,President Trump's Interview with Elon Musk on X,WWW.DONALDJTRUMP.COM,2461826,140652,21282,public,https://www.youtube.com/watch?v=QzWjFzRMQNA,2026-10-03T08:49:57+00:00
Donald J. Trump,共和党,候选人阵营,youtube,trump,UCAql2DyGU2un1Ei2nMYsqOA,AfEMtpghYgI,2024-08-14T21:27:15+00:00,2024-08-14,streams,True,none,4604,"LIVE: President Trump in Asheville, NC","Text TRUMP to 88022 to take the official Trump Supporter Survey.

Brand New MAGA Hats Released! Visit the Official Trump Store to claim the just released new MAGA Hats: https://www.donaldjtrump.com/store

Paid for by Trump National Committee JFC Inc., a joint fundraising committee composed of and authorized by Donald J. Trump for President 2024, Inc. and the Republican National Committee.",153098,18202,1422,public,https://www.youtube.com/watch?v=AfEMtpghYgI,2026-10-03T08:49:57+00:00
Donald J. Trump,共和党,候选人阵营,youtube,trump,UCAql2DyGU2un1Ei2nMYsqOA,Jm8bMfQEIps,2024-08-14T21:33:55+00:00,2024-08-14,videos,False,none,4604,"FULL REMARKS: President Trump's Plan To Defeat Inflation in Asheville, NC",www.donaldjtrump.com,72783,8017,2256,public,https://www.youtube.com/watch?v=Jm8bMfQEIps,2026-10-03T08:49:57+00:00
Donald J. Trump,共和党,候选人阵营,youtube,trump,UCAql2DyGU2un1Ei2nMYsqOA,kbD8RzF1HpQ,2024-08-16T19:31:06+00:00,2024-08-16,videos,False,none,157,CNN Economist DESTROYS Kamala's Communist Price Control Scheme In 2 Minutes,WWW.DONALDJTRUMP.COM,331116,21007,3914,public,https://www.youtube.com/watch?v=kbD8RzF1HpQ,2026-10-03T08:49:57+00:00
Donald J. Trump,共和党,候选人阵营,youtube,trump,UCAql2DyGU2un1Ei2nMYsqOA,XlyL1Q5T2Aw,2024-08-17T22:31:20+00:00,2024-08-17,streams,True,none,6364,"LIVE: President Trump in Wilkes-Barre, PA","Text TRUMP to 88022 to take the official Trump Supporter Survey.

Brand New MAGA Hats Released! Visit the Official Trump Store to claim the just released new MAGA Hats: https://www.donaldjtrump.com/store

Paid for by Trump National Committee JFC Inc., a joint fundraising committee composed of and authorized by Donald J. Trump for President 2024, Inc. and the Republican National Committee.",206125,21384,2240,public,https://www.youtube.com/watch?v=XlyL1Q5T2Aw,2026-10-03T08:49:57+00:00
Donald J. Trump,共和党,候选人阵营,youtube,trump,UCAql2DyGU2un1Ei2nMYsqOA,6of7LSrtXCw,2024-08-19T20:00:59+00:00,2024-08-19,streams,True,none,3653,"LIVE: President Trump in York, PA","Text TRUMP to 88022 to take the official Trump Supporter Survey.

Brand New MAGA Hats Released! Visit the Official Trump Store to claim the just released new MAGA Hats: https://www.donaldjtrump.com/store

Paid for by Trump National Committee JFC Inc., a joint fundraising committee composed of and authorized by Donald J. Trump for President 2024, Inc. and the Republican National Committee.",156572,15182,951,public,https://www.youtube.com/watch?v=6of7LSrtXCw,2026-10-03T08:49:57+00:00
Donald J. Trump,共和党,候选人阵营,youtube,trump,UCAql2DyGU2un1Ei2nMYsqOA,-U3fvlYkQa4,2024-08-20T19:33:10+00:00,2024-08-20,shorts,False,none,21,THE FUTURE IS AT STAKE,,303749,30277,4403,public,https://www.youtube.com/watch?v=-U3fvlYkQa4,2026-10-03T08:49:57+00:00
Donald J. Trump,共和党,候选人阵营,youtube,trump,UCAql2DyGU2un1Ei2nMYsqOA,x-kHhj6PB8k,2024-08-20T20:01:27+00:00,2024-08-20,streams,True,none,3238,"LIVE: President Trump in Detroit, MI","Text TRUMP to 88022 to take the official Trump Supporter Survey.

Brand New MAGA Hats Released! Visit the Official Trump Store to claim the just released new MAGA Hats: https://www.donaldjtrump.com/store

Paid for by Trump National Committee JFC Inc., a joint fundraising committee composed of and authorized by Donald J. Trump for President 2024, Inc. and the Republican National Committee.",112615,14482,1427,public,https://www.youtube.com/watch?v=x-kHhj6PB8k,2026-10-03T08:49:57+00:00
Donald J. Trump,共和党,候选人阵营,youtube,trump,UCAql2DyGU2un1Ei2nMYsqOA,XwXE23NKXgU,2024-08-20T22:03:49+00:00,2024-08-20,videos,False,none,31,'Harris' Liberal Ideas Get People Killed',WWW.DONALDJTRUMP.COM,61822,10124,1627,public,https://www.youtube.com/watch?v=XwXE23NKXgU,2026-10-03T08:49:57+00:00
Donald J. Trump,共和党,候选人阵营,youtube,trump,UCAql2DyGU2un1Ei2nMYsqOA,YdOwha5dbKM,2024-08-21T14:28:01+00:00,2024-08-21,videos,False,none,62,THE MOST EMBARRASSING DAY IN THE HISTORY OF OUR COUNTRY!,,80698,12273,1629,public,https://www.youtube.com/watch?v=YdOwha5dbKM,2026-10-03T08:49:57+00:00
Donald J. Trump,共和党,候选人阵营,youtube,trump,UCAql2DyGU2un1Ei2nMYsqOA,ZbUfGKqt4u4,2024-08-21T14:28:05+00:00,2024-08-21,videos,False,none,63,Kamala is a disgrace to our servicemembers.,,78137,9606,1840,public,https://www.youtube.com/watch?v=ZbUfGKqt4u4,2026-10-03T08:49:57+00:00
Donald J. Trump,共和党,候选人阵营,youtube,trump,UCAql2DyGU2un1Ei2nMYsqOA,VnFeUI3HTNA,2024-08-21T19:28:57+00:00,2024-08-21,streams,True,none,4273,"LIVE: President Trump in Asheboro, NC","Text TRUMP to 88022 to take the official Trump Supporter Survey.

Brand New MAGA Hats Released! Visit the Official Trump Store to claim the just released new MAGA Hats: https://www.donaldjtrump.com/store

Paid for by Trump National Committee JFC Inc., a joint fundraising committee composed of and authorized by Donald J. Trump for President 2024, Inc. and the Republican National Committee.",176117,16199,1675,public,https://www.youtube.com/watch?v=VnFeUI3HTNA,2026-10-03T08:49:57+00:00
Donald J. Trump,共和党,候选人阵营,youtube,trump,UCAql2DyGU2un1Ei2nMYsqOA,oZIC2VT-6GQ,2024-08-22T20:34:44+00:00,2024-08-22,streams,True,none,4509,"LIVE: President Trump in Montezuma Pass, AZ","Text TRUMP to 88022 to take the official Trump Supporter Survey.

Brand New MAGA Hats Released! Visit the Official Trump Store to claim the just released new MAGA Hats: https://www.donaldjtrump.com/store

Paid for by Trump National Committee JFC Inc., a joint fundraising committee composed of and authorized by Donald J. Trump for President 2024, Inc. and the Republican National Committee.",128345,14555,873,public,https://www.youtube.com/watch?v=oZIC2VT-6GQ,2026-10-03T08:49:57+00:00
Donald J. Trump,共和党,候选人阵营,youtube,trump,UCAql2DyGU2un1Ei2nMYsqOA,fyv2_trt8c0,2024-08-22T21:08:10+00:00,2024-08-22,videos,False,none,250,Rachel Morin was a mother of five. A Kamala Harris illegal migrant murdered her.,,81119,13313,2140,public,https://www.youtube.com/watch?v=fyv2_trt8c0,2026-10-03T08:49:57+00:00
Donald J. Trump,共和党,候选人阵营,youtube,trump,UCAql2DyGU2un1Ei2nMYsqOA,DgZNvUrpYM4,2024-08-22T23:38:14+00:00,2024-08-22,videos,False,none,219,Jocelyn Nungaray Was A 12-Year-Old From Houston. She Was Brutally Murdered By A Kamala Illegal Alien,,120105,16938,3100,public,https://www.youtube.com/watch?v=DgZNvUrpYM4,2026-10-03T08:49:57+00:00
Donald J. Trump,共和党,候选人阵营,youtube,trump,UCAql2DyGU2un1Ei2nMYsqOA,cBa31Q6nQus,2024-08-23T04:26:41+00:00,2024-08-23,videos,False,none,613,President Trump Reacts To Kamala's DNC Speech on Fox News,WWW.DONALDJTRUMP.COM,163006,9546,3171,public,https://www.youtube.com/watch?v=cBa31Q6nQus,2026-10-03T08:49:57+00:00
Donald J. Trump,共和党,候选人阵营,youtube,trump,UCAql2DyGU2un1Ei2nMYsqOA,EQ-gTRF5rKw,2024-08-23T20:01:20+00:00,2024-08-23,streams,True,none,2095,"LIVE: President Trump in Las Vegas, NV","Text TRUMP to 88022 to take the official Trump Supporter Survey.

Brand New MAGA Hats Released! Visit the Official Trump Store to claim the just released new MAGA Hats: https://www.donaldjtrump.com/store

Paid for by Trump National Committee JFC Inc., a joint fundraising committee composed of and authorized by Donald J. Trump for President 2024, Inc. and the Republican National Committee.",147621,14094,1356,public,https://www.youtube.com/watch?v=EQ-gTRF5rKw,2026-10-03T08:49:57+00:00
Donald J. Trump,共和党,候选人阵营,youtube,trump,UCAql2DyGU2un1Ei2nMYsqOA,TczYVTAlwgw,2024-08-26T13:24:09+00:00,2024-08-26,videos,False,none,377,"3 Years Ago Today, 13 American Heroes Were Killed in The Botched Harris-Biden Afghanistan Withdrawal","Three years ago today, 13 American heroes were killed in the Harris-Biden botched Afghanistan withdrawal.

To this day, Kamala Harris has never mentioned these fallen soldiers' names.

President Trump will never forget them.

www.donaldjtrump.com",47020,9413,1399,public,https://www.youtube.com/watch?v=TczYVTAlwgw,2026-10-03T08:49:57+00:00
Donald J. Trump,共和党,候选人阵营,youtube,trump,UCAql2DyGU2un1Ei2nMYsqOA,oZa5WIPGR-A,2024-08-26T13:28:12+00:00,2024-08-26,videos,False,none,151,Today marks the 3 year anniversary of the most embarrassing moment in the history of our country,,202632,27354,3675,public,https://www.youtube.com/watch?v=oZa5WIPGR-A,2026-10-03T08:49:57+00:00
Donald J. Trump,共和党,候选人阵营,youtube,trump,UCAql2DyGU2un1Ei2nMYsqOA,UTR_qkBI3VY,2024-08-26T19:31:16+00:00,2024-08-26,videos,False,none,216,"""SILENT NO MORE""",,789632,76808,7715,public,https://www.youtube.com/watch?v=UTR_qkBI3VY,2026-10-03T08:49:57+00:00
Donald J. Trump,共和党,候选人阵营,youtube,trump,UCAql2DyGU2un1Ei2nMYsqOA,b81bXmg6JAc,2024-08-26T20:46:52+00:00,2024-08-26,videos,False,none,434,Tulsi Gabbard Endorses President Donald J. Trump,"President Trump was endorsed by Tulsi Gabbard — a 17-year veteran of the Hawaii Army National Guard, former four-term congresswoman, and former Democrat presidential candidate: ""I am confident that his first task will be to do the work to walk us back from the brink of war.""",86798,8852,1814,public,https://www.youtube.com/watch?v=b81bXmg6JAc,2026-10-03T08:49:57+00:00
Donald J. Trump,共和党,候选人阵营,youtube,trump,UCAql2DyGU2un1Ei2nMYsqOA,PLjhQ2gDfk4,2024-08-28T18:54:51+00:00,2024-08-28,videos,False,none,98,Black Voters Know President Trump is the Strongest Candidate on the Issues,,93173,12812,2979,public,https://www.youtube.com/watch?v=PLjhQ2gDfk4,2026-10-03T08:49:57+00:00
Donald J. Trump,共和党,候选人阵营,youtube,trump,UCAql2DyGU2un1Ei2nMYsqOA,MujW2ONe6HM,2024-08-29T21:52:44+00:00,2024-08-29,streams,True,none,4456,"LIVE: President Trump in Potterville, MI","Text TRUMP to 88022 to take the official Trump Supporter Survey.

Brand New MAGA Hats Released! Visit the Official Trump Store to claim the just released new MAGA Hats: https://www.donaldjtrump.com/store

Paid for by Trump National Committee JFC Inc., a joint fundraising committee composed of and authorized by Donald J. Trump for President 2024, Inc. and the Republican National Committee.",128023,14822,821,public,https://www.youtube.com/watch?v=MujW2ONe6HM,2026-10-03T08:49:57+00:00
Donald J. Trump,共和党,候选人阵营,youtube,trump,UCAql2DyGU2un1Ei2nMYsqOA,IerS_nWcCPY,2024-08-30T00:57:21+00:00,2024-08-29,streams,True,none,2301,"LIVE: President Trump in La Crosse, WI","Text TRUMP to 88022 to take the official Trump Supporter Survey.

Brand New MAGA Hats Released! Visit the Official Trump Store to claim the just released new MAGA Hats: https://www.donaldjtrump.com/store

Paid for by Trump National Committee JFC Inc., a joint fundraising committee composed of and authorized by Donald J. Trump for President 2024, Inc. and the Republican National Committee.",146364,12678,1066,public,https://www.youtube.com/watch?v=IerS_nWcCPY,2026-10-03T08:49:57+00:00
Donald J. Trump,共和党,候选人阵营,youtube,trump,UCAql2DyGU2un1Ei2nMYsqOA,HH1QjMd3mS8,2024-08-30T22:25:12+00:00,2024-08-30,streams,True,none,5754,"LIVE: President Trump in Johnstown, PA","Text TRUMP to 88022 to take the official Trump Supporter Survey.

Brand New MAGA Hats Released! Visit the Official Trump Store to claim the just released new MAGA Hats: https://www.donaldjtrump.com/store

Paid for by Trump National Committee JFC Inc., a joint fundraising committee composed of and authorized by Donald J. Trump for President 2024, Inc. and the Republican National Committee.",176056,14215,1715,public,https://www.youtube.com/watch?v=HH1QjMd3mS8,2026-10-03T08:49:57+00:00
Donald J. Trump,共和党,候选人阵营,youtube,trump,UCAql2DyGU2un1Ei2nMYsqOA,eogqB6779Eg,2024-09-03T20:16:20+00:00,2024-09-03,videos,False,none,87,Kamala Owns The Biden-Harris Failures,,91654,13165,1876,public,https://www.youtube.com/watch?v=eogqB6779Eg,2026-10-03T08:49:57+00:00
Donald J. Trump,共和党,候选人阵营,youtube,trump,UCAql2DyGU2un1Ei2nMYsqOA,BEd_LhA_FW0,2024-09-04T15:36:16+00:00,2024-09-04,videos,False,none,60,"YES KAMALA, YOU ""DID IT,"" AND AMERICANS ARE PAYING THE PRICE.",,221226,24713,3736,public,https://www.youtube.com/watch?v=BEd_LhA_FW0,2026-10-03T08:49:57+00:00
Donald J. Trump,共和党,候选人阵营,youtube,trump,UCAql2DyGU2un1Ei2nMYsqOA,Ix8MZiIpAW0,2024-09-05T17:35:08+00:00,2024-09-05,streams,True,none,4677,"LIVE: President Trump in New York, NY","Text TRUMP to 88022 to take the official Trump Supporter Survey.

Brand New MAGA Hats Released! Visit the Official Trump Store to claim the just released new MAGA Hats: https://www.donaldjtrump.com/store

Paid for by Trump National Committee JFC Inc., a joint fundraising committee composed of and authorized by Donald J. Trump for President 2024, Inc. and the Republican National Committee.",105384,12768,898,public,https://www.youtube.com/watch?v=Ix8MZiIpAW0,2026-10-03T08:49:57+00:00
Donald J. Trump,共和党,候选人阵营,youtube,trump,UCAql2DyGU2un1Ei2nMYsqOA,dWrWGoTOZ34,2024-09-06T14:11:30+00:00,2024-09-06,videos,False,none,95,60 days.,,79425,13924,2180,public,https://www.youtube.com/watch?v=dWrWGoTOZ34,2026-10-03T08:49:57+00:00
Donald J. Trump,共和党,候选人阵营,youtube,trump,UCAql2DyGU2un1Ei2nMYsqOA,NV62aJFT0EA,2024-09-06T14:12:22+00:00,2024-09-06,videos,False,none,135,A Message from Gold Star Families,,40510,5966,877,public,https://www.youtube.com/watch?v=NV62aJFT0EA,2026-10-03T08:49:57+00:00
Donald J. Trump,共和党,候选人阵营,youtube,trump,UCAql2DyGU2un1Ei2nMYsqOA,GtGa_Kc-NrE,2024-09-06T21:39:12+00:00,2024-09-06,streams,True,none,3115,"LIVE: President Trump in Charlotte, NC","Text TRUMP to 88022 to take the official Trump Supporter Survey.

Brand New MAGA Hats Released! Visit the Official Trump Store to claim the just released new MAGA Hats: https://www.donaldjtrump.com/store

Paid for by Trump National Committee JFC Inc., a joint fundraising committee composed of and authorized by Donald J. Trump for President 2024, Inc. and the Republican National Committee.",81349,8474,626,public,https://www.youtube.com/watch?v=GtGa_Kc-NrE,2026-10-03T08:49:57+00:00
Donald J. Trump,共和党,候选人阵营,youtube,trump,UCAql2DyGU2un1Ei2nMYsqOA,8R7P6dBQ2-g,2024-09-07T20:12:52+00:00,2024-09-07,streams,True,none,6308,"LIVE: President Trump in Mosinee, WI","Text TRUMP to 88022 to take the official Trump Supporter Survey.

Brand New MAGA Hats Released! Visit the Official Trump Store to claim the just released new MAGA Hats: https://www.donaldjtrump.com/store

Paid for by Trump National Committee JFC Inc., a joint fundraising committee composed of and authorized by Donald J. Trump for President 2024, Inc. and the Republican National Committee.",152025,14099,1809,public,https://www.youtube.com/watch?v=8R7P6dBQ2-g,2026-10-03T08:49:57+00:00
Donald J. Trump,共和党,候选人阵营,youtube,trump,UCAql2DyGU2un1Ei2nMYsqOA,P859UExc21E,2024-09-10T01:04:44+00:00,2024-09-09,shorts,False,none,10,Make America Great Again!,,211834,15684,855,public,https://www.youtube.com/watch?v=P859UExc21E,2026-10-03T08:49:57+00:00
Donald J. Trump,共和党,候选人阵营,youtube,trump,UCAql2DyGU2un1Ei2nMYsqOA,rpO0XXd-e0Y,2024-09-10T01:23:43+00:00,2024-09-09,shorts,False,none,29,Get Out and Vote for Trump!,,248217,37720,3326,public,https://www.youtube.com/watch?v=rpO0XXd-e0Y,2026-10-03T08:49:57+00:00
Donald J. Trump,共和党,候选人阵营,youtube,trump,UCAql2DyGU2un1Ei2nMYsqOA,6zzBj3n5NQA,2024-09-10T04:12:45+00:00,2024-09-10,shorts,False,none,12,Former Director of Project 2025: Trump has NOTHING to do with Project 2025.,,107974,6909,384,public,https://www.youtube.com/watch?v=6zzBj3n5NQA,2026-10-03T08:49:57+00:00
Donald J. Trump,共和党,候选人阵营,youtube,trump,UCAql2DyGU2un1Ei2nMYsqOA,0XONsN5aEiA,2024-09-10T15:24:08+00:00,2024-09-10,shorts,False,none,12,THANK YOU Anuel AA!,,3824398,152349,4443,public,https://www.youtube.com/watch?v=0XONsN5aEiA,2026-10-03T08:49:57+00:00
Donald J. Trump,共和党,候选人阵营,youtube,trump,UCAql2DyGU2un1Ei2nMYsqOA,0l46PUAQu90,2024-09-10T18:50:47+00:00,2024-09-10,videos,False,none,67,"""Day One""",,505082,38611,4374,public,https://www.youtube.com/watch?v=0l46PUAQu90,2026-10-03T08:49:57+00:00
Donald J. Trump,共和党,候选人阵营,youtube,trump,UCAql2DyGU2un1Ei2nMYsqOA,ssajFm5Yatw,2024-09-11T13:39:09+00:00,2024-09-11,shorts,False,none,10,This is Safe,We are going to Make America Great Again!,353218,39870,2678,public,https://www.youtube.com/watch?v=ssajFm5Yatw,2026-10-03T08:49:57+00:00
Donald J. Trump,共和党,候选人阵营,youtube,trump,UCAql2DyGU2un1Ei2nMYsqOA,2G_86VcJdU8,2024-09-12T16:02:42+00:00,2024-09-12,shorts,False,none,21,Tulsi Gabbard Endorses Donald J. Trump for President,,202787,17154,1331,public,https://www.youtube.com/watch?v=2G_86VcJdU8,2026-10-03T08:49:57+00:00
Donald J. Trump,共和党,候选人阵营,youtube,trump,UCAql2DyGU2un1Ei2nMYsqOA,TSKB6PsSoss,2024-09-12T22:37:13+00:00,2024-09-12,streams,True,none,4710,"LIVE: President Trump in Tucson, AZ","Text TRUMP to 88022 to take the official Trump Supporter Survey.

Brand New MAGA Hats Released! Visit the Official Trump Store to claim the just released new MAGA Hats: https://www.donaldjtrump.com/store

Paid for by Trump National Committee JFC Inc., a joint fundraising committee composed of and authorized by Donald J. Trump for President 2024, Inc. and the Republican National Committee.",140378,17358,1771,public,https://www.youtube.com/watch?v=TSKB6PsSoss,2026-10-03T08:49:57+00:00
Donald J. Trump,共和党,候选人阵营,youtube,trump,UCAql2DyGU2un1Ei2nMYsqOA,MsYxjlIjxuo,2024-09-13T15:17:41+00:00,2024-09-13,videos,False,none,210,Kamala Harris is Dangerously Liberal,,41170,4849,1051,public,https://www.youtube.com/watch?v=MsYxjlIjxuo,2026-10-03T08:49:57+00:00
Donald J. Trump,共和党,候选人阵营,youtube,trump,UCAql2DyGU2un1Ei2nMYsqOA,yeE2D71KwiQ,2024-09-13T15:17:59+00:00,2024-09-13,videos,False,none,15,All Costs Covered for IVF. Vote Donald J. Trump.,,3240803,6201,1535,public,https://www.youtube.com/watch?v=yeE2D71KwiQ,2026-10-03T08:49:57+00:00
Donald J. Trump,共和党,候选人阵营,youtube,trump,UCAql2DyGU2un1Ei2nMYsqOA,DI1owjb-eCw,2024-09-13T18:36:27+00:00,2024-09-13,streams,True,none,4044,"LIVE: President Trump in Los Angeles, CA","Text TRUMP to 88022 to take the official Trump Supporter Survey.

Brand New MAGA Hats Released! Visit the Official Trump Store to claim the just released new MAGA Hats: https://www.donaldjtrump.com/store

Paid for by Trump National Committee JFC Inc., a joint fundraising committee composed of and authorized by Donald J. Trump for President 2024, Inc. and the Republican National Committee.",116237,11775,1367,public,https://www.youtube.com/watch?v=DI1owjb-eCw,2026-10-03T08:49:57+00:00
Donald J. Trump,共和党,候选人阵营,youtube,trump,UCAql2DyGU2un1Ei2nMYsqOA,djNBOnbnSc4,2024-09-14T04:20:45+00:00,2024-09-14,streams,True,none,5106,"LIVE: President Trump in Las Vegas, NV","Text TRUMP to 88022 to take the official Trump Supporter Survey.

Brand New MAGA Hats Released! Visit the Official Trump Store to claim the just released new MAGA Hats: https://www.donaldjtrump.com/store

Paid for by Trump National Committee JFC Inc., a joint fundraising committee composed of and authorized by Donald J. Trump for President 2024, Inc. and the Republican National Committee.",183506,15693,1352,public,https://www.youtube.com/watch?v=djNBOnbnSc4,2026-10-03T08:49:57+00:00
Donald J. Trump,共和党,候选人阵营,youtube,trump,UCAql2DyGU2un1Ei2nMYsqOA,7QbzKhQ4Z8k,2024-09-14T19:26:34+00:00,2024-09-14,videos,False,none,31,Hall of Fame Football Coach Lou Holtz: America Needs Donald Trump,Vote for Donald J. Trump on November 5th - Make America Great Again!,51255,7649,962,public,https://www.youtube.com/watch?v=7QbzKhQ4Z8k,2026-10-03T08:49:57+00:00
Donald J. Trump,共和党,候选人阵营,youtube,trump,UCAql2DyGU2un1Ei2nMYsqOA,0zabPAbtZ9A,2024-09-15T16:55:34+00:00,2024-09-15,videos,False,none,32,"""Que Mala Kamala""",,811443,57752,6635,public,https://www.youtube.com/watch?v=0zabPAbtZ9A,2026-10-03T08:49:57+00:00
Donald J. Trump,共和党,候选人阵营,youtube,trump,UCAql2DyGU2un1Ei2nMYsqOA,hnjo7H7xipc,2024-09-16T13:03:18+00:00,2024-09-16,videos,False,none,194,Howard Lutnick Explains How President Trump Will Use Tariffs to Protect the American Worker,,55944,5861,1170,public,https://www.youtube.com/watch?v=hnjo7H7xipc,2026-10-03T08:49:57+00:00
Donald J. Trump,共和党,候选人阵营,youtube,trump,UCAql2DyGU2un1Ei2nMYsqOA,glhirwyEnq8,2024-09-16T19:02:53+00:00,2024-09-16,shorts,False,none,31,America Was Better Off Under Trump,,115990,11916,1109,public,https://www.youtube.com/watch?v=glhirwyEnq8,2026-10-03T08:49:57+00:00
Donald J. Trump,共和党,候选人阵营,youtube,trump,UCAql2DyGU2un1Ei2nMYsqOA,0XMj56-4RLw,2024-09-16T23:29:43+00:00,2024-09-16,shorts,False,none,40,No Tax on Tips: Vote Donald J. Trump,,110240,11228,873,public,https://www.youtube.com/watch?v=0XMj56-4RLw,2026-10-03T08:49:57+00:00
Donald J. Trump,共和党,候选人阵营,youtube,trump,UCAql2DyGU2un1Ei2nMYsqOA,5-mYb8Rci6s,2024-09-17T15:09:44+00:00,2024-09-17,shorts,False,none,17,TIME TO TAKE BACK AMERICA 🇺🇸,,117909,12276,764,public,https://www.youtube.com/watch?v=5-mYb8Rci6s,2026-10-03T08:49:57+00:00
Donald J. Trump,共和党,候选人阵营,youtube,trump,UCAql2DyGU2un1Ei2nMYsqOA,RTNmq4qzfLw,2024-09-18T00:11:26+00:00,2024-09-17,streams,True,none,4237,"LIVE: President Trump in Flint, MI","Text TRUMP to 88022 to take the official Trump Supporter Survey.

Brand New MAGA Hats Released! Visit the Official Trump Store to claim the just released new MAGA Hats: https://www.donaldjtrump.com/store

Paid for by Trump National Committee JFC Inc., a joint fundraising committee composed of and authorized by Donald J. Trump for President 2024, Inc. and the Republican National Committee.",244670,22718,1411,public,https://www.youtube.com/watch?v=RTNmq4qzfLw,2026-10-03T08:49:57+00:00
Donald J. Trump,共和党,候选人阵营,youtube,trump,UCAql2DyGU2un1Ei2nMYsqOA,LHbYPhOfC7M,2024-09-18T13:29:58+00:00,2024-09-18,shorts,False,none,15,"Kamala has had 3 1/2 years, why hasn't she done it?!",,114828,11500,689,public,https://www.youtube.com/watch?v=LHbYPhOfC7M,2026-10-03T08:49:57+00:00
Donald J. Trump,共和党,候选人阵营,youtube,trump,UCAql2DyGU2un1Ei2nMYsqOA,cKWhceuzlyU,2024-09-18T19:55:24+00:00,2024-09-18,shorts,False,none,14,YOUNG PEOPLE MAKE AMERICA GREAT!,,211268,15210,1390,public,https://www.youtube.com/watch?v=cKWhceuzlyU,2026-10-03T08:49:57+00:00
Donald J. Trump,共和党,候选人阵营,youtube,trump,UCAql2DyGU2un1Ei2nMYsqOA,4OWhLR1ziVY,2024-09-18T20:37:13+00:00,2024-09-18,shorts,False,none,5,MAKE AMERICA GREAT AGAIN!,,2265853,47223,4445,public,https://www.youtube.com/watch?v=4OWhLR1ziVY,2026-10-03T08:49:57+00:00
Donald J. Trump,共和党,候选人阵营,youtube,trump,UCAql2DyGU2un1Ei2nMYsqOA,vjakWhcP2G0,2024-09-19T00:00:02+00:00,2024-09-18,shorts,False,none,16,STOP THIS DISASTER,,265818,0,0,public,https://www.youtube.com/watch?v=vjakWhcP2G0,2026-10-03T08:49:57+00:00
Donald J. Trump,共和党,候选人阵营,youtube,trump,UCAql2DyGU2un1Ei2nMYsqOA,p9fGfm56TyA,2024-09-19T00:49:02+00:00,2024-09-18,streams,True,none,5356,"LIVE: President Trump in Uniondale, NY","Text TRUMP to 88022 to take the official Trump Supporter Survey.

Brand New MAGA Hats Released! Visit the Official Trump Store to claim the just released new MAGA Hats: https://www.donaldjtrump.com/store

Paid for by Trump National Committee JFC Inc., a joint fundraising committee composed of and authorized by Donald J. Trump for President 2024, Inc. and the Republican National Committee.",277763,23200,1570,public,https://www.youtube.com/watch?v=p9fGfm56TyA,2026-10-03T08:49:57+00:00
Donald J. Trump,共和党,候选人阵营,youtube,trump,UCAql2DyGU2un1Ei2nMYsqOA,OrveuS6P7T4,2024-09-19T14:42:05+00:00,2024-09-19,videos,False,none,147,47 DAYS.,"At the last presidential debate, we saw a rigged setup, with biased moderators clearly backing Kamala Harris. But even with the deck stacked against him, Trump didn’t hold back, tearing into her incompetence and lies. Harris talks big but has failed miserably over the past three years—she hasn’t fixed the border, created jobs, or done anything meaningful about the issues she pretends to care about. Trump exposed her failures for the world to see.
Remember when she mockingly invited you to attend one of Trump’s rallies? She wants people to think no one would show, but Trump’s events are packed with the most loyal, fired-up supporters in history!

We’re now just 47 days from Election Day. This is your moment to make an impact that will shape the next four years and beyond. If you’re ready to stand up for America, join the fight. 
Become a Trump Force 47 volunteer at TrumpForce47.com!

Join Trump Force 47 TODAY! TrumpForce47.com

#TrumpForce47",47551,8985,1211,public,https://www.youtube.com/watch?v=OrveuS6P7T4,2026-10-03T08:49:57+00:00
Donald J. Trump,共和党,候选人阵营,youtube,trump,UCAql2DyGU2un1Ei2nMYsqOA,tNGBB52inSk,2024-09-19T15:25:42+00:00,2024-09-19,videos,False,none,2377,FULL INTERVIEW: President Donald J. Trump on Gutfeld,,5288804,129584,16269,public,https://www.youtube.com/watch?v=tNGBB52inSk,2026-10-03T08:49:57+00:00
Donald J. Trump,共和党,候选人阵营,youtube,trump,UCAql2DyGU2un1Ei2nMYsqOA,OWPoE3mf4VA,2024-09-19T20:00:08+00:00,2024-09-19,videos,False,none,91,Kamala Harris & Democrats are the Party of Violence.,,114159,15927,2338,public,https://www.youtube.com/watch?v=OWPoE3mf4VA,2026-10-03T08:49:57+00:00
Donald J. Trump,共和党,候选人阵营,youtube,trump,UCAql2DyGU2un1Ei2nMYsqOA,N4Br07GoTnM,2024-09-19T20:10:32+00:00,2024-09-19,shorts,False,none,13,"KAMALA, YOU'RE FIRED!",,223509,19659,1500,public,https://www.youtube.com/watch?v=N4Br07GoTnM,2026-10-03T08:49:57+00:00
Donald J. Trump,共和党,候选人阵营,youtube,trump,UCAql2DyGU2un1Ei2nMYsqOA,DGBLtfEoCYs,2024-09-20T00:01:57+00:00,2024-09-19,streams,True,none,2671,"LIVE: President Trump in Washington, D.C.","Text TRUMP to 88022 to take the official Trump Supporter Survey.

Brand New MAGA Hats Released! Visit the Official Trump Store to claim the just released new MAGA Hats: https://www.donaldjtrump.com/store

Paid for by Trump National Committee JFC Inc., a joint fundraising committee composed of and authorized by Donald J. Trump for President 2024, Inc. and the Republican National Committee.",135052,14043,795,public,https://www.youtube.com/watch?v=DGBLtfEoCYs,2026-10-03T08:49:57+00:00
Donald J. Trump,共和党,候选人阵营,youtube,trump,UCAql2DyGU2un1Ei2nMYsqOA,CP7TwksJvXU,2024-09-20T01:44:03+00:00,2024-09-19,streams,True,none,2758,"LIVE: President Trump in Washington, D.C.","Text TRUMP to 88022 to take the official Trump Supporter Survey.

Brand New MAGA Hats Released! Visit the Official Trump Store to claim the just released new MAGA Hats: https://www.donaldjtrump.com/store

Paid for by Trump National Committee JFC Inc., a joint fundraising committee composed of and authorized by Donald J. Trump for President 2024, Inc. and the Republican National Committee.",79705,6558,758,public,https://www.youtube.com/watch?v=CP7TwksJvXU,2026-10-03T08:49:57+00:00
Donald J. Trump,共和党,候选人阵营,youtube,trump,UCAql2DyGU2un1Ei2nMYsqOA,8olxGy2gvFU,2024-09-21T19:48:43+00:00,2024-09-21,streams,True,none,4217,"LIVE: President Trump in Wilmington, NC","Text TRUMP to 88022 to take the official Trump Supporter Survey.

Brand New MAGA Hats Released! Visit the Official Trump Store to claim the just released new MAGA Hats: https://www.donaldjtrump.com/store

Paid for by Trump National Committee JFC Inc., a joint fundraising committee composed of and authorized by Donald J. Trump for President 2024, Inc. and the Republican National Committee.",187345,19358,1728,public,https://www.youtube.com/watch?v=8olxGy2gvFU,2026-10-03T08:49:57+00:00
Donald J. Trump,共和党,候选人阵营,youtube,trump,UCAql2DyGU2un1Ei2nMYsqOA,ySS96gwsAJ0,2024-09-22T14:41:02+00:00,2024-09-22,shorts,False,none,10,Kamala Harris & Tim Walz Will Raise Taxes,,242347,9116,672,public,https://www.youtube.com/watch?v=ySS96gwsAJ0,2026-10-03T08:49:57+00:00
Donald J. Trump,共和党,候选人阵营,youtube,trump,UCAql2DyGU2un1Ei2nMYsqOA,sl2KiO9cPv8,2024-09-22T14:42:07+00:00,2024-09-22,videos,False,none,178,"President Trump's Grandchildren, Luke and Carolina, Join President Trump on Stage in North Carolina",WWW.DONALDJTRUMP.COM,39237,6038,867,public,https://www.youtube.com/watch?v=sl2KiO9cPv8,2026-10-03T08:49:57+00:00
Donald J. Trump,共和党,候选人阵营,youtube,trump,UCAql2DyGU2un1Ei2nMYsqOA,AEJFJsc83es,2024-09-22T14:42:19+00:00,2024-09-22,shorts,False,none,14,Kamala has had 3 1/2 years - why hasn't she done it?,,293061,11873,815,public,https://www.youtube.com/watch?v=AEJFJsc83es,2026-10-03T08:49:57+00:00
Donald J. Trump,共和党,候选人阵营,youtube,trump,UCAql2DyGU2un1Ei2nMYsqOA,qqJ26b83PEU,2024-09-22T15:57:25+00:00,2024-09-22,videos,False,none,17,MAKE AMERICA GREAT AGAIN,WWW.DONALDJTRUMP.COM,1961553,8277,864,public,https://www.youtube.com/watch?v=qqJ26b83PEU,2026-10-03T08:49:57+00:00
Donald J. Trump,共和党,候选人阵营,youtube,trump,UCAql2DyGU2un1Ei2nMYsqOA,A1b1FKaojoM,2024-09-22T15:58:44+00:00,2024-09-22,videos,False,none,31,DONALD TRUMP WILL UNIFY AMERICA,WWW.DONALDJTRUMP.COM,867038,4146,481,public,https://www.youtube.com/watch?v=A1b1FKaojoM,2026-10-03T08:49:57+00:00
Donald J. Trump,共和党,候选人阵营,youtube,trump,UCAql2DyGU2un1Ei2nMYsqOA,U3EYJv35Tz0,2024-09-22T16:02:01+00:00,2024-09-22,videos,False,none,61,Make America Affordable Again: Vote for Donald Trump,WWW.DONALDJTRUMP.COM,217215,5254,763,public,https://www.youtube.com/watch?v=U3EYJv35Tz0,2026-10-03T08:49:57+00:00
Donald J. Trump,共和党,候选人阵营,youtube,trump,UCAql2DyGU2un1Ei2nMYsqOA,dsW-16JKhWE,2024-09-22T16:44:47+00:00,2024-09-22,videos,False,none,80,Kamala Has No Economic Plan,,88022,12802,1951,public,https://www.youtube.com/watch?v=dsW-16JKhWE,2026-10-03T08:49:57+00:00
Donald J. Trump,共和党,候选人阵营,youtube,trump,UCAql2DyGU2un1Ei2nMYsqOA,b18bHt7P0u4,2024-09-22T19:22:57+00:00,2024-09-22,shorts,False,none,12,"Thanks for the support, Tim.",,173935,16331,1220,public,https://www.youtube.com/watch?v=b18bHt7P0u4,2026-10-03T08:49:57+00:00
Donald J. Trump,共和党,候选人阵营,youtube,trump,UCAql2DyGU2un1Ei2nMYsqOA,JeP9LtKq_3A,2024-09-23T16:10:50+00:00,2024-09-23,videos,False,none,31,Failure to Launch,www.DonaldJTrump.com,235929,22386,2059,public,https://www.youtube.com/watch?v=JeP9LtKq_3A,2026-10-03T08:49:57+00:00
Donald J. Trump,共和党,候选人阵营,youtube,trump,UCAql2DyGU2un1Ei2nMYsqOA,mk_YQ6SnM6Q,2024-09-23T16:11:13+00:00,2024-09-23,videos,False,none,52,“Copy and Paste”,,248549,24411,2411,public,https://www.youtube.com/watch?v=mk_YQ6SnM6Q,2026-10-03T08:49:57+00:00
Donald J. Trump,共和党,候选人阵营,youtube,trump,UCAql2DyGU2un1Ei2nMYsqOA,NNUTjrTZQv0,2024-09-23T19:11:36+00:00,2024-09-23,shorts,False,none,40,Make America Great Again,,136241,10088,771,public,https://www.youtube.com/watch?v=NNUTjrTZQv0,2026-10-03T08:49:57+00:00
Donald J. Trump,共和党,候选人阵营,youtube,trump,UCAql2DyGU2un1Ei2nMYsqOA,BLfbCeJJwGY,2024-09-23T21:47:21+00:00,2024-09-23,shorts,False,none,13,LET'S WIN – TOO BIG TO RIG 🇺🇸,,164614,14645,951,public,https://www.youtube.com/watch?v=BLfbCeJJwGY,2026-10-03T08:49:57+00:00
Donald J. Trump,共和党,候选人阵营,youtube,trump,UCAql2DyGU2un1Ei2nMYsqOA,C-PwfAJ9LCA,2024-09-23T21:51:00+00:00,2024-09-23,shorts,False,none,16,"THANK YOU, NORTH CAROLINA 🇺🇸",,217794,17788,967,public,https://www.youtube.com/watch?v=C-PwfAJ9LCA,2026-10-03T08:49:57+00:00
Donald J. Trump,共和党,候选人阵营,youtube,trump,UCAql2DyGU2un1Ei2nMYsqOA,92ZhB1tNuCQ,2024-09-24T01:16:30+00:00,2024-09-23,streams,True,none,5005,"LIVE: President Trump in Indiana, PA","Text TRUMP to 88022 to take the official Trump Supporter Survey.

Brand New MAGA Hats Released! Visit the Official Trump Store to claim the just released new MAGA Hats: https://www.donaldjtrump.com/store

Paid for by Trump National Committee JFC Inc., a joint fundraising committee composed of and authorized by Donald J. Trump for President 2024, Inc. and the Republican National Committee.",186101,18477,1062,public,https://www.youtube.com/watch?v=92ZhB1tNuCQ,2026-10-03T08:49:57+00:00
Donald J. Trump,共和党,候选人阵营,youtube,trump,UCAql2DyGU2un1Ei2nMYsqOA,5dpHgtMg_RA,2024-09-24T01:31:12+00:00,2024-09-23,streams,True,none,336,"LIVE: President Trump in Indiana, PA","Text TRUMP to 88022 to take the official Trump Supporter Survey.

Brand New MAGA Hats Released! Visit the Official Trump Store to claim the just released new MAGA Hats: https://www.donaldjtrump.com/store

Paid for by Trump National Committee JFC Inc., a joint fundraising committee composed of and authorized by Donald J. Trump for President 2024, Inc. and the Republican National Committee.",17668,1875,192,public,https://www.youtube.com/watch?v=5dpHgtMg_RA,2026-10-03T08:49:57+00:00
Donald J. Trump,共和党,候选人阵营,youtube,trump,UCAql2DyGU2un1Ei2nMYsqOA,yUuP9-wBkNA,2024-09-24T02:09:52+00:00,2024-09-23,shorts,False,none,12,THANK YOU,,1599148,79740,3554,public,https://www.youtube.com/watch?v=yUuP9-wBkNA,2026-10-03T08:49:57+00:00
Donald J. Trump,共和党,候选人阵营,youtube,trump,UCAql2DyGU2un1Ei2nMYsqOA,x7VNr_3i_9w,2024-09-24T12:02:06+00:00,2024-09-24,videos,False,none,104,Join Trump Force 47 TODAY!,WWW.TRUMPFORCE47.COM,23797,3532,439,public,https://www.youtube.com/watch?v=x7VNr_3i_9w,2026-10-03T08:49:57+00:00
Donald J. Trump,共和党,候选人阵营,youtube,trump,UCAql2DyGU2un1Ei2nMYsqOA,pi0opLmCXmc,2024-09-24T17:58:03+00:00,2024-09-24,videos,False,none,334,Pennsylvania Farmer Shares How Kamala's Inflation & Insane Energy Policies Affect Her Family,WWW.DONALDJTRUMP.COM,30354,4891,815,public,https://www.youtube.com/watch?v=pi0opLmCXmc,2026-10-03T08:49:57+00:00
Donald J. Trump,共和党,候选人阵营,youtube,trump,UCAql2DyGU2un1Ei2nMYsqOA,92Gx6NAZPsM,2024-09-24T18:15:56+00:00,2024-09-24,videos,False,none,4685,FULL REMARKS: President Trump's Address to the New York Economic Club,WWW.DONALDJTRUMP.COM,32547,2365,732,public,https://www.youtube.com/watch?v=92Gx6NAZPsM,2026-10-03T08:49:57+00:00
Donald J. Trump,共和党,候选人阵营,youtube,trump,UCAql2DyGU2un1Ei2nMYsqOA,lJIPgUP-rPY,2024-09-24T18:32:04+00:00,2024-09-24,streams,True,none,5119,"LIVE: President Trump in Savannah, GA","Text TRUMP to 88022 to take the official Trump Supporter Survey.

Brand New MAGA Hats Released! Visit the Official Trump Store to claim the just released new MAGA Hats: https://www.donaldjtrump.com/store

Paid for by Trump National Committee JFC Inc., a joint fundraising committee composed of and authorized by Donald J. Trump for President 2024, Inc. and the Republican National Committee.",128577,15086,1155,public,https://www.youtube.com/watch?v=lJIPgUP-rPY,2026-10-03T08:49:57+00:00
Donald J. Trump,共和党,候选人阵营,youtube,trump,UCAql2DyGU2un1Ei2nMYsqOA,BSNaZoWp6Zc,2024-09-25T18:20:02+00:00,2024-09-25,streams,True,none,4200,"LIVE: President Trump in Mint Hill, NC","Text TRUMP to 88022 to take the official Trump Supporter Survey.

Brand New MAGA Hats Released! Visit the Official Trump Store to claim the just released new MAGA Hats: https://www.donaldjtrump.com/store

Paid for by Trump National Committee JFC Inc., a joint fundraising committee composed of and authorized by Donald J. Trump for President 2024, Inc. and the Republican National Committee.",113300,13564,1180,public,https://www.youtube.com/watch?v=BSNaZoWp6Zc,2026-10-03T08:49:57+00:00
Donald J. Trump,共和党,候选人阵营,youtube,trump,UCAql2DyGU2un1Ei2nMYsqOA,ipdLz1wYK1w,2024-09-26T16:54:06+00:00,2024-09-26,shorts,False,none,60,"""Grandpa, you are such an inspiration, and I love you."" ❤️",,237882,21749,1304,public,https://www.youtube.com/watch?v=ipdLz1wYK1w,2026-10-03T08:49:57+00:00
Donald J. Trump,共和党,候选人阵营,youtube,trump,UCAql2DyGU2un1Ei2nMYsqOA,zDp24JwcyDI,2024-09-26T19:00:30+00:00,2024-09-26,videos,False,none,1603,First Lady Melania Trump's Full Interview on Fox & Friends,,934798,33266,5589,public,https://www.youtube.com/watch?v=zDp24JwcyDI,2026-10-03T08:49:57+00:00
Donald J. Trump,共和党,候选人阵营,youtube,trump,UCAql2DyGU2un1Ei2nMYsqOA,mz0ZpWtEXB4,2024-09-26T21:01:16+00:00,2024-09-26,streams,True,none,996,"LIVE: President Trump in New York, NY","Text TRUMP to 88022 to take the official Trump Supporter Survey.

Brand New MAGA Hats Released! Visit the Official Trump Store to claim the just released new MAGA Hats: https://www.donaldjtrump.com/store

Paid for by Trump National Committee JFC Inc., a joint fundraising committee composed of and authorized by Donald J. Trump for President 2024, Inc. and the Republican National Committee.",70878,8369,525,public,https://www.youtube.com/watch?v=mz0ZpWtEXB4,2026-10-03T08:49:57+00:00
Donald J. Trump,共和党,候选人阵营,youtube,trump,UCAql2DyGU2un1Ei2nMYsqOA,-lB4BmmecLo,2024-09-26T21:41:36+00:00,2024-09-26,streams,True,none,2126,"LIVE: President Trump in New York, NY","Text TRUMP to 88022 to take the official Trump Supporter Survey.

Brand New MAGA Hats Released! Visit the Official Trump Store to claim the just released new MAGA Hats: https://www.donaldjtrump.com/store

Paid for by Trump National Committee JFC Inc., a joint fundraising committee composed of and authorized by Donald J. Trump for President 2024, Inc. and the Republican National Committee.",85320,9272,619,public,https://www.youtube.com/watch?v=-lB4BmmecLo,2026-10-03T08:49:57+00:00
Donald J. Trump,共和党,候选人阵营,youtube,trump,UCAql2DyGU2un1Ei2nMYsqOA,vWXCTswbB44,2024-09-27T20:18:25+00:00,2024-09-27,streams,True,none,4554,"LIVE: President Trump in Walker, MI","Text TRUMP to 88022 to take the official Trump Supporter Survey.

Brand New MAGA Hats Released! Visit the Official Trump Store to claim the just released new MAGA Hats: https://www.donaldjtrump.com/store

Paid for by Trump National Committee JFC Inc., a joint fundraising committee composed of and authorized by Donald J. Trump for President 2024, Inc. and the Republican National Committee.",91794,11850,710,public,https://www.youtube.com/watch?v=vWXCTswbB44,2026-10-03T08:49:57+00:00
Donald J. Trump,共和党,候选人阵营,youtube,trump,UCAql2DyGU2un1Ei2nMYsqOA,5OVOSIQOfpM,2024-09-27T20:20:36+00:00,2024-09-27,videos,False,none,30,MAKE AMERICA GREAT AGAIN 🇺🇸,,415333,56451,5856,public,https://www.youtube.com/watch?v=5OVOSIQOfpM,2026-10-03T08:49:57+00:00
Donald J. Trump,共和党,候选人阵营,youtube,trump,UCAql2DyGU2un1Ei2nMYsqOA,Z-wlEEx70qE,2024-09-28T00:13:11+00:00,2024-09-27,streams,True,none,2831,"LIVE: President Trump in Warren, MI","Text TRUMP to 88022 to take the official Trump Supporter Survey.

Brand New MAGA Hats Released! Visit the Official Trump Store to claim the just released new MAGA Hats: https://www.donaldjtrump.com/store

Paid for by Trump National Committee JFC Inc., a joint fundraising committee composed of and authorized by Donald J. Trump for President 2024, Inc. and the Republican National Committee.",85123,9690,659,public,https://www.youtube.com/watch?v=Z-wlEEx70qE,2026-10-03T08:49:57+00:00
Donald J. Trump,共和党,候选人阵营,youtube,trump,UCAql2DyGU2un1Ei2nMYsqOA,_wTs_aM7wSA,2024-09-28T15:10:25+00:00,2024-09-28,shorts,False,none,18,VOTE FOR GRANDPA 🇺🇸,,256000,24809,1873,public,https://www.youtube.com/watch?v=_wTs_aM7wSA,2026-10-03T08:49:57+00:00
Donald J. Trump,共和党,候选人阵营,youtube,trump,UCAql2DyGU2un1Ei2nMYsqOA,NWl3OktUuiI,2024-09-28T21:08:09+00:00,2024-09-28,streams,True,none,4676,"LIVE: President Trump in Prairie du Chien, WI","Text TRUMP to 88022 to take the official Trump Supporter Survey.

Brand New MAGA Hats Released! Visit the Official Trump Store to claim the just released new MAGA Hats: https://www.donaldjtrump.com/store

Paid for by Trump National Committee JFC Inc., a joint fundraising committee composed of and authorized by Donald J. Trump for President 2024, Inc. and the Republican National Committee.",136488,13738,1293,public,https://www.youtube.com/watch?v=NWl3OktUuiI,2026-10-03T08:49:57+00:00
Donald J. Trump,共和党,候选人阵营,youtube,trump,UCAql2DyGU2un1Ei2nMYsqOA,eqFf75m0yjQ,2024-09-29T20:24:02+00:00,2024-09-29,streams,True,none,6775,"LIVE: President Trump in Erie, PA","Text TRUMP to 88022 to take the official Trump Supporter Survey.

Brand New MAGA Hats Released! Visit the Official Trump Store to claim the just released new MAGA Hats: https://www.donaldjtrump.com/store

Paid for by Trump National Committee JFC Inc., a joint fundraising committee composed of and authorized by Donald J. Trump for President 2024, Inc. and the Republican National Committee.",155700,15608,1154,public,https://www.youtube.com/watch?v=eqFf75m0yjQ,2026-10-03T08:49:57+00:00
Donald J. Trump,共和党,候选人阵营,youtube,trump,UCAql2DyGU2un1Ei2nMYsqOA,wlMnfT1WBFE,2024-09-30T00:58:09+00:00,2024-09-29,shorts,False,none,22,SAVE OUR ECONOMY - VOTE TRUMP!,,445478,39628,4752,public,https://www.youtube.com/watch?v=wlMnfT1WBFE,2026-10-03T08:49:57+00:00
Donald J. Trump,共和党,候选人阵营,youtube,trump,UCAql2DyGU2un1Ei2nMYsqOA,XYDRWu0Dvj0,2024-09-30T15:07:07+00:00,2024-09-30,videos,False,none,131,This is JD Vance.,,114810,17456,1762,public,https://www.youtube.com/watch?v=XYDRWu0Dvj0,2026-10-03T08:49:57+00:00
Donald J. Trump,共和党,候选人阵营,youtube,trump,UCAql2DyGU2un1Ei2nMYsqOA,EerTs1z5qKc,2024-09-30T17:03:46+00:00,2024-09-30,videos,False,none,161,"President Trump Visits Valdosta, Georgia to Deliver Relief to Victims of Hurricane Helene",WWW.DONALDJTRUMP.COM,60562,7161,1443,public,https://www.youtube.com/watch?v=EerTs1z5qKc,2026-10-03T08:49:57+00:00
Donald J. Trump,共和党,候选人阵营,youtube,trump,UCAql2DyGU2un1Ei2nMYsqOA,tPAF3sqZnPQ,2024-09-30T18:15:48+00:00,2024-09-30,streams,True,none,1345,"LIVE: President Trump in Valdosta, GA","Text TRUMP to 88022 to take the official Trump Supporter Survey.

Brand New MAGA Hats Released! Visit the Official Trump Store to claim the just released new MAGA Hats: https://www.donaldjtrump.com/store

Paid for by Trump National Committee JFC Inc., a joint fundraising committee composed of and authorized by Donald J. Trump for President 2024, Inc. and the Republican National Committee.",40520,4682,312,public,https://www.youtube.com/watch?v=tPAF3sqZnPQ,2026-10-03T08:49:57+00:00
Donald J. Trump,共和党,候选人阵营,youtube,trump,UCAql2DyGU2un1Ei2nMYsqOA,stU88CSenBM,2024-09-30T18:27:56+00:00,2024-09-30,videos,True,none,821,"FULL REMARKS: President Trump Speaks in Valdosta, Georgia in Aftermath of Hurricane Helene",,79453,8441,1686,public,https://www.youtube.com/watch?v=stU88CSenBM,2026-10-03T08:49:57+00:00
Donald J. Trump,共和党,候选人阵营,youtube,trump,UCAql2DyGU2un1Ei2nMYsqOA,4eM-eCzDMAY,2024-09-30T21:03:28+00:00,2024-09-30,shorts,False,none,57,Kamala couldn't even be bothered to acknowledge these Angel Moms...,,197421,17462,1528,public,https://www.youtube.com/watch?v=4eM-eCzDMAY,2026-10-03T08:49:57+00:00
Donald J. Trump,共和党,候选人阵营,youtube,trump,UCAql2DyGU2un1Ei2nMYsqOA,kmNSv_xjrHo,2024-10-01T20:24:37+00:00,2024-10-01,streams,True,none,4598,"LIVE: President Trump in Waunakee, WI","Text TRUMP to 88022 to take the official Trump Supporter Survey.

Brand New MAGA Hats Released! Visit the Official Trump Store to claim the just released new MAGA Hats: https://www.donaldjtrump.com/store

Paid for by Trump National Committee JFC Inc., a joint fundraising committee composed of and authorized by Donald J. Trump for President 2024, Inc. and the Republican National Committee.",110986,11513,512,public,https://www.youtube.com/watch?v=kmNSv_xjrHo,2026-10-03T08:49:57+00:00
Donald J. Trump,共和党,候选人阵营,youtube,trump,UCAql2DyGU2un1Ei2nMYsqOA,q_Cudp_U6gQ,2024-10-02T00:02:43+00:00,2024-10-01,streams,True,none,5686,"LIVE: President Trump in Milwaukee, WI","Text TRUMP to 88022 to take the official Trump Supporter Survey.

Brand New MAGA Hats Released! Visit the Official Trump Store to claim the just released new MAGA Hats: https://www.donaldjtrump.com/store

Paid for by Trump National Committee JFC Inc., a joint fundraising committee composed of and authorized by Donald J. Trump for President 2024, Inc. and the Republican National Committee.",86584,9488,408,public,https://www.youtube.com/watch?v=q_Cudp_U6gQ,2026-10-03T08:49:57+00:00
Donald J. Trump,共和党,候选人阵营,youtube,trump,UCAql2DyGU2un1Ei2nMYsqOA,bh7yy1wYBNw,2024-10-02T15:35:17+00:00,2024-10-02,videos,False,none,1491,FULL INTERVIEW: President Trump's Interview with Dave Ramsey,www.donaldjtrump.com,417218,22934,2742,public,https://www.youtube.com/watch?v=bh7yy1wYBNw,2026-10-03T08:49:57+00:00
Donald J. Trump,共和党,候选人阵营,youtube,trump,UCAql2DyGU2un1Ei2nMYsqOA,_vHL853Ciy8,2024-10-02T19:10:34+00:00,2024-10-02,videos,False,none,92,Join Trump Force 47 NOW.,TrumpForce47.com,55097,9900,1231,public,https://www.youtube.com/watch?v=_vHL853Ciy8,2026-10-03T08:49:57+00:00
Donald J. Trump,共和党,候选人阵营,youtube,trump,UCAql2DyGU2un1Ei2nMYsqOA,z50jzYUCj_Q,2024-10-03T18:28:06+00:00,2024-10-03,videos,False,none,31,Give a Frack,www.DonaldJTrump.com,45953,6654,557,public,https://www.youtube.com/watch?v=z50jzYUCj_Q,2026-10-03T08:49:57+00:00
Donald J. Trump,共和党,候选人阵营,youtube,trump,UCAql2DyGU2un1Ei2nMYsqOA,pe9u10E-uZg,2024-10-03T18:29:13+00:00,2024-10-03,videos,False,none,31,Gonna,www.DonaldJTrump.com,141903,7883,916,public,https://www.youtube.com/watch?v=pe9u10E-uZg,2026-10-03T08:49:57+00:00
Donald J. Trump,共和党,候选人阵营,youtube,trump,UCAql2DyGU2un1Ei2nMYsqOA,n7lwIaw8xVM,2024-10-03T18:29:43+00:00,2024-10-03,videos,False,none,31,Unbelievable,www.DonaldJTrump.com,184826,10591,1526,public,https://www.youtube.com/watch?v=n7lwIaw8xVM,2026-10-03T08:49:57+00:00
Donald J. Trump,共和党,候选人阵营,youtube,trump,UCAql2DyGU2un1Ei2nMYsqOA,TfZGzPnuu34,2024-10-03T20:50:48+00:00,2024-10-03,streams,True,none,5245,"LIVE: President Trump in Saginaw, MI","Text TRUMP to 88022 to take the official Trump Supporter Survey.

Brand New MAGA Hats Released! Visit the Official Trump Store to claim the just released new MAGA Hats: https://www.donaldjtrump.com/store

Paid for by Trump National Committee JFC Inc., a joint fundraising committee composed of and authorized by Donald J. Trump for President 2024, Inc. and the Republican National Committee.",98123,11209,945,public,https://www.youtube.com/watch?v=TfZGzPnuu34,2026-10-03T08:49:57+00:00
Donald J. Trump,共和党,候选人阵营,youtube,trump,UCAql2DyGU2un1Ei2nMYsqOA,Ely837XUYbM,2024-10-04T20:03:55+00:00,2024-10-04,streams,True,none,1286,"LIVE: President Trump in Evans, GA","Text TRUMP to 88022 to take the official Trump Supporter Survey.

Brand New MAGA Hats Released! Visit the Official Trump Store to claim the just released new MAGA Hats: https://www.donaldjtrump.com/store

Paid for by Trump National Committee JFC Inc., a joint fundraising committee composed of and authorized by Donald J. Trump for President 2024, Inc. and the Republican National Committee.",61525,8192,829,public,https://www.youtube.com/watch?v=Ely837XUYbM,2026-10-03T08:49:57+00:00
Donald J. Trump,共和党,候选人阵营,youtube,trump,UCAql2DyGU2un1Ei2nMYsqOA,D6fyGDA61Hs,2024-10-04T21:42:36+00:00,2024-10-04,videos,False,none,2135,President Trump Sits Down with Larry Kudlow of Fox Business,WWW.DONALDJTRUMP.COM,115040,8348,1373,public,https://www.youtube.com/watch?v=D6fyGDA61Hs,2026-10-03T08:49:57+00:00
Donald J. Trump,共和党,候选人阵营,youtube,trump,UCAql2DyGU2un1Ei2nMYsqOA,AX6f52jvaQY,2024-10-04T23:51:39+00:00,2024-10-04,streams,True,none,3770,"LIVE: President Trump in Fayetteville, NC","Text TRUMP to 88022 to take the official Trump Supporter Survey.

Brand New MAGA Hats Released! Visit the Official Trump Store to claim the just released new MAGA Hats: https://www.donaldjtrump.com/store

Paid for by Trump National Committee JFC Inc., a joint fundraising committee composed of and authorized by Donald J. Trump for President 2024, Inc. and the Republican National Committee.",101329,11316,791,public,https://www.youtube.com/watch?v=AX6f52jvaQY,2026-10-03T08:49:57+00:00
Donald J. Trump,共和党,候选人阵营,youtube,trump,UCAql2DyGU2un1Ei2nMYsqOA,vfcWO0Mi8fo,2024-10-05T21:05:52+00:00,2024-10-05,videos,False,none,113,Kamala has been completely AWOL.,,50428,7303,1109,public,https://www.youtube.com/watch?v=vfcWO0Mi8fo,2026-10-03T08:49:57+00:00
Donald J. Trump,共和党,候选人阵营,youtube,trump,UCAql2DyGU2un1Ei2nMYsqOA,_Mn3o1Pgi5c,2024-10-05T23:06:08+00:00,2024-10-05,videos,False,none,131,"Welcome back to Butler, Mr. President.",,183130,20888,1501,public,https://www.youtube.com/watch?v=_Mn3o1Pgi5c,2026-10-03T08:49:57+00:00
Donald J. Trump,共和党,候选人阵营,youtube,trump,UCAql2DyGU2un1Ei2nMYsqOA,7a6rrBlzjTI,2024-10-05T23:11:30+00:00,2024-10-05,videos,True,none,348,"President Trump Pays Tribute to Corey Comperatore in Butler, Pennsylvania",,44494,6002,956,public,https://www.youtube.com/watch?v=7a6rrBlzjTI,2026-10-03T08:49:57+00:00
Donald J. Trump,共和党,候选人阵营,youtube,trump,UCAql2DyGU2un1Ei2nMYsqOA,0wp0S-4adIk,2024-10-06T00:05:06+00:00,2024-10-05,streams,True,none,12349,"LIVE: President Trump in Butler, PA","Text TRUMP to 88022 to take the official Trump Supporter Survey.

Brand New MAGA Hats Released! Visit the Official Trump Store to claim the just released new MAGA Hats: https://www.donaldjtrump.com/store

Paid for by Trump National Committee JFC Inc., a joint fundraising committee composed of and authorized by Donald J. Trump for President 2024, Inc. and the Republican National Committee.",602737,38723,1648,public,https://www.youtube.com/watch?v=0wp0S-4adIk,2026-10-03T08:49:57+00:00
Donald J. Trump,共和党,候选人阵营,youtube,trump,UCAql2DyGU2un1Ei2nMYsqOA,aleCTa3AyQw,2024-10-06T21:07:48+00:00,2024-10-06,streams,True,none,7039,"LIVE: President Trump in Juneau, WI","Text TRUMP to 88022 to take the official Trump Supporter Survey.

Brand New MAGA Hats Released! Visit the Official Trump Store to claim the just released new MAGA Hats: https://www.donaldjtrump.com/store

Paid for by Trump National Committee JFC Inc., a joint fundraising committee composed of and authorized by Donald J. Trump for President 2024, Inc. and the Republican National Committee.",142516,12808,797,public,https://www.youtube.com/watch?v=aleCTa3AyQw,2026-10-03T08:49:57+00:00
Donald J. Trump,共和党,候选人阵营,youtube,trump,UCAql2DyGU2un1Ei2nMYsqOA,xy0lGIXnIPU,2024-10-08T01:11:12+00:00,2024-10-07,streams,True,none,2155,"LIVE: President Trump in Miami, FL","Text TRUMP to 88022 to take the official Trump Supporter Survey.

Brand New MAGA Hats Released! Visit the Official Trump Store to claim the just released new MAGA Hats: https://www.donaldjtrump.com/store

Paid for by Trump National Committee JFC Inc., a joint fundraising committee composed of and authorized by Donald J. Trump for President 2024, Inc. and the Republican National Committee.",119906,12748,727,public,https://www.youtube.com/watch?v=xy0lGIXnIPU,2026-10-03T08:49:57+00:00
Donald J. Trump,共和党,候选人阵营,youtube,trump,UCAql2DyGU2un1Ei2nMYsqOA,rnWx6znh9PQ,2024-10-08T01:17:03+00:00,2024-10-07,videos,False,none,1221,"President Trump Speaks at October 7 Remembrance Event in Miami, Florida","www.donaldjtrump.com
www.swampthevoteusa.com",45288,4630,1019,public,https://www.youtube.com/watch?v=rnWx6znh9PQ,2026-10-03T08:49:57+00:00
Donald J. Trump,共和党,候选人阵营,youtube,trump,UCAql2DyGU2un1Ei2nMYsqOA,VbQXthtjUPo,2024-10-08T15:57:37+00:00,2024-10-08,videos,False,none,18,Kamala Says There Isn't A Thing She Would Do Different Than Biden!,www.swampthevoteusa.com,127038,9431,2391,public,https://www.youtube.com/watch?v=VbQXthtjUPo,2026-10-03T08:49:57+00:00
Donald J. Trump,共和党,候选人阵营,youtube,trump,UCAql2DyGU2un1Ei2nMYsqOA,BilYizY7-0c,2024-10-09T14:43:32+00:00,2024-10-09,videos,False,none,657,First Lady Melania Trump Joins The Five,,958882,38012,5428,public,https://www.youtube.com/watch?v=BilYizY7-0c,2026-10-03T08:49:57+00:00
Donald J. Trump,共和党,候选人阵营,youtube,trump,UCAql2DyGU2un1Ei2nMYsqOA,G6suxE2lA0M,2024-10-09T18:28:59+00:00,2024-10-09,videos,False,none,97,KAMALA WOULDN'T CHANGE A THING...,,77409,10479,1576,public,https://www.youtube.com/watch?v=G6suxE2lA0M,2026-10-03T08:49:57+00:00
Donald J. Trump,共和党,候选人阵营,youtube,trump,UCAql2DyGU2un1Ei2nMYsqOA,6oRzr8IdVhU,2024-10-09T20:51:39+00:00,2024-10-09,streams,True,none,5181,"LIVE: President Trump in Scranton, PA","Text TRUMP to 88022 to take the official Trump Supporter Survey.

Brand New MAGA Hats Released! Visit the Official Trump Store to claim the just released new MAGA Hats: https://www.donaldjtrump.com/store

Paid for by Trump National Committee JFC Inc., a joint fundraising committee composed of and authorized by Donald J. Trump for President 2024, Inc. and the Republican National Committee.",96502,12003,805,public,https://www.youtube.com/watch?v=6oRzr8IdVhU,2026-10-03T08:49:57+00:00
Donald J. Trump,共和党,候选人阵营,youtube,trump,UCAql2DyGU2un1Ei2nMYsqOA,H7PzWCxffrU,2024-10-10T01:07:11+00:00,2024-10-09,streams,True,none,5080,"LIVE: President Trump in Reading, PA","Text TRUMP to 88022 to take the official Trump Supporter Survey.

Brand New MAGA Hats Released! Visit the Official Trump Store to claim the just released new MAGA Hats: https://www.donaldjtrump.com/store

Paid for by Trump National Committee JFC Inc., a joint fundraising committee composed of and authorized by Donald J. Trump for President 2024, Inc. and the Republican National Committee.",77279,7993,561,public,https://www.youtube.com/watch?v=H7PzWCxffrU,2026-10-03T08:49:57+00:00
Donald J. Trump,共和党,候选人阵营,youtube,trump,UCAql2DyGU2un1Ei2nMYsqOA,AVWQNLLvyVs,2024-10-10T19:47:55+00:00,2024-10-10,streams,True,none,7621,"LIVE: President Trump in Detroit, MI","Text TRUMP to 88022 to take the official Trump Supporter Survey.

Brand New MAGA Hats Released! Visit the Official Trump Store to claim the just released new MAGA Hats: https://www.donaldjtrump.com/store

Paid for by Trump National Committee JFC Inc., a joint fundraising committee composed of and authorized by Donald J. Trump for President 2024, Inc. and the Republican National Committee.",101309,11546,973,public,https://www.youtube.com/watch?v=AVWQNLLvyVs,2026-10-03T08:49:57+00:00
Donald J. Trump,共和党,候选人阵营,youtube,trump,UCAql2DyGU2un1Ei2nMYsqOA,kZ6Fq-eMJio,2024-10-11T17:52:52+00:00,2024-10-11,videos,False,none,158,OCCUPIED AMERICA,,44542,8298,1137,public,https://www.youtube.com/watch?v=kZ6Fq-eMJio,2026-10-03T08:49:57+00:00
Donald J. Trump,共和党,候选人阵营,youtube,trump,UCAql2DyGU2un1Ei2nMYsqOA,ac3iMN6i1uI,2024-10-11T20:50:13+00:00,2024-10-11,streams,True,none,3766,"LIVE: President Trump in Aurora, CO","Text TRUMP to 88022 to take the official Trump Supporter Survey.

Brand New MAGA Hats Released! Visit the Official Trump Store to claim the just released new MAGA Hats: https://www.donaldjtrump.com/store

Paid for by Trump National Committee JFC Inc., a joint fundraising committee composed of and authorized by Donald J. Trump for President 2024, Inc. and the Republican National Committee.",107583,12079,850,public,https://www.youtube.com/watch?v=ac3iMN6i1uI,2026-10-03T08:49:57+00:00
Donald J. Trump,共和党,候选人阵营,youtube,trump,UCAql2DyGU2un1Ei2nMYsqOA,ieAVNToNoss,2024-10-11T21:07:19+00:00,2024-10-11,streams,True,none,878,"LIVE: President Trump in Aurora, CO","Text TRUMP to 88022 to take the official Trump Supporter Survey.

Brand New MAGA Hats Released! Visit the Official Trump Store to claim the just released new MAGA Hats: https://www.donaldjtrump.com/store

Paid for by Trump National Committee JFC Inc., a joint fundraising committee composed of and authorized by Donald J. Trump for President 2024, Inc. and the Republican National Committee.",31247,4690,420,public,https://www.youtube.com/watch?v=ieAVNToNoss,2026-10-03T08:49:57+00:00
Donald J. Trump,共和党,候选人阵营,youtube,trump,UCAql2DyGU2un1Ei2nMYsqOA,DO9v4BQKYyY,2024-10-12T02:21:09+00:00,2024-10-11,streams,True,none,5204,"LIVE: President Trump in Reno, NV","Text TRUMP to 88022 to take the official Trump Supporter Survey.

Brand New MAGA Hats Released! Visit the Official Trump Store to claim the just released new MAGA Hats: https://www.donaldjtrump.com/store

Paid for by Trump National Committee JFC Inc., a joint fundraising committee composed of and authorized by Donald J. Trump for President 2024, Inc. and the Republican National Committee.",70753,7953,407,public,https://www.youtube.com/watch?v=DO9v4BQKYyY,2026-10-03T08:49:57+00:00
Donald J. Trump,共和党,候选人阵营,youtube,trump,UCAql2DyGU2un1Ei2nMYsqOA,7U8aZyNAzzM,2024-10-12T03:41:40+00:00,2024-10-11,shorts,False,none,50,WHOLESOME MOMENT: President Trump Hears A Crying Baby in the Crowd ❤️,,346283,29840,2241,public,https://www.youtube.com/watch?v=7U8aZyNAzzM,2026-10-03T08:49:57+00:00
Donald J. Trump,共和党,候选人阵营,youtube,trump,UCAql2DyGU2un1Ei2nMYsqOA,LrQCFZHgQr0,2024-10-12T13:30:11+00:00,2024-10-12,videos,False,none,96,I WILL END DOUBLE TAXATION...,,440201,49967,6078,public,https://www.youtube.com/watch?v=LrQCFZHgQr0,2026-10-03T08:49:57+00:00
Donald J. Trump,共和党,候选人阵营,youtube,trump,UCAql2DyGU2un1Ei2nMYsqOA,iwZRhJ0jfQI,2024-10-13T02:01:43+00:00,2024-10-12,streams,True,none,5075,"LIVE: President Trump in Coachella, CA","Text TRUMP to 88022 to take the official Trump Supporter Survey.

Brand New MAGA Hats Released! Visit the Official Trump Store to claim the just released new MAGA Hats: https://www.donaldjtrump.com/store

Paid for by Trump National Committee JFC Inc., a joint fundraising committee composed of and authorized by Donald J. Trump for President 2024, Inc. and the Republican National Committee.",203654,20533,1375,public,https://www.youtube.com/watch?v=iwZRhJ0jfQI,2026-10-03T08:49:57+00:00
Donald J. Trump,共和党,候选人阵营,youtube,trump,UCAql2DyGU2un1Ei2nMYsqOA,ppTEmtYFRs0,2024-10-13T14:49:50+00:00,2024-10-13,videos,False,none,24,65% of Americans Say Kamala Will Be NO DIFFERENT Than Biden! It's TRUE!,,31942,4767,998,public,https://www.youtube.com/watch?v=ppTEmtYFRs0,2026-10-03T08:49:57+00:00
Donald J. Trump,共和党,候选人阵营,youtube,trump,UCAql2DyGU2un1Ei2nMYsqOA,a1UDFPa_mnk,2024-10-13T14:59:15+00:00,2024-10-13,videos,False,none,10,ABC POLL: 59% of Americans Say the Economy is Getting WORSE Under Lyin' Kamala,,19233,2470,402,public,https://www.youtube.com/watch?v=a1UDFPa_mnk,2026-10-03T08:49:57+00:00
Donald J. Trump,共和党,候选人阵营,youtube,trump,UCAql2DyGU2un1Ei2nMYsqOA,huVbwk3I8Y0,2024-10-13T15:16:04+00:00,2024-10-13,videos,False,none,33,Join Lara Trump & Trump Force Captains for a Weekend of Action!,WWW.TRUMPFORCE47.COM,15071,2014,183,public,https://www.youtube.com/watch?v=huVbwk3I8Y0,2026-10-03T08:49:57+00:00
Donald J. Trump,共和党,候选人阵营,youtube,trump,UCAql2DyGU2un1Ei2nMYsqOA,evvBpjFf_t4,2024-10-13T18:57:06+00:00,2024-10-13,videos,False,none,133,Believers for Trump,"As Christians, we are called to be a light in the darkness. The leadership coming from Washington is in a dark place. Under the Harris administration, free speech and religious liberty are under threat—parents at school board meetings labeled as domestic terrorists, children removed from families over gender reassignment objections, and legislation supporting abortion up to birth. Trump and Vance stand for protecting your First Amendment rights, empowering you to practice your faith freely and raise your children with the values you hold dear.",45940,6013,1112,public,https://www.youtube.com/watch?v=evvBpjFf_t4,2026-10-03T08:49:57+00:00
Donald J. Trump,共和党,候选人阵营,youtube,trump,UCAql2DyGU2un1Ei2nMYsqOA,PRICVzZTDkg,2024-10-13T22:40:14+00:00,2024-10-13,videos,False,none,123,MUST WATCH: National Border Patrol Council ENDORSES President Donald J. Trump,,30607,4182,576,public,https://www.youtube.com/watch?v=PRICVzZTDkg,2026-10-03T08:49:57+00:00
Donald J. Trump,共和党,候选人阵营,youtube,trump,UCAql2DyGU2un1Ei2nMYsqOA,Wt6_t31wNq4,2024-10-13T22:55:59+00:00,2024-10-13,streams,True,none,5730,"LIVE: President Trump in Prescott Valley, AZ","Text TRUMP to 88022 to take the official Trump Supporter Survey.

Brand New MAGA Hats Released! Visit the Official Trump Store to claim the just released new MAGA Hats: https://www.donaldjtrump.com/store

Paid for by Trump National Committee JFC Inc., a joint fundraising committee composed of and authorized by Donald J. Trump for President 2024, Inc. and the Republican National Committee.",126043,12414,979,public,https://www.youtube.com/watch?v=Wt6_t31wNq4,2026-10-03T08:49:57+00:00
Donald J. Trump,共和党,候选人阵营,youtube,trump,UCAql2DyGU2un1Ei2nMYsqOA,A7rp0YjcqwM,2024-10-14T17:18:00+00:00,2024-10-14,videos,False,none,93,ARE YOU BETTER OFF NOW THAN FOUR YEARS AGO?,LEARN MORE: KamalaTaxIncrease.com,86374,12331,1366,public,https://www.youtube.com/watch?v=A7rp0YjcqwM,2026-10-03T08:49:57+00:00
Donald J. Trump,共和党,候选人阵营,youtube,trump,UCAql2DyGU2un1Ei2nMYsqOA,x8hAFHB54gE,2024-10-14T19:20:22+00:00,2024-10-14,videos,False,none,31,I Don't Want,www.DonaldJTrump.com,464822,16817,2395,public,https://www.youtube.com/watch?v=x8hAFHB54gE,2026-10-03T08:49:57+00:00
Donald J. Trump,共和党,候选人阵营,youtube,trump,UCAql2DyGU2un1Ei2nMYsqOA,XMs8idj4kaw,2024-10-15T00:36:47+00:00,2024-10-14,streams,True,none,5866,"LIVE: President Trump in Oaks, PA","Text TRUMP to 88022 to take the official Trump Supporter Survey.

Brand New MAGA Hats Released! Visit the Official Trump Store to claim the just released new MAGA Hats: https://www.donaldjtrump.com/store

Paid for by Trump National Committee JFC Inc., a joint fundraising committee composed of and authorized by Donald J. Trump for President 2024, Inc. and the Republican National Committee.",157303,10197,1239,public,https://www.youtube.com/watch?v=XMs8idj4kaw,2026-10-03T08:49:57+00:00
Donald J. Trump,共和党,候选人阵营,youtube,trump,UCAql2DyGU2un1Ei2nMYsqOA,HlWT6nYZ4OU,2024-10-15T18:36:22+00:00,2024-10-15,videos,False,none,3896,President Trump's Interview with Bloomberg at The Economic Club of Chicago,,139819,11593,3400,public,https://www.youtube.com/watch?v=HlWT6nYZ4OU,2026-10-03T08:49:57+00:00
Donald J. Trump,共和党,候选人阵营,youtube,trump,UCAql2DyGU2un1Ei2nMYsqOA,PHiwOoHSqfo,2024-10-16T02:22:09+00:00,2024-10-15,streams,True,none,4492,"LIVE: President Trump in Atlanta, GA","Text TRUMP to 88022 to take the official Trump Supporter Survey.

Brand New MAGA Hats Released! Visit the Official Trump Store to claim the just released new MAGA Hats: https://www.donaldjtrump.com/store

Paid for by Trump National Committee JFC Inc., a joint fundraising committee composed of and authorized by Donald J. Trump for President 2024, Inc. and the Republican National Committee.",104284,12771,1017,public,https://www.youtube.com/watch?v=PHiwOoHSqfo,2026-10-03T08:49:57+00:00
Donald J. Trump,共和党,候选人阵营,youtube,trump,UCAql2DyGU2un1Ei2nMYsqOA,sLKtb9OlJFA,2024-10-16T21:53:10+00:00,2024-10-16,shorts,False,none,104,Lyin' Kamala is Her Own Worst Enemy,,115353,11305,1630,public,https://www.youtube.com/watch?v=sLKtb9OlJFA,2026-10-03T08:49:57+00:00
Donald J. Trump,共和党,候选人阵营,youtube,trump,UCAql2DyGU2un1Ei2nMYsqOA,ek2tGSCWtFM,2024-10-16T23:19:54+00:00,2024-10-16,videos,False,none,151,Border Czar Kamala Doesn't Know How Many Illegal Aliens She's Released Into Our Country!,,67669,8622,2689,public,https://www.youtube.com/watch?v=ek2tGSCWtFM,2026-10-03T08:49:57+00:00
Donald J. Trump,共和党,候选人阵营,youtube,trump,UCAql2DyGU2un1Ei2nMYsqOA,aJjsh9-U7HI,2024-10-16T23:22:13+00:00,2024-10-16,videos,False,none,108,"Kamala REFUSED to Apologize to the Families of Jocelyn Nungaray, Rachel Morin, and Laken Riley",,68148,6376,1780,public,https://www.youtube.com/watch?v=aJjsh9-U7HI,2026-10-03T08:49:57+00:00
Donald J. Trump,共和党,候选人阵营,youtube,trump,UCAql2DyGU2un1Ei2nMYsqOA,209dcOaClzQ,2024-10-16T23:33:43+00:00,2024-10-16,videos,False,none,50,"Kamala MALFUNCTIONS When Asked How She Can ""Turn The Page"" When She's Been in Office for 4 Years!",,417282,19449,4989,public,https://www.youtube.com/watch?v=209dcOaClzQ,2026-10-03T08:49:57+00:00
Donald J. Trump,共和党,候选人阵营,youtube,trump,UCAql2DyGU2un1Ei2nMYsqOA,aLC2XjW_Z08,2024-10-16T23:55:53+00:00,2024-10-16,videos,False,none,1605,MUST WATCH: Kamala Harris' Disastrous Interview with Fox News,,1818221,46059,25498,public,https://www.youtube.com/watch?v=aLC2XjW_Z08,2026-10-03T08:49:57+00:00
Donald J. Trump,共和党,候选人阵营,youtube,trump,UCAql2DyGU2un1Ei2nMYsqOA,ivGgBk9Qb7Y,2024-10-17T01:08:36+00:00,2024-10-16,videos,False,none,31,Global Chaos,www.DonaldJTrump.com,113645,11946,1307,public,https://www.youtube.com/watch?v=ivGgBk9Qb7Y,2026-10-03T08:49:57+00:00
Donald J. Trump,共和党,候选人阵营,youtube,trump,UCAql2DyGU2un1Ei2nMYsqOA,gFXvkvEIb-k,2024-10-17T14:43:27+00:00,2024-10-17,shorts,False,none,12,LYIN’ KAMALA…,,260236,16809,1845,public,https://www.youtube.com/watch?v=gFXvkvEIb-k,2026-10-03T08:49:57+00:00
Donald J. Trump,共和党,候选人阵营,youtube,trump,UCAql2DyGU2un1Ei2nMYsqOA,nUw2aeNK2tw,2024-10-18T03:05:11+00:00,2024-10-17,videos,True,none,1697,FULL SPEECH: President Trump's Speech at the Alfred E. Smith Memorial Foundation Dinner,,287886,21660,4736,public,https://www.youtube.com/watch?v=nUw2aeNK2tw,2026-10-03T08:49:57+00:00
Donald J. Trump,共和党,候选人阵营,youtube,trump,UCAql2DyGU2un1Ei2nMYsqOA,maEhujLw3_g,2024-10-18T18:36:43+00:00,2024-10-18,videos,False,none,85,GEORGIA — GET OUT AND VOTE!,"GEORGIA — EARLY VOTING HAS STARTED!

VOTE EARLY IN-PERSON: OCTOBER 15TH - NOVEMBER 1ST

ABSENTEE BALLOT REQUEST DEADLINE: OCTOBER 25TH

ELECTION DAY & MAIL-IN BALLOT DUE 7PM ON NOVEMBER 5TH!

vote.donaldjtrump.com/ga",31082,5744,815,public,https://www.youtube.com/watch?v=maEhujLw3_g,2026-10-03T08:49:57+00:00
Donald J. Trump,共和党,候选人阵营,youtube,trump,UCAql2DyGU2un1Ei2nMYsqOA,yWYIk9tmuCQ,2024-10-18T20:02:14+00:00,2024-10-18,videos,False,none,291,President Trump Speaks to Reporters in Michigan Under the Wing of Trump Force One,SWAMPTHEVOTEUSA.COM,58846,8780,1331,public,https://www.youtube.com/watch?v=yWYIk9tmuCQ,2026-10-03T08:49:57+00:00
Donald J. Trump,共和党,候选人阵营,youtube,trump,UCAql2DyGU2un1Ei2nMYsqOA,dcwpdPfQvJU,2024-10-18T20:30:49+00:00,2024-10-18,videos,False,none,73,"Democratic Muslim Mayor Amer Ghalib of Hamtramck, Michigan Endorses President Trump!",,64654,4964,687,public,https://www.youtube.com/watch?v=dcwpdPfQvJU,2026-10-03T08:49:57+00:00
Donald J. Trump,共和党,候选人阵营,youtube,trump,UCAql2DyGU2un1Ei2nMYsqOA,FLY4cI77_FU,2024-10-18T20:31:35+00:00,2024-10-18,videos,False,none,80,Broken Record,,96192,9719,1439,public,https://www.youtube.com/watch?v=FLY4cI77_FU,2026-10-03T08:49:57+00:00
Donald J. Trump,共和党,候选人阵营,youtube,trump,UCAql2DyGU2un1Ei2nMYsqOA,X5eZdvhNvkM,2024-10-18T22:28:01+00:00,2024-10-18,shorts,False,none,25,KAMALA REFUSES TO SAY 1 THING SHE WOULD DO DIFFERENTLY THAN BIDEN!,,301078,10808,2295,public,https://www.youtube.com/watch?v=X5eZdvhNvkM,2026-10-03T08:49:57+00:00
Donald J. Trump,共和党,候选人阵营,youtube,trump,UCAql2DyGU2un1Ei2nMYsqOA,hrz3-t_duTg,2024-10-19T01:19:49+00:00,2024-10-18,streams,True,none,5264,"LIVE: President Trump in Detroit, MI","Text TRUMP to 88022 to take the official Trump Supporter Survey.

Brand New MAGA Hats Released! Visit the Official Trump Store to claim the just released new MAGA Hats: https://www.donaldjtrump.com/store

Paid for by Trump National Committee JFC Inc., a joint fundraising committee composed of and authorized by Donald J. Trump for President 2024, Inc. and the Republican National Committee.",103290,9775,735,public,https://www.youtube.com/watch?v=hrz3-t_duTg,2026-10-03T08:49:57+00:00
Donald J. Trump,共和党,候选人阵营,youtube,trump,UCAql2DyGU2un1Ei2nMYsqOA,rC0rhy8rVeo,2024-10-19T17:59:00+00:00,2024-10-19,videos,False,none,163,MICHIGAN — GET OUT AND VOTE!,SWAMPTHEVOTEUSA.COM,43135,7062,1330,public,https://www.youtube.com/watch?v=rC0rhy8rVeo,2026-10-03T08:49:57+00:00
Donald J. Trump,共和党,候选人阵营,youtube,trump,UCAql2DyGU2un1Ei2nMYsqOA,q8P0Hw8I5k0,2024-10-19T23:52:39+00:00,2024-10-19,streams,True,none,5965,"LIVE: President Trump in Latrobe, PA","Text TRUMP to 88022 to take the official Trump Supporter Survey.

Brand New MAGA Hats Released! Visit the Official Trump Store to claim the just released new MAGA Hats: https://www.donaldjtrump.com/store

Paid for by Trump National Committee JFC Inc., a joint fundraising committee composed of and authorized by Donald J. Trump for President 2024, Inc. and the Republican National Committee.",137037,14158,1169,public,https://www.youtube.com/watch?v=q8P0Hw8I5k0,2026-10-03T08:49:57+00:00
Donald J. Trump,共和党,候选人阵营,youtube,trump,UCAql2DyGU2un1Ei2nMYsqOA,_yAt7DPm7YQ,2024-10-20T17:07:32+00:00,2024-10-20,videos,False,none,1554,FULL: President Trump's Interview with MediaBuzz,,110393,9659,2054,public,https://www.youtube.com/watch?v=_yAt7DPm7YQ,2026-10-03T08:49:57+00:00
Donald J. Trump,共和党,候选人阵营,youtube,trump,UCAql2DyGU2un1Ei2nMYsqOA,1wWpBqWGZ7M,2024-10-20T22:25:05+00:00,2024-10-20,streams,True,none,4566,"LIVE: President Trump in Lancaster, PA","Text TRUMP to 88022 to take the official Trump Supporter Survey.

Brand New MAGA Hats Released! Visit the Official Trump Store to claim the just released new MAGA Hats: https://www.donaldjtrump.com/store

Paid for by Trump National Committee JFC Inc., a joint fundraising committee composed of and authorized by Donald J. Trump for President 2024, Inc. and the Republican National Committee.",111679,12741,683,public,https://www.youtube.com/watch?v=1wWpBqWGZ7M,2026-10-03T08:49:57+00:00
Donald J. Trump,共和党,候选人阵营,youtube,trump,UCAql2DyGU2un1Ei2nMYsqOA,okYJBEwE4ho,2024-10-20T22:34:36+00:00,2024-10-20,videos,False,none,278,President Trump Explains Why He Will Never Stop Fighting for the American People in 4 Minutes,"WWW.DONALDJTRUMP.COM

WWW.SWAMPTHEVOTEUSA.COM",43608,5805,1266,public,https://www.youtube.com/watch?v=okYJBEwE4ho,2026-10-03T08:49:57+00:00
Donald J. Trump,共和党,候选人阵营,youtube,trump,UCAql2DyGU2un1Ei2nMYsqOA,yJJKpgMiRKY,2024-10-21T20:30:48+00:00,2024-10-21,streams,True,none,4382,"LIVE: President Trump in Greenville, NC","Text TRUMP to 88022 to take the official Trump Supporter Survey.

Brand New MAGA Hats Released! Visit the Official Trump Store to claim the just released new MAGA Hats: https://www.donaldjtrump.com/store

Paid for by Trump National Committee JFC Inc., a joint fundraising committee composed of and authorized by Donald J. Trump for President 2024, Inc. and the Republican National Committee.",79513,10457,729,public,https://www.youtube.com/watch?v=yJJKpgMiRKY,2026-10-03T08:49:57+00:00
Donald J. Trump,共和党,候选人阵营,youtube,trump,UCAql2DyGU2un1Ei2nMYsqOA,b0Vj9-eQl8Q,2024-10-22T00:05:08+00:00,2024-10-21,videos,False,none,106,President Trump’s Vow to the American People,VOTE.DONALDJTRUMP.COM,36082,6734,1303,public,https://www.youtube.com/watch?v=b0Vj9-eQl8Q,2026-10-03T08:49:57+00:00
Donald J. Trump,共和党,候选人阵营,youtube,trump,UCAql2DyGU2un1Ei2nMYsqOA,7Cjb6BB1lYY,2024-10-22T00:11:13+00:00,2024-10-21,streams,True,none,3516,"LIVE: President Trump in Concord, NC","Text TRUMP to 88022 to take the official Trump Supporter Survey.

Brand New MAGA Hats Released! Visit the Official Trump Store to claim the just released new MAGA Hats: https://www.donaldjtrump.com/store

Paid for by Trump National Committee JFC Inc., a joint fundraising committee composed of and authorized by Donald J. Trump for President 2024, Inc. and the Republican National Committee.",74614,9691,654,public,https://www.youtube.com/watch?v=7Cjb6BB1lYY,2026-10-03T08:49:57+00:00
Donald J. Trump,共和党,候选人阵营,youtube,trump,UCAql2DyGU2un1Ei2nMYsqOA,G1dHFCNXQ7A,2024-10-22T16:29:45+00:00,2024-10-22,streams,True,none,4374,"LIVE: President Trump in Miami, FL","Text TRUMP to 88022 to take the official Trump Supporter Survey.

Brand New MAGA Hats Released! Visit the Official Trump Store to claim the just released new MAGA Hats: https://www.donaldjtrump.com/store

Paid for by Trump National Committee JFC Inc., a joint fundraising committee composed of and authorized by Donald J. Trump for President 2024, Inc. and the Republican National Committee.",60815,7592,633,public,https://www.youtube.com/watch?v=G1dHFCNXQ7A,2026-10-03T08:49:57+00:00
Donald J. Trump,共和党,候选人阵营,youtube,trump,UCAql2DyGU2un1Ei2nMYsqOA,RBsm8Qk2XP8,2024-10-23T01:04:25+00:00,2024-10-22,streams,True,none,7003,"LIVE: President Trump in Greensboro, NC","Text TRUMP to 88022 to take the official Trump Supporter Survey.

Brand New MAGA Hats Released! Visit the Official Trump Store to claim the just released new MAGA Hats: https://www.donaldjtrump.com/store

Paid for by Trump National Committee JFC Inc., a joint fundraising committee composed of and authorized by Donald J. Trump for President 2024, Inc. and the Republican National Committee.",98745,12192,796,public,https://www.youtube.com/watch?v=RBsm8Qk2XP8,2026-10-03T08:49:57+00:00
Donald J. Trump,共和党,候选人阵营,youtube,trump,UCAql2DyGU2un1Ei2nMYsqOA,kwbBxC8lIw8,2024-10-23T12:52:39+00:00,2024-10-23,videos,False,none,31,Four More,www.DonaldJTrump.com,56633,8532,829,public,https://www.youtube.com/watch?v=kwbBxC8lIw8,2026-10-03T08:49:57+00:00
Donald J. Trump,共和党,候选人阵营,youtube,trump,UCAql2DyGU2un1Ei2nMYsqOA,AFcrA3EeVp4,2024-10-23T13:24:19+00:00,2024-10-23,videos,False,none,55,Trump Always,,303874,27533,2608,public,https://www.youtube.com/watch?v=AFcrA3EeVp4,2026-10-03T08:49:57+00:00
Donald J. Trump,共和党,候选人阵营,youtube,trump,UCAql2DyGU2un1Ei2nMYsqOA,jqP3OrutGcg,2024-10-23T13:24:23+00:00,2024-10-23,videos,False,none,156,President Trump's 20 Promises,,77908,9257,1765,public,https://www.youtube.com/watch?v=jqP3OrutGcg,2026-10-03T08:49:57+00:00
Donald J. Trump,共和党,候选人阵营,youtube,trump,UCAql2DyGU2un1Ei2nMYsqOA,N50hLleeZ84,2024-10-23T20:34:31+00:00,2024-10-23,streams,True,none,2436,"LIVE: President Trump in Zebulon, GA","Text TRUMP to 88022 to take the official Trump Supporter Survey.

Brand New MAGA Hats Released! Visit the Official Trump Store to claim the just released new MAGA Hats: https://www.donaldjtrump.com/store

Paid for by Trump National Committee JFC Inc., a joint fundraising committee composed of and authorized by Donald J. Trump for President 2024, Inc. and the Republican National Committee.",61022,7164,545,public,https://www.youtube.com/watch?v=N50hLleeZ84,2026-10-03T08:49:57+00:00
Donald J. Trump,共和党,候选人阵营,youtube,trump,UCAql2DyGU2un1Ei2nMYsqOA,SbEDOz1_qlo,2024-10-23T23:10:51+00:00,2024-10-23,shorts,False,none,76,"Welcome to the Party, Tulsi.",,130728,12097,1660,public,https://www.youtube.com/watch?v=SbEDOz1_qlo,2026-10-03T08:49:57+00:00
Donald J. Trump,共和党,候选人阵营,youtube,trump,UCAql2DyGU2un1Ei2nMYsqOA,n5LDxSrrI1k,2024-10-24T01:19:20+00:00,2024-10-23,videos,False,none,40,Philadelphia Voters Are Not Happy with Barack Hussein Obama Talking Down to Them!,VOTE.DONALDJTRUMP.COM,62116,5157,618,public,https://www.youtube.com/watch?v=n5LDxSrrI1k,2026-10-03T08:49:57+00:00
Donald J. Trump,共和党,候选人阵营,youtube,trump,UCAql2DyGU2un1Ei2nMYsqOA,tTPemvlhjCg,2024-10-24T01:36:42+00:00,2024-10-23,streams,True,none,5502,"LIVE: President Trump in Duluth, GA","Text TRUMP to 88022 to take the official Trump Supporter Survey.

Brand New MAGA Hats Released! Visit the Official Trump Store to claim the just released new MAGA Hats: https://www.donaldjtrump.com/store

Paid for by Trump National Committee JFC Inc., a joint fundraising committee composed of and authorized by Donald J. Trump for President 2024, Inc. and the Republican National Committee.",91903,9697,710,public,https://www.youtube.com/watch?v=tTPemvlhjCg,2026-10-03T08:49:57+00:00
Donald J. Trump,共和党,候选人阵营,youtube,trump,UCAql2DyGU2un1Ei2nMYsqOA,IHeKMV1-6rI,2024-10-24T01:56:00+00:00,2024-10-23,videos,False,none,240,"We aren't running against Kamala. We're running against a massive, crooked, radical left machine.",,75466,7962,1843,public,https://www.youtube.com/watch?v=IHeKMV1-6rI,2026-10-03T08:49:57+00:00
Donald J. Trump,共和党,候选人阵营,youtube,trump,UCAql2DyGU2un1Ei2nMYsqOA,LBTBTOKj7bo,2024-10-24T22:37:44+00:00,2024-10-24,streams,True,none,3533,"LIVE: President Trump in Tempe, AZ","Text TRUMP to 88022 to take the official Trump Supporter Survey.

Brand New MAGA Hats Released! Visit the Official Trump Store to claim the just released new MAGA Hats: https://www.donaldjtrump.com/store

Paid for by Trump National Committee JFC Inc., a joint fundraising committee composed of and authorized by Donald J. Trump for President 2024, Inc. and the Republican National Committee.",82328,10847,884,public,https://www.youtube.com/watch?v=LBTBTOKj7bo,2026-10-03T08:49:57+00:00
Donald J. Trump,共和党,候选人阵营,youtube,trump,UCAql2DyGU2un1Ei2nMYsqOA,aQb9tlDQ3hE,2024-10-25T03:09:18+00:00,2024-10-24,videos,False,none,22,"SHE BROKE IT — AND I PROMISE YOU, I WILL FIX IT!",VOTE.DONALDJTRUMP.COM,43359,6620,1004,public,https://www.youtube.com/watch?v=aQb9tlDQ3hE,2026-10-03T08:49:57+00:00
Donald J. Trump,共和党,候选人阵营,youtube,trump,UCAql2DyGU2un1Ei2nMYsqOA,TyHI8zF3W1Q,2024-10-25T04:05:10+00:00,2024-10-25,streams,True,none,5164,"LIVE: President Trump in Las Vegas, NV","Text TRUMP to 88022 to take the official Trump Supporter Survey.

Brand New MAGA Hats Released! Visit the Official Trump Store to claim the just released new MAGA Hats: https://www.donaldjtrump.com/store

Paid for by Trump National Committee JFC Inc., a joint fundraising committee composed of and authorized by Donald J. Trump for President 2024, Inc. and the Republican National Committee.",85331,10635,854,public,https://www.youtube.com/watch?v=TyHI8zF3W1Q,2026-10-03T08:49:57+00:00
Donald J. Trump,共和党,候选人阵营,youtube,trump,UCAql2DyGU2un1Ei2nMYsqOA,1QswT4pC0ao,2024-10-25T15:44:16+00:00,2024-10-25,videos,False,none,100,"Holocaust Survivor: Kamala Comparing President Trump to Hitler ""Worst Thing I Ever Heard In U.S.""",,435265,42817,4970,public,https://www.youtube.com/watch?v=1QswT4pC0ao,2026-10-03T08:49:57+00:00
Donald J. Trump,共和党,候选人阵营,youtube,trump,UCAql2DyGU2un1Ei2nMYsqOA,NHpF4Oat0UQ,2024-10-25T19:12:09+00:00,2024-10-25,streams,True,none,2979,"LIVE: President Trump in Austin, TX","Text TRUMP to 88022 to take the official Trump Supporter Survey.

Brand New MAGA Hats Released! Visit the Official Trump Store to claim the just released new MAGA Hats: https://www.donaldjtrump.com/store

Paid for by Trump National Committee JFC Inc., a joint fundraising committee composed of and authorized by Donald J. Trump for President 2024, Inc. and the Republican National Committee.",88025,9251,864,public,https://www.youtube.com/watch?v=NHpF4Oat0UQ,2026-10-03T08:49:57+00:00
Donald J. Trump,共和党,候选人阵营,youtube,trump,UCAql2DyGU2un1Ei2nMYsqOA,RJTKddO13qg,2024-10-26T03:47:07+00:00,2024-10-25,streams,True,none,4917,"LIVE: President Trump in Traverse City, MI","Text TRUMP to 88022 to take the official Trump Supporter Survey.

Brand New MAGA Hats Released! Visit the Official Trump Store to claim the just released new MAGA Hats: https://www.donaldjtrump.com/store

Paid for by Trump National Committee JFC Inc., a joint fundraising committee composed of and authorized by Donald J. Trump for President 2024, Inc. and the Republican National Committee.",119318,12254,1248,public,https://www.youtube.com/watch?v=RJTKddO13qg,2026-10-03T08:49:57+00:00
Donald J. Trump,共和党,候选人阵营,youtube,trump,UCAql2DyGU2un1Ei2nMYsqOA,aeCxvtayMX4,2024-10-26T18:42:40+00:00,2024-10-26,videos,False,none,209,Imam Belal Alzuhairi's Powerful Endorsement of President Trump,"President Trump has assembled the biggest, broadest, most diverse coalition in history, bringing Americans from ALL walks of life together through strength and vision — a movement unlike any other.

vote.donaldjtrump.com",129253,12341,2522,public,https://www.youtube.com/watch?v=aeCxvtayMX4,2026-10-03T08:49:57+00:00
Donald J. Trump,共和党,候选人阵营,youtube,trump,UCAql2DyGU2un1Ei2nMYsqOA,pc9HHqKHnTU,2024-10-26T18:43:49+00:00,2024-10-26,streams,True,none,5632,"LIVE: President Trump in Novi, MI","Text TRUMP to 88022 to take the official Trump Supporter Survey.

Brand New MAGA Hats Released! Visit the Official Trump Store to claim the just released new MAGA Hats: https://www.donaldjtrump.com/store

Paid for by Trump National Committee JFC Inc., a joint fundraising committee composed of and authorized by Donald J. Trump for President 2024, Inc. and the Republican National Committee.",90402,10933,866,public,https://www.youtube.com/watch?v=pc9HHqKHnTU,2026-10-03T08:49:57+00:00
Donald J. Trump,共和党,候选人阵营,youtube,trump,UCAql2DyGU2un1Ei2nMYsqOA,VsUd2f6qVQA,2024-10-26T23:08:21+00:00,2024-10-26,streams,True,none,5040,"LIVE: President Trump in State College, PA","Text TRUMP to 88022 to take the official Trump Supporter Survey.

Brand New MAGA Hats Released! Visit the Official Trump Store to claim the just released new MAGA Hats: https://www.donaldjtrump.com/store

Paid for by Trump National Committee JFC Inc., a joint fundraising committee composed of and authorized by Donald J. Trump for President 2024, Inc. and the Republican National Committee.",79118,7799,736,public,https://www.youtube.com/watch?v=VsUd2f6qVQA,2026-10-03T08:49:57+00:00
Donald J. Trump,共和党,候选人阵营,youtube,trump,UCAql2DyGU2un1Ei2nMYsqOA,Ipi5JpqkTfY,2024-10-27T15:00:43+00:00,2024-10-27,videos,False,none,121,Never Quit,donaldjtrump.com,164098,19833,2802,public,https://www.youtube.com/watch?v=Ipi5JpqkTfY,2026-10-03T08:49:57+00:00
Donald J. Trump,共和党,候选人阵营,youtube,trump,UCAql2DyGU2un1Ei2nMYsqOA,jzAbz65GVAg,2024-10-28T00:45:37+00:00,2024-10-27,streams,True,none,8700,"LIVE: President Trump in New York, NY","Text TRUMP to 88022 to take the official Trump Supporter Survey.

Brand New MAGA Hats Released! Visit the Official Trump Store to claim the just released new MAGA Hats: https://www.donaldjtrump.com/store

Paid for by Trump National Committee JFC Inc., a joint fundraising committee composed of and authorized by Donald J. Trump for President 2024, Inc. and the Republican National Committee.",323562,30365,1827,public,https://www.youtube.com/watch?v=jzAbz65GVAg,2026-10-03T08:49:57+00:00
Donald J. Trump,共和党,候选人阵营,youtube,trump,UCAql2DyGU2un1Ei2nMYsqOA,_dPSxHInMko,2024-10-28T17:03:08+00:00,2024-10-28,videos,False,none,197,Kamala Harris Refused To Protect Jocelyn Nungaray,,96801,14422,2850,public,https://www.youtube.com/watch?v=_dPSxHInMko,2026-10-03T08:49:57+00:00
Donald J. Trump,共和党,候选人阵营,youtube,trump,UCAql2DyGU2un1Ei2nMYsqOA,YexOt09dxww,2024-10-28T21:28:04+00:00,2024-10-28,streams,True,none,4213,"LIVE: President Trump in Powder Springs, GA","Text TRUMP to 88022 to take the official Trump Supporter Survey.

Brand New MAGA Hats Released! Visit the Official Trump Store to claim the just released new MAGA Hats: https://www.donaldjtrump.com/store

Paid for by Trump National Committee JFC Inc., a joint fundraising committee composed of and authorized by Donald J. Trump for President 2024, Inc. and the Republican National Committee.",75717,8055,598,public,https://www.youtube.com/watch?v=YexOt09dxww,2026-10-03T08:49:57+00:00
Donald J. Trump,共和党,候选人阵营,youtube,trump,UCAql2DyGU2un1Ei2nMYsqOA,OjfyVrT9nL4,2024-10-29T00:15:47+00:00,2024-10-28,streams,True,none,4739,"LIVE: President Trump in Atlanta, GA","Text TRUMP to 88022 to take the official Trump Supporter Survey.

Brand New MAGA Hats Released! Visit the Official Trump Store to claim the just released new MAGA Hats: https://www.donaldjtrump.com/store

Paid for by Trump National Committee JFC Inc., a joint fundraising committee composed of and authorized by Donald J. Trump for President 2024, Inc. and the Republican National Committee.",92090,12469,1081,public,https://www.youtube.com/watch?v=OjfyVrT9nL4,2026-10-03T08:49:57+00:00
Donald J. Trump,共和党,候选人阵营,youtube,trump,UCAql2DyGU2un1Ei2nMYsqOA,gDXSwWnHMHA,2024-10-29T16:21:36+00:00,2024-10-29,streams,True,none,3500,"LIVE: President Trump in Palm Beach, FL","Text TRUMP to 88022 to take the official Trump Supporter Survey.

Brand New MAGA Hats Released! Visit the Official Trump Store to claim the just released new MAGA Hats: https://www.donaldjtrump.com/store

Paid for by Trump National Committee JFC Inc., a joint fundraising committee composed of and authorized by Donald J. Trump for President 2024, Inc. and the Republican National Committee.",81494,10986,818,public,https://www.youtube.com/watch?v=gDXSwWnHMHA,2026-10-03T08:49:57+00:00
Donald J. Trump,共和党,候选人阵营,youtube,trump,UCAql2DyGU2un1Ei2nMYsqOA,gRhVGrT7PJY,2024-10-29T21:42:43+00:00,2024-10-29,streams,True,none,4629,"LIVE: President Trump in Drexel Hill, PA","Text TRUMP to 88022 to take the official Trump Supporter Survey.

Brand New MAGA Hats Released! Visit the Official Trump Store to claim the just released new MAGA Hats: https://www.donaldjtrump.com/store

Paid for by Trump National Committee JFC Inc., a joint fundraising committee composed of and authorized by Donald J. Trump for President 2024, Inc. and the Republican National Committee.",73272,8650,478,public,https://www.youtube.com/watch?v=gRhVGrT7PJY,2026-10-03T08:49:57+00:00
Donald J. Trump,共和党,候选人阵营,youtube,trump,UCAql2DyGU2un1Ei2nMYsqOA,hAEF-NBSo20,2024-10-30T01:13:53+00:00,2024-10-29,streams,True,none,5063,"LIVE: President Trump in Allentown, PA","Text TRUMP to 88022 to take the official Trump Supporter Survey.

Brand New MAGA Hats Released! Visit the Official Trump Store to claim the just released new MAGA Hats: https://www.donaldjtrump.com/store

Paid for by Trump National Committee JFC Inc., a joint fundraising committee composed of and authorized by Donald J. Trump for President 2024, Inc. and the Republican National Committee.",118698,13090,1024,public,https://www.youtube.com/watch?v=hAEF-NBSo20,2026-10-03T08:49:57+00:00
Donald J. Trump,共和党,候选人阵营,youtube,trump,UCAql2DyGU2un1Ei2nMYsqOA,i6Ge7ealpZk,2024-10-30T16:17:33+00:00,2024-10-30,videos,False,none,28,6 days.,,121153,14936,1870,public,https://www.youtube.com/watch?v=i6Ge7ealpZk,2026-10-03T08:49:57+00:00
Donald J. Trump,共和党,候选人阵营,youtube,trump,UCAql2DyGU2un1Ei2nMYsqOA,A46L7BumIjY,2024-10-30T16:31:37+00:00,2024-10-30,videos,False,none,61,Fix It,www.DonaldJTrump.com,1440709,7334,991,public,https://www.youtube.com/watch?v=A46L7BumIjY,2026-10-03T08:49:57+00:00
Donald J. Trump,共和党,候选人阵营,youtube,trump,UCAql2DyGU2un1Ei2nMYsqOA,Ap5tK7dBJnw,2024-10-30T19:02:59+00:00,2024-10-30,streams,True,none,5457,"LIVE: President Trump in Rocky Mount, NC","Text TRUMP to 88022 to take the official Trump Supporter Survey.

Brand New MAGA Hats Released! Visit the Official Trump Store to claim the just released new MAGA Hats: https://www.donaldjtrump.com/store

Paid for by Trump National Committee JFC Inc., a joint fundraising committee composed of and authorized by Donald J. Trump for President 2024, Inc. and the Republican National Committee.",70300,8110,439,public,https://www.youtube.com/watch?v=Ap5tK7dBJnw,2026-10-03T08:49:57+00:00
Donald J. Trump,共和党,候选人阵营,youtube,trump,UCAql2DyGU2un1Ei2nMYsqOA,T5W_Bzrv4Tk,2024-10-30T20:55:37+00:00,2024-10-30,videos,False,none,75,My Response to Kamala & Biden: You can’t LEAD America if you don’t LOVE Americans.,,48150,7361,946,public,https://www.youtube.com/watch?v=T5W_Bzrv4Tk,2026-10-03T08:49:57+00:00
Donald J. Trump,共和党,候选人阵营,youtube,trump,UCAql2DyGU2un1Ei2nMYsqOA,AAEjxpm_J18,2024-10-30T22:24:29+00:00,2024-10-30,videos,False,none,433,"Hall of Fame Quarterback Brett Favre Speaks at President Trump's Rally in Green Bay, Wisconsin",WWW.DONALDJTRUMP.COM,67025,4872,638,public,https://www.youtube.com/watch?v=AAEjxpm_J18,2026-10-03T08:49:57+00:00
Donald J. Trump,共和党,候选人阵营,youtube,trump,UCAql2DyGU2un1Ei2nMYsqOA,S71JUf4CwLA,2024-10-30T22:42:42+00:00,2024-10-30,videos,False,none,18,"""How Do You Like My Garbage Truck? This Truck is in Honor of Kamala and Joe Biden.""",,312751,26042,3328,public,https://www.youtube.com/watch?v=S71JUf4CwLA,2026-10-03T08:49:57+00:00
Donald J. Trump,共和党,候选人阵营,youtube,trump,UCAql2DyGU2un1Ei2nMYsqOA,iHgU6hBorg0,2024-10-31T00:05:53+00:00,2024-10-30,videos,False,none,766,Kamala and Joe call us all garbage. I call you the heart and soul of America.,Vote.DonaldJTrump.com,105076,8531,1472,public,https://www.youtube.com/watch?v=iHgU6hBorg0,2026-10-03T08:49:57+00:00
Donald J. Trump,共和党,候选人阵营,youtube,trump,UCAql2DyGU2un1Ei2nMYsqOA,4BiwHG7kob4,2024-10-31T00:44:37+00:00,2024-10-30,streams,True,none,5015,"LIVE: President Trump in Green Bay, WI","Text TRUMP to 88022 to take the official Trump Supporter Survey.

Brand New MAGA Hats Released! Visit the Official Trump Store to claim the just released new MAGA Hats: https://www.donaldjtrump.com/store

Paid for by Trump National Committee JFC Inc., a joint fundraising committee composed of and authorized by Donald J. Trump for President 2024, Inc. and the Republican National Committee.",153564,15985,1020,public,https://www.youtube.com/watch?v=4BiwHG7kob4,2026-10-03T08:49:57+00:00
Donald J. Trump,共和党,候选人阵营,youtube,trump,UCAql2DyGU2un1Ei2nMYsqOA,ckXcyoOPP3A,2024-10-31T15:30:53+00:00,2024-10-31,videos,False,none,306,President Trump Tells the Hilarious Story of How the Garbage Truck and the Orange Vest Came To Be,SWAMPTHEVOTEUSA.COM,118603,6698,1148,public,https://www.youtube.com/watch?v=ckXcyoOPP3A,2026-10-03T08:49:57+00:00
Donald J. Trump,共和党,候选人阵营,youtube,trump,UCAql2DyGU2un1Ei2nMYsqOA,xi8d2VHfuAg,2024-10-31T20:08:55+00:00,2024-10-31,streams,True,none,5543,"LIVE: President Trump in Albuquerque, NM","Text TRUMP to 88022 to take the official Trump Supporter Survey.

Brand New MAGA Hats Released! Visit the Official Trump Store to claim the just released new MAGA Hats: https://www.donaldjtrump.com/store

Paid for by Trump National Committee JFC Inc., a joint fundraising committee composed of and authorized by Donald J. Trump for President 2024, Inc. and the Republican National Committee.",95513,10786,837,public,https://www.youtube.com/watch?v=xi8d2VHfuAg,2026-10-03T08:49:57+00:00
Donald J. Trump,共和党,候选人阵营,youtube,trump,UCAql2DyGU2un1Ei2nMYsqOA,OQib1elusJI,2024-10-31T20:27:51+00:00,2024-10-31,shorts,False,none,16,Raging,,379086,18611,2689,public,https://www.youtube.com/watch?v=OQib1elusJI,2026-10-03T08:49:57+00:00
Donald J. Trump,共和党,候选人阵营,youtube,trump,UCAql2DyGU2un1Ei2nMYsqOA,z1Awk3PSIJo,2024-11-01T00:35:03+00:00,2024-10-31,videos,False,none,65,I'm Not With Her,,97358,14156,1586,public,https://www.youtube.com/watch?v=z1Awk3PSIJo,2026-10-03T08:49:57+00:00
Donald J. Trump,共和党,候选人阵营,youtube,trump,UCAql2DyGU2un1Ei2nMYsqOA,Fn1DFgKSfLY,2024-11-01T00:55:00+00:00,2024-10-31,streams,True,none,5831,"LIVE: President Trump in Henderson, NV","Text TRUMP to 88022 to take the official Trump Supporter Survey.

Brand New MAGA Hats Released! Visit the Official Trump Store to claim the just released new MAGA Hats: https://www.donaldjtrump.com/store

Paid for by Trump National Committee JFC Inc., a joint fundraising committee composed of and authorized by Donald J. Trump for President 2024, Inc. and the Republican National Committee.",102541,10045,538,public,https://www.youtube.com/watch?v=Fn1DFgKSfLY,2026-10-03T08:49:57+00:00
Donald J. Trump,共和党,候选人阵营,youtube,trump,UCAql2DyGU2un1Ei2nMYsqOA,uEHUYlZ1ho0,2024-11-01T05:29:17+00:00,2024-11-01,streams,True,none,5448,"LIVE: President Trump in Glendale, AZ","Text TRUMP to 88022 to take the official Trump Supporter Survey.

Brand New MAGA Hats Released! Visit the Official Trump Store to claim the just released new MAGA Hats: https://www.donaldjtrump.com/store

Paid for by Trump National Committee JFC Inc., a joint fundraising committee composed of and authorized by Donald J. Trump for President 2024, Inc. and the Republican National Committee.",75365,6996,772,public,https://www.youtube.com/watch?v=uEHUYlZ1ho0,2026-10-03T08:49:57+00:00
Donald J. Trump,共和党,候选人阵营,youtube,trump,UCAql2DyGU2un1Ei2nMYsqOA,BGyVZePe7Ow,2024-11-01T21:51:36+00:00,2024-11-01,videos,False,none,209,MAGA Women Respond to Kamala Surrogate Mark Cuban,,78722,8328,1179,public,https://www.youtube.com/watch?v=BGyVZePe7Ow,2026-10-03T08:49:57+00:00
Donald J. Trump,共和党,候选人阵营,youtube,trump,UCAql2DyGU2un1Ei2nMYsqOA,d608OHI_muM,2024-11-01T22:01:20+00:00,2024-11-01,videos,False,none,93,Trump Force 47 - Weekly Recap,,106742,11275,1267,public,https://www.youtube.com/watch?v=d608OHI_muM,2026-10-03T08:49:57+00:00
Donald J. Trump,共和党,候选人阵营,youtube,trump,UCAql2DyGU2un1Ei2nMYsqOA,93NqQ8UDKWw,2024-11-01T22:42:51+00:00,2024-11-01,streams,True,none,6573,"LIVE: President Trump in Warren, MI","Text TRUMP to 88022 to take the official Trump Supporter Survey.

Brand New MAGA Hats Released! Visit the Official Trump Store to claim the just released new MAGA Hats: https://www.donaldjtrump.com/store

Paid for by Trump National Committee JFC Inc., a joint fundraising committee composed of and authorized by Donald J. Trump for President 2024, Inc. and the Republican National Committee.",124782,12482,899,public,https://www.youtube.com/watch?v=93NqQ8UDKWw,2026-10-03T08:49:57+00:00
Donald J. Trump,共和党,候选人阵营,youtube,trump,UCAql2DyGU2un1Ei2nMYsqOA,5eyufJVjdBg,2024-11-02T03:50:07+00:00,2024-11-01,streams,True,none,5532,"LIVE: President Trump in Milwaukee, WI","Text TRUMP to 88022 to take the official Trump Supporter Survey.

Brand New MAGA Hats Released! Visit the Official Trump Store to claim the just released new MAGA Hats: https://www.donaldjtrump.com/store

Paid for by Trump National Committee JFC Inc., a joint fundraising committee composed of and authorized by Donald J. Trump for President 2024, Inc. and the Republican National Committee.",128050,12355,757,public,https://www.youtube.com/watch?v=5eyufJVjdBg,2026-10-03T08:49:57+00:00
Donald J. Trump,共和党,候选人阵营,youtube,trump,UCAql2DyGU2un1Ei2nMYsqOA,VVU7pYq3WHw,2024-11-02T05:09:40+00:00,2024-11-02,shorts,False,none,31,Kamala is for they/them. I am for you.,,679192,22485,5205,public,https://www.youtube.com/watch?v=VVU7pYq3WHw,2026-10-03T08:49:57+00:00
Donald J. Trump,共和党,候选人阵营,youtube,trump,UCAql2DyGU2un1Ei2nMYsqOA,tV-w2nLocuM,2024-11-02T18:40:37+00:00,2024-11-02,streams,True,none,5580,"LIVE: President Trump in Gastonia, NC","Text TRUMP to 88022 to take the official Trump Supporter Survey.

Brand New MAGA Hats Released! Visit the Official Trump Store to claim the just released new MAGA Hats: https://www.donaldjtrump.com/store

Paid for by Trump National Committee JFC Inc., a joint fundraising committee composed of and authorized by Donald J. Trump for President 2024, Inc. and the Republican National Committee.",119539,12130,640,public,https://www.youtube.com/watch?v=tV-w2nLocuM,2026-10-03T08:49:57+00:00
Donald J. Trump,共和党,候选人阵营,youtube,trump,UCAql2DyGU2un1Ei2nMYsqOA,uP08OUoVj0o,2024-11-02T19:08:28+00:00,2024-11-02,videos,False,none,61,We Fight,www.DonaldJTrump.com,228056,17023,2165,public,https://www.youtube.com/watch?v=uP08OUoVj0o,2026-10-03T08:49:57+00:00
Donald J. Trump,共和党,候选人阵营,youtube,trump,UCAql2DyGU2un1Ei2nMYsqOA,CttOTWMxUJ8,2024-11-02T23:22:39+00:00,2024-11-02,streams,True,none,6020,"LIVE: President Trump in Salem, VA","Text TRUMP to 88022 to take the official Trump Supporter Survey.

Brand New MAGA Hats Released! Visit the Official Trump Store to claim the just released new MAGA Hats: https://www.donaldjtrump.com/store

Paid for by Trump National Committee JFC Inc., a joint fundraising committee composed of and authorized by Donald J. Trump for President 2024, Inc. and the Republican National Committee.",135026,12589,862,public,https://www.youtube.com/watch?v=CttOTWMxUJ8,2026-10-03T08:49:57+00:00
Donald J. Trump,共和党,候选人阵营,youtube,trump,UCAql2DyGU2un1Ei2nMYsqOA,pTjv3Oopp3c,2024-11-03T02:46:39+00:00,2024-11-02,streams,True,none,5304,"LIVE: President Trump in Greensboro, NC","Text TRUMP to 88022 to take the official Trump Supporter Survey.

Brand New MAGA Hats Released! Visit the Official Trump Store to claim the just released new MAGA Hats: https://www.donaldjtrump.com/store

Paid for by Trump National Committee JFC Inc., a joint fundraising committee composed of and authorized by Donald J. Trump for President 2024, Inc. and the Republican National Committee.",125226,9935,860,public,https://www.youtube.com/watch?v=pTjv3Oopp3c,2026-10-03T08:49:57+00:00
Donald J. Trump,共和党,候选人阵营,youtube,trump,UCAql2DyGU2un1Ei2nMYsqOA,y6kix1yofLE,2024-11-03T17:59:32+00:00,2024-11-03,streams,True,none,6152,"LIVE: President Trump in Lititz, PA","Text TRUMP to 88022 to take the official Trump Supporter Survey.

Brand New MAGA Hats Released! Visit the Official Trump Store to claim the just released new MAGA Hats: https://www.donaldjtrump.com/store

Paid for by Trump National Committee JFC Inc., a joint fundraising committee composed of and authorized by Donald J. Trump for President 2024, Inc. and the Republican National Committee.",154320,14792,1202,public,https://www.youtube.com/watch?v=y6kix1yofLE,2026-10-03T08:49:57+00:00
Donald J. Trump,共和党,候选人阵营,youtube,trump,UCAql2DyGU2un1Ei2nMYsqOA,-aaH3rY0aWo,2024-11-03T22:19:30+00:00,2024-11-03,streams,True,none,4657,"LIVE: President Trump in Kinston, NC","Text TRUMP to 88022 to take the official Trump Supporter Survey.

Brand New MAGA Hats Released! Visit the Official Trump Store to claim the just released new MAGA Hats: https://www.donaldjtrump.com/store

Paid for by Trump National Committee JFC Inc., a joint fundraising committee composed of and authorized by Donald J. Trump for President 2024, Inc. and the Republican National Committee.",118475,11431,657,public,https://www.youtube.com/watch?v=-aaH3rY0aWo,2026-10-03T08:49:57+00:00
Donald J. Trump,共和党,候选人阵营,youtube,trump,UCAql2DyGU2un1Ei2nMYsqOA,XSZS8idtKmI,2024-11-03T23:26:02+00:00,2024-11-03,videos,True,none,61,A Special Message from President Donald J. Trump,,608092,66983,8898,public,https://www.youtube.com/watch?v=XSZS8idtKmI,2026-10-03T08:49:57+00:00
Donald J. Trump,共和党,候选人阵营,youtube,trump,UCAql2DyGU2un1Ei2nMYsqOA,l39JueWGc1I,2024-11-04T02:40:12+00:00,2024-11-03,streams,True,none,5523,"LIVE: President Trump in Macon, GA","Text TRUMP to 88022 to take the official Trump Supporter Survey.

Brand New MAGA Hats Released! Visit the Official Trump Store to claim the just released new MAGA Hats: https://www.donaldjtrump.com/store

Paid for by Trump National Committee JFC Inc., a joint fundraising committee composed of and authorized by Donald J. Trump for President 2024, Inc. and the Republican National Committee.",137173,11546,729,public,https://www.youtube.com/watch?v=l39JueWGc1I,2026-10-03T08:49:57+00:00
Donald J. Trump,共和党,候选人阵营,youtube,trump,UCAql2DyGU2un1Ei2nMYsqOA,A3Wy6x3DohI,2024-11-04T14:27:08+00:00,2024-11-04,videos,False,none,139,Tomorrow.,WWW.SWAMPTHEVOTEUSA.COM,465831,49348,5566,public,https://www.youtube.com/watch?v=A3Wy6x3DohI,2026-10-03T08:49:57+00:00
Donald J. Trump,共和党,候选人阵营,youtube,trump,UCAql2DyGU2un1Ei2nMYsqOA,siwYQ7KASWY,2024-11-04T17:27:57+00:00,2024-11-04,streams,True,none,5502,"LIVE: President Trump in Raleigh, NC","Text TRUMP to 88022 to take the official Trump Supporter Survey.

Brand New MAGA Hats Released! Visit the Official Trump Store to claim the just released new MAGA Hats: https://www.donaldjtrump.com/store

Paid for by Trump National Committee JFC Inc., a joint fundraising committee composed of and authorized by Donald J. Trump for President 2024, Inc. and the Republican National Committee.",155006,15669,1060,public,https://www.youtube.com/watch?v=siwYQ7KASWY,2026-10-03T08:49:57+00:00
Donald J. Trump,共和党,候选人阵营,youtube,trump,UCAql2DyGU2un1Ei2nMYsqOA,knkdSsAlDhc,2024-11-04T21:34:46+00:00,2024-11-04,videos,False,none,147,Together.,,2363699,148451,19479,public,https://www.youtube.com/watch?v=knkdSsAlDhc,2026-10-03T08:49:57+00:00
Donald J. Trump,共和党,候选人阵营,youtube,trump,UCAql2DyGU2un1Ei2nMYsqOA,FrFp-g00BPw,2024-11-04T21:52:03+00:00,2024-11-04,streams,True,none,4936,"LIVE: President Trump in Reading, PA","Text TRUMP to 88022 to take the official Trump Supporter Survey.

Brand New MAGA Hats Released! Visit the Official Trump Store to claim the just released new MAGA Hats: https://www.donaldjtrump.com/store

Paid for by Trump National Committee JFC Inc., a joint fundraising committee composed of and authorized by Donald J. Trump for President 2024, Inc. and the Republican National Committee.",169304,13198,872,public,https://www.youtube.com/watch?v=FrFp-g00BPw,2026-10-03T08:49:57+00:00
Donald J. Trump,共和党,候选人阵营,youtube,trump,UCAql2DyGU2un1Ei2nMYsqOA,AtZRWrDJwRM,2024-11-05T02:41:54+00:00,2024-11-04,streams,True,none,6606,"LIVE: President Trump in Pittsburgh, PA","Text TRUMP to 88022 to take the official Trump Supporter Survey.

Brand New MAGA Hats Released! Visit the Official Trump Store to claim the just released new MAGA Hats: https://www.donaldjtrump.com/store

Paid for by Trump National Committee JFC Inc., a joint fundraising committee composed of and authorized by Donald J. Trump for President 2024, Inc. and the Republican National Committee.",255460,19982,1405,public,https://www.youtube.com/watch?v=AtZRWrDJwRM,2026-10-03T08:49:57+00:00
Donald J. Trump,共和党,候选人阵营,youtube,trump,UCAql2DyGU2un1Ei2nMYsqOA,Yoh0bEi8VFg,2024-11-05T07:18:44+00:00,2024-11-05,streams,True,none,7096,"LIVE: President Trump in Grand Rapids, MI","Text TRUMP to 88022 to take the official Trump Supporter Survey.

Brand New MAGA Hats Released! Visit the Official Trump Store to claim the just released new MAGA Hats: https://www.donaldjtrump.com/store

Paid for by Trump National Committee JFC Inc., a joint fundraising committee composed of and authorized by Donald J. Trump for President 2024, Inc. and the Republican National Committee.",516865,21912,3901,public,https://www.youtube.com/watch?v=Yoh0bEi8VFg,2026-10-03T08:49:57+00:00
